Date,STN_ID,year,actual_TA,catboost_TA,residual_lstm_TA,sequence_missing_cells,prediction_TA
20220824,90,2022,23.7,26.400602216498612,-0.8489228,0,27.26357163581629
20220824,93,2022,26.6,27.28337186476471,0.18494669,0,29.77985505478189
20220824,95,2022,26.9,28.18242975012599,-0.3175918,0,29.884902153729023
20220824,98,2022,26.5,27.28035281694591,0.08378454,0,29.616999820941523
20220824,99,2022,27.9,28.144804435235937,0.11540931,0,30.531418566673906
20220824,100,2022,17.7,23.406420829250674,-1.7252309,0,22.88482338240891
20220824,101,2022,27.4,27.73755511209391,0.60494673,0,30.89763837556785
20220824,102,2022,26.6,27.64530211882037,-0.0029797256,0,29.84486157846417
20220824,104,2022,22.1,26.54860061754426,-1.5138553,0,26.360976609442275
20220824,105,2022,23.8,26.338433057238472,-1.7065859,0,25.84629478646025
20220824,106,2022,23.4,25.738135841565413,-1.5219139,0,25.537779327665085
20220824,108,2022,27.1,27.61767557073838,-0.15909424,0,29.570574090927146
20220824,112,2022,26.0,27.253136527552343,-0.8369087,0,28.1350882106735
20220824,114,2022,24.9,27.887879001251683,-0.8707747,0,28.71632242293066
20220824,115,2022,22.5,23.77354445983434,-1.1215677,0,24.20573487863131
20220824,119,2022,27.0,27.766836533723133,0.7002155,0,31.07744447900364
20220824,121,2022,24.4,27.88679735647976,-1.0683093,0,28.40313607735498
20220824,127,2022,25.5,28.97743511292162,-0.89945966,0,29.76055627612815
20220824,129,2022,26.3,29.205699124197512,-0.027461007,0,31.366578158853038
20220824,130,2022,24.5,24.369151763800442,-0.9793535,0,25.026040679654372
20220824,131,2022,25.8,27.905510180073403,-0.29209632,0,29.648265425597288
20220824,133,2022,24.1,28.205907315528833,-0.41110516,0,29.760628595226684
20220824,135,2022,20.5,27.788641934111894,-0.8267327,0,28.686671701940313
20220824,136,2022,24.2,25.274198758251437,-0.5249718,0,26.64901076694747
20220824,137,2022,23.2,27.174172480983415,-0.89562196,0,27.96335721755039
20220824,138,2022,21.8,26.81730247667488,-0.61125433,0,28.05578805433492
20220824,140,2022,24.2,28.547364823363658,-0.8682619,0,29.37977848897345
20220824,143,2022,21.7,27.537664086024996,-0.34067088,0,29.203671515939902
20220824,146,2022,24.0,28.23027126456471,-0.70408577,0,29.32208317837015
20220824,152,2022,22.3,28.65031670338287,-0.76684266,0,29.642972721478316
20220824,155,2022,22.6,27.990513687740528,-0.35610265,0,29.632138934103644
20220824,156,2022,29.9,30.80647384699952,-0.34128612,0,32.471509199067896
20220824,159,2022,23.3,27.138180991709476,-0.08441108,0,29.20907891582199
20220824,162,2022,24.5,29.56074062882611,-0.5789741,0,30.850228933041016
20220824,165,2022,27.9,31.55965625921568,-0.47470105,0,33.01389603113536
20220824,168,2022,24.1,29.11106253268238,-0.16854759,0,31.04902477351466
20220824,169,2022,26.4,28.409352740069018,-0.13470124,0,30.400792211569367
20220824,170,2022,29.4,29.817044083980036,0.086211406,0,32.157525531067996
20220824,172,2022,29.0,30.433645633005764,-0.019514672,0,32.607079876612524
20220824,174,2022,26.5,28.827190029035382,-0.6489055,0,30.006186740366225
20220824,177,2022,25.3,28.146148702081987,-0.32970554,0,29.82948138071516
20220824,181,2022,24.4,28.24885461190931,-0.39094955,0,29.835421753280514
20220824,184,2022,30.5,31.339586531805544,-0.13345073,0,33.333001801912765
20220824,185,2022,27.4,28.90183808852551,0.17715041,0,31.38600316777866
20220824,188,2022,29.3,28.460841533191726,0.20823245,0,30.994116226340296
20220824,189,2022,28.7,27.40328180177424,0.11402014,0,29.78770104745167
20220824,192,2022,21.6,28.410675616273615,-0.5220842,0,29.790050043430497
20220824,201,2022,26.8,27.65843106027655,-0.5094783,0,29.057722818175307
20220824,202,2022,25.9,27.771925946522344,0.16455735,0,30.236193989819114
20220824,203,2022,26.3,28.707784607846243,-0.6780033,0,29.8408068023085
20220824,211,2022,25.8,28.15162809439606,0.36254668,0,30.928719278612036
20220824,212,2022,26.0,27.401060223947145,-0.41125798,0,28.95554003807645
20220824,216,2022,18.7,23.088316040477263,-1.8355063,0,22.392483480968416
20220824,217,2022,24.0,27.529338791128875,-1.2697208,0,27.727447364642337
20220824,221,2022,24.2,30.369878680377884,-1.4314531,0,30.31245019458425
20220824,226,2022,22.8,28.15003192620838,-0.44266367,0,29.654890754352884
20220824,232,2022,25.2,28.133033999025713,-0.055976167,0,30.24885908074888
20220824,235,2022,26.3,27.975506480396017,-0.2598291,0,29.769243922250922
20220824,236,2022,24.9,28.387306770559356,-0.59923023,0,29.644790433479784
20220824,238,2022,23.0,28.404755858914264,-0.746335,0,29.429813938233693
20220824,239,2022,24.8,28.806024585751306,-0.6597557,0,29.967877995118343
20220824,243,2022,26.1,30.25240919347816,-0.2749809,0,32.022206793347365
20220824,244,2022,23.9,27.604207974296948,-0.50254387,0,29.014456091105316
20220824,245,2022,27.6,29.987247283552293,-0.754083,0,31.000063604763582
20220824,247,2022,24.4,28.935691231622766,-0.6813294,0,30.063458159657024
20220824,248,2022,23.4,27.12485956814246,-0.8587954,0,27.97223025522709
20220824,252,2022,29.4,30.418107370242897,-0.23364274,0,32.253219263913884
20220824,253,2022,23.7,29.17889581014072,-1.0568917,0,29.713274382204595
20220824,254,2022,25.5,28.702795933435354,-0.5650887,0,30.014223230388986
20220824,255,2022,22.9,28.92386315063015,-0.6357001,0,30.123724408259974
20220824,257,2022,24.3,29.282428061529778,-0.6388911,0,30.477247548224547
20220824,258,2022,26.4,28.19485064985172,-0.111475736,0,30.22298641321599
20220824,259,2022,30.9,30.671844336059944,0.13544968,0,33.090122252925724
20220824,260,2022,27.5,30.218105980540695,0.1367183,0,32.63838832531633
20220824,261,2022,29.4,30.722414698399405,-0.119689524,0,32.73757267629557
20220824,262,2022,25.8,29.015536311780966,0.052944668,0,31.303456312738646
20220824,263,2022,21.8,27.79664414229346,-0.45835644,0,29.27670839307781
20220824,264,2022,22.5,27.80295650706811,-0.5874262,0,29.079090559898283
20220824,266,2022,24.3,28.336097109080953,-0.4415648,0,29.842692153770564
20220824,268,2022,27.9,30.076625990042064,-0.18032487,0,31.995980125691702
20220824,271,2022,21.8,24.71305165350758,-1.4179853,0,24.676902273854083
20220824,272,2022,22.4,26.939891073707482,-1.1456938,0,27.33396232899127
20220824,273,2022,23.1,27.482922922304944,-1.0527366,0,28.023866457232742
20220824,276,2022,23.9,25.95644460356338,-0.31914717,0,27.65645950170186
20220824,277,2022,23.0,25.207340485695923,-0.28548503,0,26.96054156561808
20220824,278,2022,25.0,28.294119467394363,-0.33252388,0,29.972999159310305
20220824,279,2022,23.3,27.960543683676132,-0.46991402,0,29.42234695957645
20220824,281,2022,20.9,27.495429371673637,-0.45458734,0,28.981448800003534
20220824,283,2022,22.5,27.822251660287908,-0.6483003,0,29.00220462800837
20220824,284,2022,20.9,27.356812314059702,-0.80761385,0,28.285049857719343
20220824,285,2022,21.7,27.72643299785211,-0.49811232,0,29.14368295692084
20220824,288,2022,23.1,28.487179330309612,-0.33036005,0,30.169477869548018
20220824,289,2022,21.9,27.849058829344546,-0.5772098,0,29.141334817761653
20220824,294,2022,23.3,29.101977905062448,-0.49100626,0,30.53045544801637
20220824,295,2022,22.9,28.96021839001218,-0.45761764,0,30.44144994412028
20220825,90,2022,23.5,24.26982114719051,-0.69049984,0,25.38309882265748
20220825,93,2022,22.5,25.37622676394619,-2.642375,0,23.405541702091305
20220825,95,2022,22.3,24.87933245572196,-2.243419,0,23.53899796931416
20220825,98,2022,22.3,24.974907932003962,-2.6186502,0,23.04170804528183
20220825,99,2022,23.2,25.88687493816132,-2.0406208,0,24.86696149419584
20220825,100,2022,19.1,20.848040109490793,-1.6251097,0,20.484634252958173
20220825,101,2022,23.4,25.62276829693416,-2.482126,0,23.905276646906366
20220825,102,2022,22.4,23.73677715595277,-1.6638914,0,23.31209611526564
20220825,104,2022,23.7,23.854636441648942,0.3180921,0,26.561489398020683
20220825,105,2022,26.9,24.651933558800515,0.09198778,0,27.00154167922927
20220825,106,2022,23.2,22.663473232492557,-0.463544,0,24.135341121019906
20220825,108,2022,22.5,25.03279450297513,-2.54681,0,23.213102268535714
20220825,112,2022,22.2,25.685918966930423,-2.180328,0,24.445268323181615
20220825,114,2022,23.3,24.64146320750772,-2.2959132,0,23.21818774686438
20220825,115,2022,25.0,23.290697442382942,1.8015748,0,28.341453093933666
20220825,119,2022,23.1,25.165099015882117,-1.6770957,0,24.719555312402782
20220825,121,2022,23.9,25.220759461908905,-2.008334,0,24.25185929213623
20220825,127,2022,24.4,27.111252446383382,-0.8705176,0,27.940102046298364
20220825,129,2022,24.1,25.516785095621355,0.0032939985,0,27.726257039404352
20220825,130,2022,23.7,24.13945735368818,0.3541305,0,26.903250980073345
20220825,131,2022,27.5,25.635991193503035,0.9653532,0,29.36551666121396
20220825,133,2022,28.5,28.53483953994766,-0.16391134,0,30.48012704469739
20220825,135,2022,26.5,26.160210357838615,1.63856,0,30.953402673493798
20220825,136,2022,27.4,27.438419376513522,1.0556769,0,31.310656363227366
20220825,137,2022,29.1,27.65777837366763,1.3105612,0,31.9327324643396
20220825,138,2022,29.1,31.440271736689933,-0.16186728,0,33.388788866962756
20220825,140,2022,26.2,26.68259333449252,0.54305625,0,29.744889634980467
20220825,143,2022,29.6,29.815121558694464,0.55092204,0,32.88984580193525
20220825,146,2022,27.5,29.941797667175972,-0.4604602,0,31.418537999379318
20220825,152,2022,28.9,29.986651021305896,0.4835629,0,32.95494780840617
20220825,155,2022,28.8,26.7522656838421,1.9302702,0,32.00636001804435
20220825,156,2022,29.1,31.163124866218507,0.010329815,0,33.38371339942105
20220825,159,2022,28.0,30.232954052647024,-0.10508019,0,32.271194782770976
20220825,162,2022,27.2,28.867154545159888,0.032552388,0,31.122854743603853
20220825,165,2022,26.9,30.601539499470096,0.1448107,0,33.03460784163647
20220825,168,2022,26.9,29.779273268110405,-0.3886451,0,31.369481416428172
20220825,169,2022,26.5,27.801238768992484,0.08074592,0,30.133084749534618
20220825,170,2022,29.9,30.17618729119259,-0.35751957,0,31.815573801403062
20220825,172,2022,28.0,31.264766115533703,-0.42303753,0,32.80063424581749
20220825,174,2022,28.4,30.332431466604547,-0.31915557,0,32.03243308602026
20220825,177,2022,25.1,24.995124755373013,0.77280277,0,28.420420558281386
20220825,181,2022,25.8,25.723967784687037,1.2643633,0,29.925929207207155
20220825,184,2022,30.4,30.82816582661225,0.27686733,0,33.46988363422033
20220825,185,2022,28.3,27.41239106067063,0.5520362,0,30.488875723518582
20220825,188,2022,29.7,30.20397641625152,0.011587674,0,32.426552366943355
20220825,189,2022,29.0,30.152118188510915,0.039111853,0,32.41818234178207
20220825,192,2022,28.4,30.801841189231105,-0.083462276,0,32.874238219929595
20220825,201,2022,23.9,25.47456388699155,-0.85752475,0,26.323942203947546
20220825,202,2022,22.3,25.384368819224104,-2.5804887,0,23.5114641280815
20220825,203,2022,23.8,25.145400704166267,-2.0172186,0,24.162462758400252
20220825,211,2022,21.8,24.862735668484472,-2.6670759,0,22.853023216149545
20220825,212,2022,22.1,25.370032896988327,-2.520829,0,23.59139056260384
20220825,216,2022,21.2,21.87694936478682,-1.5265738,0,21.6692302229034
20220825,217,2022,23.7,25.20375479433252,-1.8846786,0,24.430230028917762
20220825,221,2022,22.6,23.850140068488106,-1.7390149,0,23.3067640095095
20220825,226,2022,26.6,24.784252198557674,1.919544,0,30.0213991155007
20220825,232,2022,25.8,24.77676245666976,1.2206534,0,28.909662278027923
20220825,235,2022,25.2,25.41356739014072,1.6570271,0,30.23593767429795
20220825,236,2022,27.3,25.380311938336092,1.6479707,0,30.18837303317371
20220825,238,2022,27.1,25.365481532871335,2.2470427,0,31.120076355354833
20220825,239,2022,26.9,24.885820467384477,1.4391782,0,29.363989494312854
20220825,243,2022,27.6,29.467792279537868,-0.27320057,0,31.24040280260005
20220825,244,2022,26.1,27.786940747895727,0.9065016,0,31.42348068809124
20220825,245,2022,27.8,29.378211463565492,-0.24622594,0,31.193441907298663
20220825,247,2022,27.4,27.500367959605278,1.4878366,0,32.055417212668914
20220825,248,2022,25.9,26.027698102059016,1.1760547,0,30.090131979603854
20220825,252,2022,27.8,29.85081786304192,0.34427834,0,32.59904505933523
20220825,253,2022,28.9,29.216862797513194,1.0739874,0,33.118030259938855
20220825,254,2022,28.2,28.487515147918625,0.5132477,0,31.50271398479879
20220825,255,2022,29.5,31.735436835132198,0.09578515,0,34.091044795760894
20220825,257,2022,30.3,32.3458086237986,0.10434852,0,34.71494670825714
20220825,258,2022,28.1,29.922596194184763,-0.08931252,0,31.985749832982002
20220825,259,2022,29.7,29.782523355267053,0.13205782,0,32.195442130306205
20220825,260,2022,29.4,29.70572897211736,0.05813603,0,32.00185132723797
20220825,261,2022,28.2,29.18705772481528,0.91054595,0,32.82998774427067
20220825,262,2022,28.1,30.793788061743662,-0.4026941,0,32.36179880019319
20220825,263,2022,29.6,30.93280021668631,0.25813222,0,33.54491654929401
20220825,264,2022,29.2,30.189490149834793,-0.01725714,0,32.36649129616844
20220825,266,2022,29.1,28.95797807183383,-0.59612924,0,30.220361300927813
20220825,268,2022,27.2,29.856825998743858,0.8161025,0,33.35053538230829
20220825,271,2022,24.1,25.519216129085596,-0.98859245,0,26.16150749073268
20220825,272,2022,24.7,27.90437212039566,-1.4358661,0,27.83997108087201
20220825,273,2022,26.7,26.48234202534137,1.2570004,0,30.67267015661698
20220825,276,2022,27.1,28.93348555111327,-0.0060773008,0,31.128150842007614
20220825,277,2022,27.5,28.650543819940797,-0.54604363,0,29.992062303656283
20220825,278,2022,27.7,28.302504005003517,0.43466467,0,31.193541604405425
20220825,279,2022,28.2,30.552321722998173,0.037714746,0,32.81617844753085
20220825,281,2022,28.2,30.506774100875973,0.18304308,0,33.000249589555814
20220825,283,2022,30.2,30.123733160497725,0.32864225,0,32.84725534017803
20220825,284,2022,28.1,29.18331531962803,-0.17889328,0,31.104931358563647
20220825,285,2022,28.9,30.76606692754821,0.48460853,0,33.73601583261608
20220825,288,2022,29.2,31.074966311580113,0.54835224,0,34.14563027926624
20220825,289,2022,28.9,30.56734484541608,0.015860448,0,32.796671778809696
20220825,294,2022,27.5,28.764767609896982,0.31383234,0,31.46489013733462
20220825,295,2022,27.3,27.56225059527043,1.3722097,0,31.934609297053086
20220826,90,2022,26.9,27.62511967998112,0.49957007,0,30.618707819353425
20220826,93,2022,26.7,28.643275492431275,0.37852252,0,31.445608492691107
20220826,95,2022,27.9,29.176577522587124,-0.32061917,0,30.874266666559954
20220826,98,2022,26.6,28.87579615977135,-0.017606884,0,31.05224470876108
20220826,99,2022,26.6,28.910192710446413,-0.0037593916,0,31.108520297799835
20220826,100,2022,23.7,24.97387989068661,0.28322077,0,27.625636130177554
20220826,101,2022,28.2,30.46189580150731,-0.14534356,0,32.43652040753773
20220826,102,2022,25.2,25.447840815110222,0.021348704,0,27.685839192972033
20220826,104,2022,25.2,26.50030623511489,1.175379,0,30.56167254101971
20220826,105,2022,30.6,29.93197573859363,0.1294057,0,32.340704181935315
20220826,106,2022,26.0,28.30910232821983,0.005391974,0,30.521889073233858
20220826,108,2022,27.4,27.698335163938484,0.4125871,0,30.5544902178692
20220826,112,2022,26.3,29.408859974790182,-0.3057114,0,31.130103406911893
20220826,114,2022,26.3,29.13058624658524,-0.25596464,0,30.930429546527684
20220826,115,2022,26.4,27.01017974090197,0.41132396,0,29.864339031054
20220826,119,2022,27.4,30.65227236338983,-0.3799011,0,32.256296033901506
20220826,121,2022,26.0,28.689256410118073,0.29640454,0,31.36184301026003
20220826,127,2022,26.0,29.907385030551936,0.21292615,0,32.4480757726445
20220826,129,2022,27.6,28.059504675330817,0.72569764,0,31.410374367256296
20220826,130,2022,26.6,27.434655037900317,0.23712024,0,30.01357244465524
20220826,131,2022,27.6,30.270896329716308,-0.19840842,0,32.16167844453722
20220826,133,2022,28.0,31.02091548813128,-0.050155208,0,33.145937686348624
20220826,135,2022,25.8,28.97066503622283,-0.34070718,0,30.63661511335644
20220826,136,2022,28.2,31.41210327911605,-0.34973758,0,33.063785321553084
20220826,137,2022,28.3,30.899252709984616,0.20578529,0,33.42866089333799
20220826,138,2022,27.0,32.1806180116352,-0.13526006,0,34.17117454224714
20220826,140,2022,26.5,29.5544515965516,-0.11509131,0,31.576874754499094
20220826,143,2022,27.6,30.070600028415292,0.24211742,0,32.657412977851436
20220826,146,2022,26.1,30.70127446972422,0.4138828,0,33.55947670716857
20220826,152,2022,27.1,31.049535921913172,0.23766845,0,33.6293195063462
20220826,155,2022,27.7,30.041354239418922,-0.035841733,0,32.188991727026355
20220826,156,2022,28.6,31.851186933425964,-0.15395135,0,33.812211231455336
20220826,159,2022,27.9,29.816225623762225,-0.14653869,0,31.788961920075465
20220826,162,2022,27.9,28.98945840853655,-0.08554708,0,31.05856144486792
20220826,165,2022,27.3,31.26796046726512,-0.14804988,0,33.23830908912748
20220826,168,2022,26.7,29.812441393532083,-0.15108892,0,31.777988320941688
20220826,169,2022,26.0,27.654886688665584,0.042021174,0,29.925547569650682
20220826,170,2022,28.0,30.300552956142038,0.17930105,0,32.78811604642396
20220826,172,2022,27.2,30.562806792138176,0.40385592,0,33.40516657157281
20220826,174,2022,28.0,29.426724323531023,-0.23343323,0,31.262167243517702
20220826,177,2022,27.5,29.171748617320393,0.03207747,0,31.426698444323108
20220826,181,2022,26.8,29.930085832915903,-0.005706612,0,32.12533681201382
20220826,184,2022,28.1,27.944453735511633,0.15950115,0,30.400732978997993
20220826,185,2022,25.2,26.161255262215306,0.51649326,0,29.18158204046548
20220826,188,2022,26.2,28.070312592393233,0.19238065,0,30.578541448377877
20220826,189,2022,25.9,27.28636607432397,0.47254872,0,30.237260483103547
20220826,192,2022,28.6,31.14533420803988,-0.050829917,0,33.269290364966466
20220826,201,2022,26.3,27.81605764503708,-0.040235408,0,29.95675312704001
20220826,202,2022,26.2,28.905185569349676,-0.014521569,0,31.08650891639887
20220826,203,2022,27.3,29.090171432610706,0.5242517,0,32.122756543828636
20220826,211,2022,26.4,28.398100301628798,0.067949355,0,30.709727708064243
20220826,212,2022,26.8,28.79278019306706,0.048870675,0,31.07426328607768
20220826,216,2022,24.3,24.393435477627783,-0.22978128,0,26.234648473531706
20220826,217,2022,28.4,27.833318386775556,0.144499,0,30.265894239007963
20220826,221,2022,26.8,28.974288061576036,0.16244929,0,31.435225358579736
20220826,226,2022,26.0,29.02084610773617,-0.1773781,0,30.944856130870356
20220826,232,2022,27.3,29.646458869313655,-0.12766516,0,31.64901533930768
20220826,235,2022,26.8,29.12642098673856,-0.057570703,0,31.239726701571534
20220826,236,2022,27.5,29.8391556394668,-0.017648723,0,32.01553808325469
20220826,238,2022,26.7,29.606141229333073,-0.29286844,0,31.34767652751885
20220826,239,2022,26.4,29.230648504821986,0.7743086,0,32.658323553488415
20220826,243,2022,27.3,30.08475838332685,0.07942243,0,32.414513247559825
20220826,244,2022,26.3,29.397137452246056,-0.19689626,0,31.29030879541093
20220826,245,2022,27.8,29.927107735111345,0.11086092,0,32.30653541708118
20220826,247,2022,27.4,30.31089764287654,-0.19184206,0,32.21205460743414
20220826,248,2022,26.0,28.491427089552143,-0.3518747,0,30.139732475218466
20220826,252,2022,26.8,29.944671621548235,0.037579414,0,32.20831452097429
20220826,253,2022,29.4,32.025525454972254,0.10722558,0,34.3992093006286
20220826,254,2022,27.3,29.46527787373357,0.3607422,0,32.23951799374438
20220826,255,2022,29.3,32.13817568922425,0.0059149545,0,34.351788743375316
20220826,257,2022,30.7,31.465259685425888,0.024111262,0,33.707622904830835
20220826,258,2022,28.5,29.94868539412749,0.056514967,0,32.24224646844621
20220826,259,2022,29.6,31.560271784719184,0.05306346,0,33.84837947712698
20220826,260,2022,28.5,30.688641854004494,-0.02496294,0,32.85346783596641
20220826,261,2022,28.6,30.719399783997222,0.27169532,0,33.35294580911171
20220826,262,2022,27.6,30.68210467889153,-0.037223764,0,32.82755855823523
20220826,263,2022,29.0,30.846819043269484,0.031194897,0,33.100374407202466
20220826,264,2022,29.6,29.578362812410816,-0.10029052,0,31.62417121377414
20220826,266,2022,29.1,31.661529854097203,-0.24761347,0,33.47456799011972
20220826,268,2022,27.3,29.87988627024708,0.1698568,0,32.35252744291168
20220826,271,2022,25.5,27.567480251084095,-0.011352573,0,29.75381061248239
20220826,272,2022,27.1,29.182268893428027,0.24381563,0,31.771765015984194
20220826,273,2022,27.3,28.86494321060455,-0.15550482,0,30.82351301678021
20220826,276,2022,28.8,29.162427020777024,0.050039016,0,31.445756091690058
20220826,277,2022,27.0,28.67290347793676,0.06253806,0,30.975981034981224
20220826,278,2022,27.4,29.98358372256886,-0.12289442,0,31.993677963132207
20220826,279,2022,28.4,29.716919331260208,0.39834386,0,32.55057005789371
20220826,281,2022,27.5,30.216436688474513,-0.123898655,0,32.22494423938685
20220826,283,2022,29.8,30.723151804997173,0.054117147,0,33.01292432315735
20220826,284,2022,27.3,29.587300775497404,-0.25780463,0,31.384236882732793
20220826,285,2022,28.0,30.000093111002638,-0.045183226,0,32.13297103927675
20220826,288,2022,29.2,31.098741769582524,0.36505252,0,33.87979217921468
20220826,289,2022,28.8,29.779823310896354,-0.2567538,0,31.57841972935382
20220826,294,2022,27.4,31.368347005271538,-0.13157333,0,33.36472856311089
20220826,295,2022,28.1,29.686566547971218,-0.061773196,0,31.793232324598712
20220827,90,2022,23.7,25.76284314118635,0.6082452,0,28.92813797373111
20220827,93,2022,25.0,26.881103194372272,0.06760167,0,29.192181264284898
20220827,95,2022,23.2,25.87319134525075,0.019853022,0,28.108826546021675
20220827,98,2022,24.4,27.002299975255678,-0.079712644,0,29.0806214234797
20220827,99,2022,24.0,26.37299442499037,0.034003112,0,28.63098676877597
20220827,100,2022,22.0,23.03912256485621,0.014780207,0,25.266742717384034
20220827,101,2022,25.6,29.08714665913417,-0.124170825,0,31.095224181905962
20220827,102,2022,22.1,24.27336783981851,0.10264962,0,26.639821668140634
20220827,104,2022,23.5,25.69070976540797,0.25370646,0,28.29583339076317
20220827,105,2022,26.0,26.763188868421576,0.21930033,0,29.313950815414884
20220827,106,2022,23.2,26.007816108716423,0.12940115,0,28.41653734764469
20220827,108,2022,24.4,29.18325859490444,-0.2298808,0,31.02431436508033
20220827,112,2022,23.7,27.584815551209836,-0.14094152,0,29.566395382707938
20220827,114,2022,23.6,28.829993810072327,-0.25095886,0,30.637746237488606
20220827,115,2022,22.2,25.550354440567382,0.5526114,0,28.627747895434226
20220827,119,2022,25.0,29.433101788512694,-0.2687568,0,31.212733459779685
20220827,121,2022,25.2,27.847561135683645,-0.11577046,0,29.86891123627764
20220827,127,2022,25.2,29.178410344260243,-0.21815209,0,31.037997466717705
20220827,129,2022,23.9,25.995348672571215,0.16033815,0,28.452950373251902
20220827,130,2022,23.8,25.841552088685464,0.39601904,0,28.67152960040655
20220827,131,2022,25.8,29.07090716618265,-0.26944524,0,30.849451112287134
20220827,133,2022,25.4,29.88810584349202,-0.37014592,0,31.507542720819416
20220827,135,2022,23.7,27.180263827395148,-0.13834159,0,29.165951540081643
20220827,136,2022,26.2,29.42479400546207,-0.20663539,0,31.302577522065015
20220827,137,2022,26.5,29.15729192835421,-0.030725762,0,31.31301265009298
20220827,138,2022,27.5,26.89042622104991,-0.74581057,0,27.91631294917496
20220827,140,2022,25.8,25.975103362224857,1.1228356,0,29.95345109341502
20220827,143,2022,27.4,28.28978169352229,-0.9290675,0,29.02612248148659
20220827,146,2022,25.4,24.654357539214487,1.7558292,0,29.63283512508375
20220827,152,2022,27.4,29.259779678307943,-0.9429236,0,29.974227807800183
20220827,155,2022,28.9,29.20669085380039,-0.6820825,0,30.333267970604943
20220827,156,2022,25.8,25.534338623125866,1.1962603,0,29.628697375453264
20220827,159,2022,28.8,28.610696369069323,-0.725722,0,29.66832301161164
20220827,162,2022,27.6,28.19084278837599,0.06399202,0,30.49621761154613
20220827,165,2022,25.3,29.904978276909656,-1.4520437,0,29.81501673199584
20220827,168,2022,28.4,27.988059301613376,0.34766752,0,30.74164140184307
20220827,169,2022,24.5,26.608315415075943,-0.09348719,0,28.66487308377898
20220827,170,2022,28.8,29.18287450611287,-0.37324488,0,30.797415019228232
20220827,172,2022,25.3,26.292765570646733,1.857339,0,31.431628655516548
20220827,174,2022,25.5,25.945542934439278,-0.5870554,0,27.222262852051784
20220827,177,2022,24.5,27.696696640277985,-0.105503395,0,29.734268701953013
20220827,181,2022,24.1,27.906049535205977,-0.056918085,0,30.02038638759479
20220827,184,2022,30.0,30.898333878070755,-0.3059225,0,32.619243741142625
20220827,185,2022,26.8,28.974627230622772,-0.1476464,0,30.94561334889694
20220827,188,2022,28.8,29.33152539434071,-0.16594855,0,31.273594103731305
20220827,189,2022,28.4,29.441218424473238,-0.17706817,0,31.365718135825063
20220827,192,2022,27.6,29.76193621651541,-0.9853268,0,30.409387256621663
20220827,201,2022,23.9,25.85027751234818,-0.019265532,0,28.024105397098978
20220827,202,2022,24.7,26.80279335594315,0.05023758,0,29.086436160225297
20220827,203,2022,25.4,28.662254349918506,-0.19433904,0,30.55946609764156
20220827,211,2022,24.1,25.94278015096083,0.19434343,0,28.454110200850344
20220827,212,2022,24.4,26.56430070702588,0.047640517,0,28.84384015053589
20220827,216,2022,24.1,25.155917137582133,0.14051628,0,27.58220028785493
20220827,217,2022,25.6,26.282926399816848,0.070922405,0,28.59925122506123
20220827,221,2022,24.7,28.98519469378675,-0.31105965,0,30.6979878669382
20220827,226,2022,24.6,27.72260642613303,-0.1447016,0,29.69824532410557
20220827,232,2022,24.7,27.710659992280757,-0.13562955,0,29.700632729967822
20220827,235,2022,25.5,27.085174128296458,0.0011297874,0,29.291226618503252
20220827,236,2022,25.5,27.889083650286313,-0.057831272,0,30.00197766585405
20220827,238,2022,24.7,26.798537867562874,0.1816442,0,29.28980313167387
20220827,239,2022,24.8,29.267710039746497,-0.28369528,0,31.02373892256515
20220827,243,2022,24.8,25.91407939191402,1.4089754,0,30.344527891193472
20220827,244,2022,24.5,26.08909536745545,0.31968826,0,28.79847024522344
20220827,245,2022,24.9,25.79055149065769,0.70375896,0,29.106758065651256
20220827,247,2022,25.6,23.92073719022407,2.2696388,0,29.711033883625838
20220827,248,2022,23.6,25.536430974322254,-0.10978304,0,27.567241199587713
20220827,252,2022,24.7,25.14209976279133,2.1508632,0,30.744730998467574
20220827,253,2022,28.5,30.305481365037124,-0.81321174,0,31.22487424340784
20220827,254,2022,25.3,25.87142841197274,0.74288994,0,29.24946194443052
20220827,255,2022,28.5,30.790677332406467,-1.0202171,0,31.383001802049534
20220827,257,2022,30.1,30.254402999554344,-0.5777224,0,31.54586908005824
20220827,258,2022,27.9,26.82534392064482,-0.06317103,0,28.9298011207719
20220827,259,2022,28.2,30.428434857751796,-0.30601102,0,32.14920487044563
20220827,260,2022,27.8,29.321150453562467,-0.4356683,0,30.837061981988114
20220827,261,2022,27.7,29.816567266771916,-0.08962419,0,31.879228474494774
20220827,262,2022,27.0,29.248058177531515,-0.012307294,0,31.432880079555503
20220827,263,2022,28.5,30.522076807586558,-0.76793844,0,31.51300150625452
20220827,264,2022,26.0,24.621489575125203,0.6597746,0,27.868200871521893
20220827,266,2022,28.4,28.39558950524881,-0.72425467,0,29.455534556280355
20220827,268,2022,24.8,28.078300574943682,0.34589553,0,30.829082936527826
20220827,271,2022,25.2,26.011846315595612,0.026548648,0,28.258060605926154
20220827,272,2022,24.9,27.984744175037914,-0.15774208,0,29.939779109873783
20220827,273,2022,25.0,27.327561375105883,-0.054524392,0,29.44568026201103
20220827,276,2022,27.0,27.645776286358412,-0.028991785,0,29.80423669230641
20220827,277,2022,25.5,26.134783221243218,0.7082445,0,29.458076961354045
20220827,278,2022,26.9,26.50424042819442,0.2982188,0,29.179693537297105
20220827,279,2022,26.4,27.557107674800587,-0.021416664,0,29.727536771576077
20220827,281,2022,27.1,27.311013969097687,-0.6781556,0,28.443795545569444
20220827,283,2022,27.5,26.38053479774896,-0.8605881,0,27.22507306734549
20220827,284,2022,26.5,27.32058127342862,-0.020255223,0,29.492845447311055
20220827,285,2022,26.6,27.47537617925257,-0.3683136,0,29.097708100668328
20220827,288,2022,27.2,27.62852064110986,-0.3444155,0,29.288611599543444
20220827,289,2022,27.7,25.228240666778824,0.08856438,0,27.57243981485484
20220827,294,2022,27.9,28.580685894891097,-0.29068226,0,30.325675356151372
20220827,295,2022,28.1,26.775579616745304,0.8195534,0,30.274741375721717
20220828,90,2022,24.7,26.74371939097316,0.72056806,0,30.086484353246234
20220828,93,2022,26.3,28.927678365562944,0.2078518,0,31.46035163145445
20220828,95,2022,25.2,28.08936428502847,0.10001457,0,30.451654727571928
20220828,98,2022,26.7,28.410066251268727,-0.0241177,0,30.576227710165554
20220828,99,2022,26.0,27.69930636865954,0.36469352,0,30.479789560226436
20220828,100,2022,20.2,23.935640226535725,0.5150966,0,26.953760288248418
20220828,101,2022,26.7,30.2718564895921,-0.1863304,0,32.18172189481113
20220828,102,2022,23.7,24.54763378188514,0.88553923,0,28.151053197197385
20220828,104,2022,23.9,27.21701646727944,0.4397096,0,30.11602506735273
20220828,105,2022,26.8,28.13050553066762,0.44556773,0,31.0387699655588
20220828,106,2022,23.5,26.709389131097957,0.31783843,0,29.415841277227997
20220828,108,2022,26.7,29.858944966155732,-0.4253549,0,31.391151653444446
20220828,112,2022,26.6,28.982494864945345,-0.46676326,0,30.449276343427066
20220828,114,2022,25.6,27.02017842049721,1.8130362,0,32.089043047935235
20220828,115,2022,23.5,25.683759750117332,0.7276092,0,29.037649739331705
20220828,119,2022,27.1,30.14565044761202,-0.5787194,0,31.435541257224727
20220828,121,2022,25.7,28.14212910424366,0.24571282,0,30.734622780744417
20220828,127,2022,26.6,29.588328226010187,0.18199272,0,32.08014415687066
20220828,129,2022,27.2,28.849444106415223,-0.32159883,0,30.545585384520436
20220828,130,2022,25.0,26.227350530388833,0.49841166,0,29.219108372052624
20220828,131,2022,27.5,29.70367769127843,-0.4098392,0,31.260399160995888
20220828,133,2022,27.4,29.98656041170925,-0.6621816,0,31.144580884789363
20220828,135,2022,24.5,28.48862254712125,-0.13882756,0,30.47354242472712
20220828,136,2022,27.0,29.888800299454157,0.059862718,0,32.187650819962876
20220828,137,2022,26.7,30.05838798435406,0.18812066,0,32.55988605824708
20220828,138,2022,24.8,30.200783972921833,0.14001545,0,32.62627581491083
20220828,140,2022,26.8,27.09939207218411,-0.49012208,0,28.529266612112977
20220828,143,2022,26.6,30.18246805055661,-0.08714997,0,32.24903852367845
20220828,146,2022,27.6,29.792658668436275,-1.5193192,0,29.5964017953822
20220828,152,2022,25.1,30.613820491381304,0.36556607,0,33.395682315732095
20220828,155,2022,27.3,26.932701136817336,1.8017712,0,31.983767001933884
20220828,156,2022,27.6,28.547188736935105,0.39559186,0,31.376491294003408
20220828,159,2022,25.9,28.10922310022911,0.43371266,0,30.998756531120577
20220828,162,2022,27.1,28.059683714750715,0.81293297,0,31.548385230502035
20220828,165,2022,25.5,27.789066551724385,0.30007243,0,30.467448419686697
20220828,168,2022,25.0,28.230878831951856,0.13588747,0,30.649848466680716
20220828,169,2022,22.5,25.602503242471325,1.4030845,0,30.023644204671925
20220828,170,2022,25.3,28.582654268222214,-0.20321254,0,30.465845874284106
20220828,172,2022,27.5,28.390432980697668,-0.6394963,0,29.584296211002815
20220828,174,2022,25.1,26.912448060899344,1.6564871,0,31.733965116487546
20220828,177,2022,26.8,28.61539176875368,-0.31758928,0,30.317868127720935
20220828,181,2022,26.2,29.204082992996746,-0.11037454,0,31.23395864574433
20220828,184,2022,27.0,29.544235110996397,0.033632334,0,31.801641625315412
20220828,185,2022,26.4,29.06509492481764,-0.03396769,0,31.215693402794393
20220828,188,2022,28.0,29.80006493209907,-0.29767954,0,31.53399867946736
20220828,189,2022,27.7,29.603230515488498,-0.19487387,0,31.499597227897
20220828,192,2022,26.8,28.144164660590306,2.203594,0,33.83011055824622
20220828,201,2022,25.5,27.118165447647986,-0.17309037,0,29.048950091493978
20220828,202,2022,25.6,27.056110038334605,1.4576488,0,31.56346249593468
20220828,203,2022,27.1,29.7626997003405,-0.21290268,0,31.63058089196891
20220828,211,2022,26.3,27.631983601341034,0.32836163,0,30.355062403526524
20220828,212,2022,26.6,28.249545050051033,0.16782351,0,30.718973619385018
20220828,216,2022,21.7,24.9586616871265,0.7598997,0,28.363570601054008
20220828,217,2022,27.5,27.39998240315804,0.32883298,0,30.123805943922328
20220828,221,2022,25.4,29.72867444634984,0.012559494,0,31.95278587296628
20220828,226,2022,25.0,28.83817777010183,-0.07818978,0,30.9189053393712
20220828,232,2022,26.5,29.16945876543822,-0.100556135,0,31.214847497948263
20220828,235,2022,26.6,28.062572506813922,-0.13999109,0,30.045654011175984
20220828,236,2022,26.9,28.59356252256473,-0.32471752,0,30.284776264420785
20220828,238,2022,27.0,29.026900678154067,-0.5060141,0,30.431665812565356
20220828,239,2022,26.7,29.316897808026155,-0.5026401,0,30.726993831662448
20220828,243,2022,27.4,29.354147506381207,-1.623027,0,28.99403232453502
20220828,244,2022,25.1,28.391376923173297,-1.2763795,0,28.57896479289419
20220828,245,2022,28.1,29.493984237944893,-1.2511351,0,29.721458188884505
20220828,247,2022,26.1,27.706911737304882,0.13799028,0,30.12920380735317
20220828,248,2022,24.4,27.656345404204444,-1.4062102,0,27.6388007394214
20220828,252,2022,26.7,27.44372917304694,-1.0801674,0,27.941332086980168
20220828,253,2022,26.3,27.700763273418577,1.6296736,0,32.47991498782025
20220828,254,2022,27.3,28.79660366886959,-0.88626206,0,29.600577041405728
20220828,255,2022,27.9,27.73734642557662,1.5772943,0,32.43373892414654
20220828,257,2022,27.8,28.349357167735967,1.4461777,0,32.838585393043864
20220828,258,2022,25.5,26.580602927671706,1.7369046,0,31.52917965513872
20220828,259,2022,25.1,26.32118121519941,0.56361014,0,29.415952656974213
20220828,260,2022,24.8,26.110714015717537,0.8711768,0,29.691440753055083
20220828,261,2022,24.4,26.058821780484234,1.1198757,0,30.032492764352313
20220828,262,2022,24.7,26.903890123168086,0.841409,0,30.437583812829544
20220828,263,2022,26.7,26.768544644390367,2.0927324,0,32.27932930909798
20220828,264,2022,26.3,27.15248719982404,0.11589465,0,29.53986817750158
20220828,266,2022,26.9,28.677743642454818,-0.0026987046,0,30.87774711527696
20220828,268,2022,24.7,26.190165244839665,1.1230237,0,30.168810193398905
20220828,271,2022,24.8,26.99898361503284,0.45265913,0,29.91845246667588
20220828,272,2022,25.5,28.985599897595634,0.17268546,0,31.46271034931106
20220828,273,2022,26.0,28.013319737521353,0.18696126,0,30.51298595981278
20220828,276,2022,25.9,27.588239946592275,0.61027473,0,30.756741449421305
20220828,277,2022,25.2,27.51800670061214,0.45601362,0,30.44277564614442
20220828,278,2022,28.1,29.414836596806904,0.23872878,0,31.99629548988471
20220828,279,2022,26.6,30.183749609008657,-0.099830925,0,32.23028417286521
20220828,281,2022,25.8,29.034142112483813,0.16972868,0,31.50658085525778
20220828,283,2022,27.0,28.491716217143875,1.1582873,0,32.526077556312856
20220828,284,2022,25.2,28.311052403855186,-0.77606845,0,29.289131680493647
20220828,285,2022,26.5,28.043056221031325,-0.25712943,0,29.841059146504016
20220828,288,2022,28.1,31.869207772375123,-0.24689193,0,33.68338594796082
20220828,289,2022,26.3,27.360661139401394,0.3953498,0,30.189581250419053
20220828,294,2022,26.0,27.58880432175502,1.0671215,0,31.479123726910636
20220828,295,2022,26.5,28.749927227111066,-0.24514483,0,30.566865823138393
20220829,90,2022,22.4,24.57652762078378,0.7597518,0,27.981202885695865
20220829,93,2022,20.6,25.523884867399698,-1.6292939,0,25.15386790208717
20220829,95,2022,20.4,25.357234276731177,-2.206659,0,24.07498035863697
20220829,98,2022,20.4,25.180079448899175,-1.6975977,0,24.702142442502357
20220829,99,2022,21.7,25.582001386368756,-1.6926125,0,25.111941016953907
20220829,100,2022,16.6,21.3342890357547,-0.4802897,0,22.77969873956296
20220829,101,2022,21.2,25.22324303360507,-1.4441657,0,25.145728643213197
20220829,102,2022,17.1,24.167955831783686,-1.7172621,0,23.658949062680115
20220829,104,2022,21.3,24.11944782049468,-0.63289094,0,25.323747561839568
20220829,105,2022,23.0,25.165010713776173,-0.22412522,0,27.015160290099637
20220829,106,2022,22.0,23.68889726620163,-0.1742629,0,25.617829316327658
20220829,108,2022,21.5,25.01164579386272,-1.2495295,0,25.241656640077444
20220829,112,2022,21.3,25.882684370203364,-2.1653526,0,24.665694715262234
20220829,114,2022,19.4,25.001435139302426,-1.890589,0,24.218571947297697
20220829,115,2022,23.7,22.95755674510557,1.3184284,0,27.24494103873851
20220829,119,2022,21.3,25.51458939767962,-1.1552497,0,25.89356227430511
20220829,121,2022,19.3,24.831723162150574,-1.9903418,0,23.89125057178083
20220829,127,2022,20.2,25.377210718404843,-2.35503,0,23.860530649988682
20220829,129,2022,20.9,25.67454691613002,-2.1417437,0,24.49485935946312
20220829,130,2022,23.7,23.830655933733887,0.1774222,0,26.31525042898788
20220829,131,2022,21.2,25.752954641408262,-2.4177005,0,24.137255231523284
20220829,133,2022,19.5,26.200588757825226,-2.4157443,0,24.587980182557864
20220829,135,2022,18.7,24.97750818774045,-2.025521,0,23.98145237068995
20220829,136,2022,20.6,25.653135325531654,-1.9359089,0,24.79866666811479
20220829,137,2022,19.2,25.193792427309393,-2.104451,0,24.073027366484474
20220829,138,2022,24.7,24.867576916956867,-1.0976772,0,25.337514318328303
20220829,140,2022,20.4,25.890041664308487,-1.5747772,0,25.606161042475115
20220829,143,2022,23.9,25.372872674724704,-1.1130095,0,25.818585165360055
20220829,146,2022,22.1,26.226351579250828,-1.4115663,0,26.200344318528145
20220829,152,2022,24.7,25.715641005701368,1.1483848,0,29.734356430792587
20220829,155,2022,25.3,25.303064976338845,2.2776568,0,31.106030136308604
20220829,156,2022,22.4,25.9090367804963,-1.4885418,0,25.761408097005976
20220829,159,2022,28.4,25.986240335973395,1.2931868,0,30.2337428804532
20220829,162,2022,26.9,25.863716666867735,2.0399163,0,31.291051810510595
20220829,165,2022,25.0,25.136921023480923,0.1756803,0,27.6187633150916
20220829,168,2022,24.8,26.197258866202635,2.2472959,0,31.95225374552512
20220829,169,2022,23.4,25.564425390952078,-1.6897777,0,25.098844000647944
20220829,170,2022,26.5,24.358446614090006,1.9869475,0,29.70209114780092
20220829,172,2022,23.3,26.08038945278837,-1.2729883,0,26.273335334231824
20220829,174,2022,24.1,25.515180098003494,-0.25795335,0,27.31188123776871
20220829,177,2022,20.2,26.02922272029504,-2.583274,0,24.151917403923555
20220829,181,2022,20.2,25.81333986432702,-2.3176136,0,24.35577779975607
20220829,184,2022,27.1,27.789739911426313,1.4403661,0,32.26978585285588
20220829,185,2022,27.9,27.795386757059052,0.20010209,0,30.315815486669926
20220829,188,2022,27.7,29.35005947656486,0.12580368,0,31.753096715835497
20220829,189,2022,27.7,28.427070314403693,1.2166865,0,32.553702390267006
20220829,192,2022,24.4,25.585256687314647,0.62261003,0,28.773247964847656
20220829,201,2022,21.9,25.80904393533619,-2.8421824,0,23.522663172835863
20220829,202,2022,20.5,24.96965864581322,-1.6392201,0,24.583958284638115
20220829,203,2022,20.0,25.58791453357588,-1.9061952,0,24.7803936009782
20220829,211,2022,20.9,25.133697226039686,-0.73633033,0,26.174562730142824
20220829,212,2022,20.1,25.29961051449982,-1.2527455,0,25.52454003613721
20220829,216,2022,17.7,22.562691274049,-0.5383904,0,23.916301871259364
20220829,217,2022,19.5,24.89178133224673,-1.4303432,0,24.836106579611204
20220829,221,2022,18.9,24.63907037260563,-2.4897723,0,22.909497533422254
20220829,226,2022,18.5,25.834242174294065,-2.5210257,0,24.055289061291717
20220829,232,2022,20.6,25.7130200429246,-2.481734,0,23.996147689924392
20220829,235,2022,20.2,25.318753541337706,-2.229652,0,24.000170921270538
20220829,236,2022,19.2,26.197412140649742,-1.9139612,0,25.377620914816283
20220829,238,2022,20.1,25.0590242064105,-1.8238459,0,24.38161516842036
20220829,239,2022,18.9,25.482230292453604,-2.4338307,0,23.841045152397427
20220829,243,2022,22.5,26.353297595185413,-1.592547,0,26.041340667962636
20220829,244,2022,21.1,24.719865869257116,-1.4680336,0,24.604640282919505
20220829,245,2022,23.1,27.082839423747497,-1.5963597,0,26.764858476806552
20220829,247,2022,22.7,24.447068572299173,-1.5616909,0,24.18386433443797
20220829,248,2022,20.5,24.960396813451307,-1.3730153,0,24.995300089971515
20220829,252,2022,23.0,26.694766166861246,-1.1750443,0,27.04246360184016
20220829,253,2022,27.1,25.33635194470555,1.7394581,0,30.288963143684406
20220829,254,2022,22.9,26.06235219620723,-1.9898769,0,25.122614173479697
20220829,255,2022,25.8,25.721876121210617,2.3335156,0,31.6130982649374
20220829,257,2022,28.2,25.377835262187602,2.4845011,0,31.507614463295056
20220829,258,2022,26.8,27.24669124478179,-0.07588929,0,29.33105359365345
20220829,259,2022,27.1,26.271185082901596,0.89917904,0,29.896155394381594
20220829,260,2022,26.6,26.889603777486087,0.7606604,0,30.295714651262003
20220829,261,2022,27.0,25.878347276708283,0.5754594,0,28.991840587474933
20220829,262,2022,25.5,26.62042145992739,0.66708577,0,29.87868439754989
20220829,263,2022,24.5,26.42173990630492,1.5349454,0,31.051221015047112
20220829,264,2022,23.1,24.712079973082545,-1.0785702,0,25.212206409392792
20220829,266,2022,25.2,26.051795105172083,0.7312292,0,29.411404645234462
20220829,268,2022,26.8,25.105214759190535,1.1202539,0,29.079483379758287
20220829,271,2022,20.2,22.9049571567838,-1.2409436,0,23.148533772194085
20220829,272,2022,19.5,24.768291147928995,-1.7664456,0,24.181574467955826
20220829,273,2022,19.7,25.27519099106213,-2.2624147,0,23.90484320089761
20220829,276,2022,21.8,25.329277415581814,-0.9892315,0,25.97055902924687
20220829,277,2022,22.8,25.031895563814587,-0.87746054,0,25.84977533774652
20220829,278,2022,20.7,25.719020850882224,-1.3034761,0,25.863796046557553
20220829,279,2022,20.7,25.388515978822632,-1.6991771,0,24.908083514299747
20220829,281,2022,23.0,24.31435877877315,-0.43887025,0,25.825211208001413
20220829,283,2022,24.6,25.49357782112564,0.44542295,0,28.401613504119005
20220829,284,2022,21.4,24.812869907701515,-0.9125274,0,25.575344069641567
20220829,285,2022,23.2,25.586207491322767,-0.1316211,0,27.582513591171946
20220829,288,2022,25.8,26.495667979342148,1.8828707,0,31.674871070563434
20220829,289,2022,22.8,25.245007031481517,-0.44029593,0,26.753606880782336
20220829,294,2022,26.4,28.709268421363696,1.1266127,0,32.693583855419455
20220829,295,2022,25.0,25.232129749267944,1.9776807,0,30.561132654713475
20220830,90,2022,19.2,24.58962926950063,-1.9297384,0,23.744910019852014
20220830,93,2022,18.8,25.154912317378052,-2.4864519,0,23.43058579796549
20220830,95,2022,18.6,24.052168246557432,-2.930651,0,21.626007172472626
20220830,98,2022,19.0,23.632414526320193,-2.0575616,0,22.585734567576573
20220830,99,2022,18.5,24.457315877362653,-2.1365612,0,23.285816678048967
20220830,100,2022,16.7,20.889814048596065,-1.3960378,0,20.888341723824617
20220830,101,2022,19.2,24.655374708223853,-2.6056466,0,22.742720490103707
20220830,102,2022,19.9,23.001292584768585,-2.8301215,0,20.733968013712648
20220830,104,2022,19.1,23.28064802850217,-1.2262534,0,23.547435097899573
20220830,105,2022,21.0,24.46022217739538,-1.4209079,0,24.41945519253253
20220830,106,2022,19.4,23.34594202581723,-2.1652935,0,22.129045792812136
20220830,108,2022,19.3,24.642416722675073,-2.7648184,0,22.478271029449644
20220830,112,2022,19.4,24.309936666968547,-2.851037,0,22.009565592845597
20220830,114,2022,19.2,24.591756336883737,-2.1501954,0,23.398715093884135
20220830,115,2022,18.9,23.674222231444364,-1.186186,0,24.004315847053014
20220830,119,2022,19.9,25.367101103129766,-2.555476,0,23.533716527839516
20220830,121,2022,18.7,24.65202440522178,-2.6106493,0,22.731465862570083
20220830,127,2022,19.1,25.746823536319756,-2.5163445,0,23.975266577721094
20220830,129,2022,19.8,25.671618674262604,-2.881447,0,23.323199719013246
20220830,130,2022,19.8,24.58749189292861,-1.7246256,0,24.066850890827148
20220830,131,2022,19.8,25.71088459604959,-2.1388836,0,24.535715948837037
20220830,133,2022,20.0,25.63676880415084,-2.1710744,0,24.410738693391536
20220830,135,2022,18.7,24.90094995506006,-2.330808,0,23.42254086080314
20220830,136,2022,20.2,24.43994888419872,-1.0289217,0,25.018519987371455
20220830,137,2022,19.5,25.829894497271066,-2.377185,0,24.278209455443346
20220830,138,2022,20.7,26.16131673901457,-1.3460549,0,26.23881740475597
20220830,140,2022,19.9,26.050651132324173,-1.7947625,0,25.41919382077065
20220830,143,2022,20.5,26.978219446418503,-1.6088144,0,26.640560185745414
20220830,146,2022,23.6,25.441065143286583,-1.5321622,0,25.2245163099931
20220830,152,2022,21.3,24.619576899722365,-1.3963671,0,24.617584350379687
20220830,155,2022,21.2,28.19313984601301,-2.1741726,0,26.962214501145738
20220830,156,2022,26.7,25.286952693914376,-0.87733775,0,26.105026469044127
20220830,159,2022,24.7,26.771988730452534,-1.7241724,0,26.252063837626885
20220830,162,2022,25.6,25.349540536645243,-1.1189642,0,25.7858445342386
20220830,165,2022,28.5,24.866442485088232,1.212189,0,28.985968466591196
20220830,168,2022,21.6,25.97781644133494,-1.6519816,0,25.571952951783828
20220830,169,2022,24.3,24.27281495472256,-1.9839133,0,23.342499362987148
20220830,170,2022,26.8,26.671590852071464,0.5535475,0,29.750463330633295
20220830,172,2022,26.7,25.323865313663255,-1.2816808,0,25.50307704040548
20220830,174,2022,22.7,25.589936712288797,-2.2441056,0,24.248517325978654
20220830,177,2022,19.8,25.153744151924535,-2.615361,0,23.22574123709571
20220830,181,2022,19.0,25.35608667392385,-2.2205036,0,24.051958461548644
20220830,184,2022,30.1,28.032750042695735,0.23516881,0,30.608584195947813
20220830,185,2022,29.7,24.586365964838162,2.6225636,0,30.934283879782292
20220830,188,2022,31.9,29.937157518139834,-0.23556127,0,31.769238143094967
20220830,189,2022,29.5,29.397968216334508,-0.10970141,0,31.428907414726375
20220830,192,2022,21.1,27.465283432002387,-1.9988741,0,26.511329830241955
20220830,201,2022,19.2,24.38825063470181,-1.609766,0,24.04908777057031
20220830,202,2022,18.9,25.225425124194796,-2.5649354,0,23.377094545944345
20220830,203,2022,19.2,24.9872458024129,-2.3571105,0,23.467278637973173
20220830,211,2022,18.0,24.089363875777334,-2.421201,0,22.46813373659854
20220830,212,2022,18.6,23.764299810791403,-2.181099,0,22.522430914860593
20220830,216,2022,17.0,21.712363344384407,-2.4950564,0,19.9744416730706
20220830,217,2022,18.4,24.342164751152712,-2.474463,0,22.63678065937534
20220830,221,2022,18.3,25.182179790867483,-2.518173,0,23.40773390957748
20220830,226,2022,20.0,25.625635861964973,-2.2238667,0,24.31619390027641
20220830,232,2022,19.7,25.095280917795918,-2.4548752,0,23.42084547923968
20220830,235,2022,20.1,25.683638655363715,-2.576325,0,23.817312676684487
20220830,236,2022,19.5,25.010515934685543,-2.01999,0,24.023199212369235
20220830,238,2022,20.4,25.934539022665984,-1.9648944,0,25.03427327471872
20220830,239,2022,19.4,25.73856306817903,-2.2184863,0,24.43762212596831
20220830,243,2022,21.6,26.024052964425188,-1.4317466,0,25.966160759263573
20220830,244,2022,23.6,25.051582921683636,-2.1372876,0,23.878935913341323
20220830,245,2022,23.7,25.345642950606738,-1.7902237,0,24.721356902747978
20220830,247,2022,24.4,26.512985943944837,-1.5961509,0,26.195334987390858
20220830,248,2022,23.1,24.407404922757642,-2.0790923,0,23.32670657145116
20220830,252,2022,27.2,24.772720065140106,-1.2880689,0,24.941838644127657
20220830,253,2022,23.8,24.69448695916267,-1.9666888,0,23.79138615681783
20220830,254,2022,26.0,24.475825440329793,-1.1671968,0,24.83592200040789
20220830,255,2022,22.5,26.770014281288365,-1.9762381,0,25.85182545957249
20220830,257,2022,23.5,26.5207209846509,-1.8767405,0,25.759738490850218
20220830,258,2022,24.3,26.457362275732176,-1.6546954,0,26.047210983008
20220830,259,2022,26.9,25.17428392769861,0.2626127,0,27.79347942051978
20220830,260,2022,26.9,25.211769735604843,-0.5587457,0,26.533218983757052
20220830,261,2022,28.9,25.131869054562145,2.2912621,0,30.95633067735387
20220830,262,2022,23.4,26.873768013731876,-1.5530688,0,26.62418680367219
20220830,263,2022,21.2,25.761140073902368,-2.0046995,0,24.79798233958502
20220830,264,2022,22.8,26.299396676402974,-1.9042175,0,25.495000481544857
20220830,266,2022,23.1,27.695007128022976,-2.1920838,0,26.43578209386279
20220830,268,2022,27.4,24.719268930098586,2.7827253,0,31.32024238417388
20220830,271,2022,19.2,23.282128066397227,-2.2841346,0,21.87746278279399
20220830,272,2022,19.7,25.11028136595671,-2.5187948,0,23.334853047532917
20220830,273,2022,19.7,24.676287017634007,-2.504573,0,22.923328935034796
20220830,276,2022,20.8,24.3679662652857,-0.6131008,0,25.60353438512675
20220830,277,2022,20.3,24.482758671348687,-1.5444862,0,24.246737956665584
20220830,278,2022,21.2,25.867250208314285,-1.0880615,0,26.35238054038411
20220830,279,2022,19.7,25.634368891090894,-2.0558927,0,24.59032584183214
20220830,281,2022,19.5,26.04104403708086,-1.7891983,0,25.418378181749873
20220830,283,2022,20.0,26.76259739625379,-2.016026,0,25.78154371066538
20220830,284,2022,20.8,25.750757749203988,-2.3674145,0,24.21451030560472
20220830,285,2022,19.8,28.522502109410606,-2.2574258,0,27.160036795099053
20220830,288,2022,21.6,26.738404779748407,-1.8791639,0,25.97359330502502
20220830,289,2022,21.5,27.730671756895504,-2.3302195,0,26.25319236158267
20220830,294,2022,24.4,25.762215057892615,-1.6850982,0,25.304027373433357
20220830,295,2022,21.0,24.9440102934945,-1.9188423,0,24.11650686082052
20230824,90,2023,22.7,23.22852790821068,-0.77478236,0,24.20863920613325
20230824,93,2023,23.5,25.64195576590916,-1.0169176,0,26.239493405603803
20230824,95,2023,23.6,26.210978592959634,-1.0685121,0,26.726996929332444
20230824,98,2023,25.2,26.959279339892102,-1.2471417,0,27.193062850176958
20230824,99,2023,25.5,26.627945586042536,-0.91925037,0,27.37979742899951
20230824,100,2023,22.2,20.806755194534023,0.1267607,0,23.21130453658739
20230824,101,2023,22.9,25.055256925795597,-1.0573238,0,25.588952726653574
20230824,102,2023,26.3,24.239165009098205,0.36574444,0,27.021308653150186
20230824,104,2023,23.3,23.424793200142457,-0.7825116,0,24.39269231101325
20230824,105,2023,24.5,25.503241463348328,-0.3901305,0,27.0911027151369
20230824,106,2023,22.7,23.126786512277874,0.33190468,0,25.85546333203672
20230824,108,2023,27.4,29.374322921557024,-0.18616883,0,31.284443589031724
20230824,112,2023,26.5,25.493121999262222,0.26905575,0,28.122497516588055
20230824,114,2023,27.5,26.824168903347584,-0.14640735,0,28.79711271501975
20230824,115,2023,27.3,23.61835409490268,0.42104596,0,26.48787413620675
20230824,119,2023,27.8,28.249704425782834,0.122131184,0,30.6469391221882
20230824,121,2023,25.5,24.680125506711992,0.109466895,0,27.057350627631173
20230824,127,2023,28.1,25.058353546644284,1.8313966,0,30.156227568728
20230824,129,2023,30.5,29.578303138816306,-0.10535686,0,31.61610673056164
20230824,130,2023,24.2,24.12322377836714,-0.11340408,0,26.148312757628496
20230824,131,2023,28.4,25.95842474545061,0.9620148,0,29.68267554661376
20230824,133,2023,27.4,24.872285745331876,1.1264483,0,28.85634144380338
20230824,135,2023,25.7,25.428344144770634,-0.57389736,0,26.72585373928782
20230824,136,2023,28.8,24.47019301827055,0.06830913,0,26.782388867050656
20230824,137,2023,25.0,25.24245367402406,-0.2383159,0,27.070181985699087
20230824,138,2023,24.7,25.24853340101629,0.41617674,0,28.110360070547586
20230824,140,2023,29.3,26.094402634560904,1.287263,0,30.33254565717486
20230824,143,2023,29.1,27.04579847001734,-0.21206608,0,28.915001483156544
20230824,146,2023,25.5,25.195657044678505,0.45819634,0,28.12387469111563
20230824,152,2023,26.8,25.979321748406132,-0.4068322,0,27.540794316875612
20230824,155,2023,28.1,25.34517255696892,0.014156351,0,27.57180701742781
20230824,156,2023,25.2,25.644941853458487,-0.9291459,0,26.381158800852333
20230824,159,2023,28.2,24.981788872272865,0.39239806,0,27.80604523216519
20230824,162,2023,27.0,25.941903326753454,0.8594019,0,29.5040257259219
20230824,165,2023,27.1,26.357743057263296,0.2859439,0,29.01380183836781
20230824,168,2023,26.2,24.534353096982315,-0.41271046,0,26.086537999369412
20230824,169,2023,27.1,26.90196567789798,-0.34959596,0,28.55387148093987
20230824,170,2023,26.2,25.625444908924727,-0.1958079,0,27.520335846687416
20230824,172,2023,28.4,25.97056825614545,0.6028889,0,29.127400116049216
20230824,174,2023,24.2,24.554192093783225,-0.7990072,0,25.496028179656307
20230824,177,2023,29.8,26.769879602159538,0.5272996,0,29.807280369324197
20230824,181,2023,28.6,26.023878369120215,1.3333317,0,30.334809887751625
20230824,184,2023,28.3,27.232991354431125,-0.3060206,0,28.95374625198309
20230824,185,2023,27.9,27.591326851325334,-0.43899772,0,29.10197788659169
20230824,188,2023,26.9,25.67254103458914,0.13572225,0,28.091249615279004
20230824,189,2023,28.2,25.655254816408963,0.15559678,0,28.10536515141849
20230824,192,2023,24.7,24.075357911833102,0.40290916,0,26.91622181018711
20230824,201,2023,24.2,26.379725176265822,-1.2614093,0,26.59096593571526
20230824,202,2023,24.0,25.858706711444984,-1.1303772,0,26.276978203526106
20230824,203,2023,26.2,27.153658174834938,-0.54554456,0,28.495965188661742
20230824,211,2023,23.8,24.56379209518331,0.17171814,0,27.039374175326238
20230824,212,2023,24.8,26.599154256517792,-0.44625092,0,28.09834523607526
20230824,216,2023,21.1,21.01011129957208,-1.0018809,0,21.631406928673314
20230824,217,2023,24.1,25.691327333150745,-0.8843854,0,26.498265816227274
20230824,221,2023,26.2,25.024444803924208,0.6293821,0,28.223135906744083
20230824,226,2023,25.9,24.83826518665048,1.3005217,0,29.09735694831626
20230824,232,2023,28.9,27.1826285094084,0.34276122,0,29.92845866080463
20230824,235,2023,29.8,28.838955607297578,0.5205444,0,31.86568320079624
20230824,236,2023,29.4,26.30560143230067,1.8443217,0,31.423897188240588
20230824,238,2023,28.7,24.802333433515738,0.8465468,0,28.34414484902635
20230824,239,2023,29.6,25.72241319204651,0.90798414,0,29.36129555544263
20230824,243,2023,28.1,25.84907729866852,1.4301066,0,30.312913215741247
20230824,244,2023,25.8,24.732441172704263,-1.0847539,0,25.222797482671737
20230824,245,2023,27.8,25.891629160281088,0.5193821,0,28.916520334674217
20230824,247,2023,25.2,24.73620734602747,-0.8785746,0,25.552326888702922
20230824,248,2023,25.2,23.539432177417567,-1.233649,0,23.79453415913415
20230824,252,2023,27.5,26.38861592060645,0.93222487,0,30.065798640867506
20230824,253,2023,29.4,25.069396530849534,-0.46688956,0,26.53597845178846
20230824,254,2023,24.9,25.739928266706865,-0.03940352,0,27.881938130368823
20230824,255,2023,28.7,26.199038110953207,-0.52276534,0,27.577336302338907
20230824,257,2023,29.9,26.162284620332386,-0.4822217,0,27.604641771798235
20230824,258,2023,27.1,25.788974236706096,0.13552657,0,28.207373639758856
20230824,259,2023,27.0,26.28535570862359,-0.4530571,0,27.773792900425093
20230824,260,2023,26.1,25.827948104914938,-0.20175236,0,27.71344679488157
20230824,261,2023,26.4,26.01374317764206,-0.3183,0,27.71509658987012
20230824,262,2023,26.0,25.29677032175887,-0.14939621,0,27.264991734613496
20230824,263,2023,28.0,24.640872452924878,1.4900213,0,29.199373608854877
20230824,264,2023,26.2,24.334108640021785,-0.77912384,0,25.307360394620837
20230824,266,2023,25.8,24.51558758300915,-0.24066345,0,26.339606751880034
20230824,268,2023,26.9,26.421725476685182,0.018106803,0,28.654601651986688
20230824,271,2023,25.0,22.27189017502623,-0.71554077,0,23.345603189705614
20230824,272,2023,23.3,25.11990249185348,-1.591982,0,24.80883834684201
20230824,273,2023,24.1,24.30272892534147,0.27874205,0,26.947408782791435
20230824,276,2023,27.9,24.16840256341806,0.53257495,0,27.214138413113695
20230824,277,2023,24.4,23.977686741009514,0.4100632,0,26.829854034396405
20230824,278,2023,30.2,27.44523336803298,-0.27367392,0,29.217095997642517
20230824,279,2023,27.8,24.39630080214685,0.553462,0,27.475038233272926
20230824,281,2023,27.3,25.164716656875466,0.051513854,0,27.450375972940613
20230824,283,2023,27.3,24.946142077500607,-0.033132225,0,27.098060587656718
20230824,284,2023,25.4,23.864609659653084,-0.9013641,0,24.644721826611374
20230824,285,2023,27.2,24.843195838732264,1.078396,0,28.75132888591287
20230824,288,2023,28.9,25.833868145971504,-0.2512152,0,27.641215572343512
20230824,289,2023,24.9,24.105032857080616,-0.08064991,0,26.181873421646706
20230824,294,2023,26.2,25.132394314285744,0.083425015,0,27.468473264409965
20230824,295,2023,26.0,24.67697654815567,-0.3579847,0,26.31562816111024
20230824,296,2023,29.6,25.802192735687196,-0.18820274,0,27.709099834534065
20230825,90,2023,25.6,27.830146505592122,-0.1317926,0,29.826181615904062
20230825,93,2023,30.6,27.81865292350242,0.22473496,0,30.378001589531827
20230825,95,2023,27.6,26.959719896304648,0.06116162,0,29.260622679909346
20230825,98,2023,29.2,27.967545955909213,-0.47191727,0,29.426184092849645
20230825,99,2023,28.7,28.02727305517593,-0.478277,0,29.475862824735266
20230825,100,2023,25.7,24.278589029948005,-0.011917362,0,26.46402702409508
20230825,101,2023,30.3,29.578871553850032,-0.2173813,0,31.439676528244306
20230825,102,2023,27.5,24.704193815580197,-0.320977,0,26.401317577906866
20230825,104,2023,25.3,26.360191097049572,0.0035152975,0,28.570012693264474
20230825,105,2023,26.7,28.595099211044293,-0.065311596,0,30.696174315774854
20230825,106,2023,24.6,26.69799850503488,-0.09284,0,28.75557872956601
20230825,108,2023,29.5,27.263261318500458,-0.534729,0,28.622656918419253
20230825,112,2023,27.3,28.434711343214747,-0.41774312,0,29.97894464505024
20230825,114,2023,29.4,27.891172132560744,-0.2879597,0,29.64046324076888
20230825,115,2023,26.6,26.510027997379712,0.23138009,0,29.079875965855962
20230825,119,2023,28.7,28.02346877429732,-0.41242412,0,29.576106095011752
20230825,121,2023,28.7,27.325748195809037,-0.18844745,0,29.232268657802685
20230825,127,2023,29.8,27.540284031810664,-0.19337209,0,29.43902356251035
20230825,129,2023,29.1,27.57881500698574,-0.34850395,0,29.23244619640878
20230825,130,2023,25.4,27.830564808364088,0.23354805,0,30.40383814580501
20230825,131,2023,31.0,27.46019126509482,-0.19571026,0,29.355236485606213
20230825,133,2023,30.0,28.319644887394603,-0.291759,0,30.062933071160444
20230825,135,2023,29.6,26.991563383879427,-0.25729793,0,28.789300075669487
20230825,136,2023,30.7,29.300777130848704,-0.2730442,0,31.073634722912082
20230825,137,2023,31.2,27.8816050845866,-0.28773168,0,29.631256460553104
20230825,138,2023,31.4,30.06898976071068,-0.2587493,0,31.864433283002292
20230825,140,2023,28.7,28.381976230706464,-0.3312266,0,30.062905648870192
20230825,143,2023,30.0,29.27939971757683,0.047827594,0,31.55923474215941
20230825,146,2023,29.8,28.91332922486558,-0.32990918,0,30.596340153453923
20230825,152,2023,30.3,28.31578529007755,0.40377894,0,31.158023442062195
20230825,155,2023,31.3,28.59248638368501,-0.25929338,0,30.38707027348456
20230825,156,2023,30.5,29.0820041392776,-0.34576884,0,30.739956799557305
20230825,159,2023,30.1,27.290753047202443,-0.24465404,0,29.108467082969
20230825,162,2023,29.8,27.570800554787652,-0.30287972,0,29.296518021814798
20230825,165,2023,29.2,28.34759181421517,-0.28355908,0,30.103835887682855
20230825,168,2023,29.6,27.724224767235025,-0.3191956,0,29.424163147910775
20230825,169,2023,28.4,26.069815720684495,-0.2631372,0,27.858326384151383
20230825,170,2023,30.0,27.61368580880261,-0.13487057,0,29.604857728165584
20230825,172,2023,29.7,28.642651219774155,-0.31007257,0,30.35700398362289
20230825,174,2023,30.5,28.204748851137516,-0.30016956,0,29.934748376642062
20230825,177,2023,29.7,28.253863540256074,-0.35229075,0,29.901511582057957
20230825,181,2023,29.7,27.46625144885444,-0.18792446,0,29.373598228814075
20230825,184,2023,30.9,28.994812481071317,-0.33735248,0,30.666062981707853
20230825,185,2023,28.6,26.813250336698584,-0.3654318,0,28.44013554156733
20230825,188,2023,28.5,27.95119267662292,-0.11332275,0,29.976410158133987
20230825,189,2023,29.3,28.218990715897387,-0.3546188,0,29.862960457318565
20230825,192,2023,31.1,28.959742894421037,-0.26689532,0,30.742315708604707
20230825,201,2023,27.5,27.04088028318981,-0.38451195,0,28.637618832022184
20230825,202,2023,30.0,27.77721811318752,-0.28879052,0,29.525196511348888
20230825,203,2023,30.3,27.994294707730717,-0.18383907,0,29.90809640667095
20230825,211,2023,30.0,28.069716786761735,-0.22762646,0,29.914334409511973
20230825,212,2023,30.6,28.467112054327725,-0.15875669,0,30.420543913003634
20230825,216,2023,27.5,25.94632345555585,0.16861896,0,28.417008841873056
20230825,217,2023,31.0,27.70721686570223,-0.067558005,0,29.804742643178493
20230825,221,2023,27.8,28.4081136958403,-0.24864267,0,30.219525706288707
20230825,226,2023,29.3,28.079629632779895,-0.257534,0,29.876993343140853
20230825,232,2023,29.5,27.740531549739696,-0.32002443,0,29.439160375242523
20230825,235,2023,29.5,27.436153647630988,-0.32127866,0,29.132800788568268
20230825,236,2023,30.8,28.29030706744821,-0.35867995,0,29.92786017216399
20230825,238,2023,30.0,28.813135544474246,-0.30428696,0,30.536629578841286
20230825,239,2023,30.2,27.998486757413193,-0.36423054,0,29.627269924971344
20230825,243,2023,29.6,28.731045179073117,-0.30354795,0,30.455706846377588
20230825,244,2023,29.1,26.659501364253128,-0.3479407,0,28.314022463539636
20230825,245,2023,29.8,28.038376070788487,-0.34638557,0,29.695354298838197
20230825,247,2023,29.2,27.91859917105946,-0.2085752,0,29.79331777480678
20230825,248,2023,28.2,27.332754021628435,-0.15217283,0,29.29658837050296
20230825,252,2023,29.7,28.23967900798891,-0.30135137,0,29.967811271964486
20230825,253,2023,31.0,29.60842233346973,-0.309938,0,31.32298769814568
20230825,254,2023,31.1,28.348167794713408,-0.3109799,0,30.061086974468097
20230825,255,2023,30.4,29.688083531136623,-0.2027638,0,31.571984159780094
20230825,257,2023,32.3,28.85436898775352,-0.2361238,0,30.68556080940541
20230825,258,2023,30.7,28.376207095552317,-0.15357997,0,30.337818176573577
20230825,259,2023,32.1,28.488225286609715,-0.29310012,0,30.229394525253795
20230825,260,2023,31.1,28.633169703346418,-0.26755366,0,30.414702350913643
20230825,261,2023,30.7,27.8845619069058,-0.31193596,0,29.59597051422702
20230825,262,2023,29.7,28.52238979627265,-0.25130036,0,30.32960264608559
20230825,263,2023,33.1,29.66313521836486,-0.23328815,0,31.498807361126048
20230825,264,2023,31.0,28.77105299184749,-0.30114985,0,30.499503662643363
20230825,266,2023,31.2,28.742305114658272,-0.27164832,0,30.517368198979725
20230825,268,2023,29.8,27.833941108974525,-0.30182615,0,29.561323219289328
20230825,271,2023,28.3,26.68238190776838,0.03755846,0,28.945991698676913
20230825,272,2023,29.1,26.73744397116334,-0.02543353,0,28.901526421167993
20230825,273,2023,29.6,28.315112989921815,-0.21000643,0,30.18757025543519
20230825,276,2023,30.2,30.033444646071633,-0.06293218,0,32.1382792303249
20230825,277,2023,30.9,27.29993308606248,-0.09011625,0,29.361816841048245
20230825,278,2023,31.7,28.688801477503926,-0.24407911,0,30.507423905044185
20230825,279,2023,31.3,28.481734845730823,-0.21093777,0,30.35272059803247
20230825,281,2023,29.9,27.323067812204943,-0.012934201,0,29.506899200088355
20230825,283,2023,31.6,29.748143389159004,0.49438837,0,32.73354444254517
20230825,284,2023,29.5,27.2065272896801,-0.26022264,0,28.999642938860944
20230825,285,2023,32.0,28.68769712397286,-0.16771914,0,30.62696830783836
20230825,288,2023,32.3,30.277952193476317,-0.24434552,0,32.096153704340054
20230825,289,2023,31.6,28.691542292124662,-0.29034984,0,30.43705696924912
20230825,294,2023,29.3,28.260923368130122,-0.30327484,0,29.986016546836723
20230825,295,2023,31.1,28.239052981079144,-0.22113572,0,30.093925968605042
20230825,296,2023,29.8,29.998355101837674,-0.019598018,0,32.17165765889108
20230826,90,2023,27.3,24.696846528801778,1.7811186,0,29.715281392445853
20230826,93,2023,29.3,27.721455203115262,-0.18535498,0,29.632861764209025
20230826,95,2023,28.6,26.220508333208493,1.1901947,0,30.30528342636383
20230826,98,2023,28.9,25.379377127872136,1.4544945,0,29.881745826545817
20230826,99,2023,28.7,26.605002484745647,1.1708747,0,30.659251960301496
20230826,100,2023,24.4,21.562353725589375,1.6132947,0,26.315626810306604
20230826,101,2023,29.7,27.985756280010683,0.002611233,0,30.194149454117294
20230826,102,2023,25.3,25.217109196746254,0.41727397,0,28.08066949300084
20230826,104,2023,28.1,27.15574332233217,-0.06452379,0,29.25806316605876
20230826,105,2023,30.4,28.780762216892466,0.17812581,0,31.266468428476514
20230826,106,2023,27.8,26.083063523446935,-0.12132071,0,28.0956442283915
20230826,108,2023,29.8,27.64178471048808,0.18969736,0,30.145773957529258
20230826,112,2023,27.5,27.275391157966553,0.08456917,0,29.613277874349485
20230826,114,2023,28.7,26.863821223901237,1.0269973,0,30.69074442792312
20230826,115,2023,29.2,25.96874590789697,-0.15696768,0,27.92500439227765
20230826,119,2023,28.8,27.152274240621377,1.2584262,0,31.344855045999772
20230826,121,2023,29.4,27.832946089955474,0.48797873,0,30.808219904114345
20230826,127,2023,29.7,26.339714334217874,0.028216925,0,28.588564501047536
20230826,129,2023,29.9,29.824719957248803,0.1361119,0,32.244044185671875
20230826,130,2023,27.6,26.808032574520205,-0.22221796,0,28.661195620420507
20230826,131,2023,29.3,25.993369136041263,0.057911392,0,28.28913656196802
20230826,133,2023,29.7,29.27685967176185,-0.35437778,0,30.921210211165246
20230826,135,2023,29.0,27.284373120809395,0.50821555,0,30.29162111054066
20230826,136,2023,31.2,27.186934194622417,1.0414314,0,31.036663275376178
20230826,137,2023,31.0,27.966827578763706,-0.21894984,0,29.8251542584874
20230826,138,2023,28.3,29.277452739377814,-0.30887645,0,30.993695366836818
20230826,140,2023,29.1,28.191977724217697,-0.2748272,0,29.96201815519786
20230826,143,2023,31.7,30.229543193678985,-0.28418428,0,31.98479946201857
20230826,146,2023,29.7,29.59148755276181,-0.29552805,0,31.328820653157443
20230826,152,2023,30.0,29.81548534563197,-0.27905735,0,31.578842152821387
20230826,155,2023,30.6,28.826260401626794,-0.24971463,0,30.635978715695543
20230826,156,2023,30.9,29.730934031229907,-0.3168928,0,31.4345108290304
20230826,159,2023,30.2,29.32283278753576,-0.27922338,0,31.085927269319107
20230826,162,2023,31.2,28.63374069074429,-0.27352843,0,30.40583320235571
20230826,165,2023,29.3,28.826324013528577,-0.3000947,0,30.556441823258588
20230826,168,2023,29.4,27.339413646749303,-0.15652962,0,29.296364272782085
20230826,169,2023,26.9,26.302957749852197,-0.3073306,0,28.021642814721552
20230826,170,2023,29.7,27.791624493307665,-0.09739153,0,29.842013300621538
20230826,172,2023,29.8,28.10232105160703,-0.28807044,0,29.851437182035774
20230826,174,2023,29.5,28.164291190242288,0.14744115,0,30.601515631370496
20230826,177,2023,29.0,28.778722467226842,-0.091154546,0,30.8389657113555
20230826,181,2023,27.9,26.710156495558504,-0.023382884,0,28.877478965689257
20230826,184,2023,29.5,28.673573420036043,-0.22458027,0,30.523004014735854
20230826,185,2023,27.9,27.234121930546834,-0.28281862,0,28.99153594424775
20230826,188,2023,30.1,27.75660203604441,-0.32196033,0,29.452172140720137
20230826,189,2023,28.5,28.53814912340796,-0.33455083,0,30.213826241666865
20230826,192,2023,31.6,28.467550290643985,-0.1740209,0,30.396864692645323
20230826,201,2023,27.1,26.567265521785114,-0.1325138,0,28.56216113404207
20230826,202,2023,28.7,27.00904417009178,-0.2758335,0,28.777494685915578
20230826,203,2023,28.7,26.759677629230122,-0.2593582,0,28.554159103348788
20230826,211,2023,29.4,27.060202787399163,0.65203166,0,30.294680236416163
20230826,212,2023,29.1,28.20194908323741,-0.24321954,0,30.021929636881545
20230826,216,2023,25.9,24.0794600912584,0.8095263,0,27.56277910969908
20230826,217,2023,31.7,28.823438787835016,-0.16863449,0,30.76126372102341
20230826,221,2023,28.3,24.537747480541704,2.1757057,0,30.17962986730285
20230826,226,2023,29.4,26.76999089481284,-0.057976846,0,28.882654904773567
20230826,232,2023,28.3,27.39893115537493,-0.3503215,0,29.049690609105944
20230826,235,2023,28.7,28.283423917589708,-0.23420134,0,30.117653223529814
20230826,236,2023,29.9,27.532124079549686,-0.2691775,0,29.31109106127581
20230826,238,2023,29.1,27.465270190243626,-0.3154456,0,29.171133565268853
20230826,239,2023,28.7,28.017523777221793,-0.29378834,0,29.75760562031705
20230826,243,2023,30.1,27.86979159744659,-0.2615373,0,29.660830068268403
20230826,244,2023,29.9,27.17907275167928,-0.28844193,0,28.927601934309294
20230826,245,2023,29.8,27.1677058458394,-0.33936086,0,28.835783108436914
20230826,247,2023,30.3,26.67759941530327,1.5279834,0,31.296080656129355
20230826,248,2023,29.7,27.04190071504592,-0.18331063,0,28.95653734899563
20230826,252,2023,30.2,28.118553768587947,-0.28482416,0,29.872799017578437
20230826,253,2023,31.7,30.09019504611332,-0.22974412,0,31.931466760340953
20230826,254,2023,30.4,27.44555187272772,-0.24966496,0,29.25534865839748
20230826,255,2023,31.5,31.16361775321201,-0.26161498,0,32.95453351356743
20230826,257,2023,32.7,29.2550799045858,-0.24084102,0,31.078818525122557
20230826,258,2023,31.1,28.06016542318902,0.09725876,0,30.418101692489437
20230826,259,2023,30.8,27.607004681536978,0.18382862,0,30.101721330549978
20230826,260,2023,30.0,27.996012838596563,-0.2242515,0,29.845962904464898
20230826,261,2023,31.8,28.22762105540281,-0.29978505,0,29.9582281060176
20230826,262,2023,29.5,28.447589198272652,-0.2253512,0,30.29580172914114
20230826,263,2023,33.4,30.518554643214678,-0.2169952,0,32.37996966190951
20230826,264,2023,31.2,27.81501809812043,0.29846123,0,30.490854265413454
20230826,266,2023,31.2,28.70552374541374,-0.18392853,0,30.619184087170517
20230826,268,2023,29.4,27.8676894009765,-0.28973088,0,29.614182041906155
20230826,271,2023,29.3,26.500467638254378,-0.10128209,0,28.54470936222618
20230826,272,2023,30.3,25.90591898007619,1.1980675,0,30.003133128674342
20230826,273,2023,29.4,27.076538699878764,-0.22376579,0,28.927256177038693
20230826,276,2023,30.4,28.830082700132632,-0.2557084,0,30.630330859856343
20230826,277,2023,28.3,27.71311181060612,-0.22995794,0,29.55404569434984
20230826,278,2023,31.1,28.46080761869612,0.030932937,0,30.713949084958294
20230826,279,2023,31.1,30.120628924946047,-0.23510851,0,31.953424905774284
20230826,281,2023,30.5,29.498191073112928,-0.21889582,0,31.35660309923736
20230826,283,2023,30.9,29.37224042983161,0.32180685,0,32.08496267583996
20230826,284,2023,29.4,27.635163730375517,0.0945252,0,29.98878097737807
20230826,285,2023,31.0,29.375843434121705,-0.23126832,0,31.21470692013078
20230826,288,2023,32.3,31.15432718954395,-0.14496654,0,33.12954747813576
20230826,289,2023,31.2,29.53161329302458,0.012366433,0,31.75541968277585
20230826,294,2023,30.5,28.98674257056695,-0.26612586,0,30.77053114128615
20230826,295,2023,31.0,28.407608180848097,-0.16524965,0,30.350781166716985
20230826,296,2023,32.4,31.213007610041576,-0.2451366,0,33.02995920226565
20230827,90,2023,24.2,22.983965886258538,2.3793685,0,28.947635611276517
20230827,93,2023,28.2,24.69909793934828,1.2261266,0,28.840645317011372
20230827,95,2023,27.3,25.553427597938132,0.65593016,0,28.794064679161096
20230827,98,2023,27.7,24.600958731149998,1.1245841,0,28.582069001726907
20230827,99,2023,27.2,23.922918450626963,1.2155299,0,28.047723148217266
20230827,100,2023,22.3,24.587429139042854,0.019795325,0,26.822973178085874
20230827,101,2023,28.8,24.349371169056752,1.2972006,0,28.603215480847652
20230827,102,2023,26.2,23.282399052266094,1.2940489,0,27.531263748845504
20230827,104,2023,26.0,26.744945399109458,0.17833745,0,29.230986003777552
20230827,105,2023,27.8,27.844261523783203,0.72105265,0,31.18779213156028
20230827,106,2023,25.2,23.012730688050407,1.2730851,0,27.22847259953842
20230827,108,2023,28.7,24.130465189863266,1.3098209,0,28.404249622828026
20230827,112,2023,27.9,24.01459719944186,1.000292,0,27.799325896341706
20230827,114,2023,29.6,27.082772251008794,0.59502727,0,30.227182760433436
20230827,115,2023,28.1,27.10428011451388,0.022790771,0,29.344556958749372
20230827,119,2023,29.3,24.482829366058734,1.0021565,0,28.270504055905207
20230827,121,2023,28.2,24.761010760263435,0.53051263,0,27.80348814323849
20230827,127,2023,29.8,24.712714152849067,0.7071008,0,28.034200856560055
20230827,129,2023,30.5,25.230277262962495,1.4615332,0,29.743767127388587
20230827,130,2023,27.0,26.5599409055364,0.6103852,0,29.728616915268127
20230827,131,2023,30.6,25.595925556124264,1.3250538,0,29.893778003710757
20230827,133,2023,31.1,27.52021677980023,0.763019,0,30.930054265905625
20230827,135,2023,28.8,28.083359862956,-0.10858104,0,30.11606925164643
20230827,136,2023,30.7,27.11608673789802,1.0629325,0,30.999787500246626
20230827,137,2023,29.8,27.903044242999066,0.8043893,0,31.378246759869995
20230827,138,2023,26.9,27.295910674005412,1.1707029,0,31.349888736235002
20230827,140,2023,30.4,27.585555585260654,1.3826821,0,31.97446070571015
20230827,143,2023,30.6,26.482812475499145,0.7446278,0,29.863591784133384
20230827,146,2023,30.2,25.72800817961552,0.8773853,0,29.318544408587435
20230827,152,2023,28.5,30.531966083770946,-0.0728179,0,32.62118122898856
20230827,155,2023,31.1,28.635896323424817,0.6235081,0,31.8253065407867
20230827,156,2023,32.1,30.32289728143889,0.030436635,0,32.57525459085705
20230827,159,2023,30.4,29.72091371651577,-0.18797207,0,31.628185273923584
20230827,162,2023,31.7,29.376307112209105,-0.2341489,0,31.21061926890347
20230827,165,2023,30.0,29.993002965161853,-0.21983416,0,31.849932412472256
20230827,168,2023,29.6,29.602714860001843,-0.26711842,0,31.384935175892586
20230827,169,2023,27.6,27.063818171175626,-0.28899458,0,28.811474160064797
20230827,170,2023,29.5,28.814430956285076,-0.06616409,0,30.914159118233236
20230827,172,2023,31.3,26.34279015929691,0.9781692,0,30.0925649258188
20230827,174,2023,29.7,29.919922211957033,-0.119695395,0,31.935070913582337
20230827,177,2023,29.2,25.006794043130665,1.758562,0,29.98958937993072
20230827,181,2023,29.7,25.585348473805702,1.3345809,0,29.898253719186535
20230827,184,2023,30.3,30.40880303321259,-0.23542093,0,32.241105394002794
20230827,185,2023,30.0,28.35491334287733,-0.3160245,0,30.059862039924994
20230827,188,2023,29.9,28.979759353455666,-0.30530563,0,30.70164388419588
20230827,189,2023,29.9,29.05458571480067,-0.32637143,0,30.743186279357225
20230827,192,2023,30.3,26.784229478923045,0.6468267,0,30.010483066484127
20230827,201,2023,27.1,24.53990108871098,1.2844534,0,28.773604874207173
20230827,202,2023,28.0,24.05384750987262,1.426017,0,28.51122186860337
20230827,203,2023,28.7,23.910356377862364,1.3002783,0,28.169063527444706
20230827,211,2023,28.1,23.327272021330575,1.733484,0,28.270444214457683
20230827,212,2023,28.9,24.74045241198896,1.280853,0,28.968467630323595
20230827,216,2023,23.3,21.409660254937386,1.5371325,0,26.04259703355949
20230827,217,2023,28.5,28.5798380087888,0.43513733,0,31.471622418626957
20230827,221,2023,28.6,26.077499127599218,0.15263061,0,28.522922921051432
20230827,226,2023,29.0,28.7336785431081,-0.11227408,0,30.760552921985216
20230827,232,2023,29.3,24.91792451471016,1.2671412,0,29.124275073067828
20230827,235,2023,29.5,25.27214637768137,0.8417563,0,28.80638873286636
20230827,236,2023,30.1,25.815973075012153,1.4211078,0,30.265590776142496
20230827,238,2023,30.1,28.440410590531723,0.33843103,0,31.17939904483113
20230827,239,2023,30.8,27.60027325294869,0.987298,0,31.36447153765142
20230827,243,2023,31.5,29.31004278232224,0.5399497,0,32.36743075833013
20230827,244,2023,30.1,27.24241281398754,-0.0057325885,0,29.43762275029564
20230827,245,2023,31.6,28.96690231388185,0.5889155,0,32.10165627242225
20230827,247,2023,30.5,30.253399402899763,-0.17847216,0,32.17568081414745
20230827,248,2023,29.5,28.139948630863618,-0.050724525,0,30.264071307446983
20230827,252,2023,31.4,30.072744927687356,-0.05227885,0,32.19441177041843
20230827,253,2023,32.1,30.183793877414487,-0.22931056,0,32.02575062305615
20230827,254,2023,31.2,30.294600424942423,-0.19223882,0,32.19513051135767
20230827,255,2023,30.8,26.258938722027832,0.84537774,0,29.798902982444297
20230827,257,2023,32.8,30.22525006594404,-0.08724181,0,32.291675426640786
20230827,258,2023,31.4,30.54275631693812,-0.17205486,0,32.47517706894413
20230827,259,2023,30.7,30.72418091360871,-0.25936776,0,32.518647272585504
20230827,260,2023,31.3,30.358999284399,-0.14304669,0,32.33725293710796
20230827,261,2023,29.9,26.41877798801869,1.2142699,0,30.54159181894792
20230827,262,2023,29.7,29.272234449506282,-0.058852013,0,31.383515694740133
20230827,263,2023,32.4,30.44714606898157,-0.001546178,0,32.648970533811564
20230827,264,2023,31.6,29.1724127671512,-0.20770147,0,31.048511863645352
20230827,266,2023,30.2,29.85516203715426,0.5673368,0,32.95582160363342
20230827,268,2023,30.7,29.20924321082281,-0.31037733,0,30.92311445616454
20230827,271,2023,27.2,23.47083180508675,1.3176725,0,27.757021767073724
20230827,272,2023,28.5,23.812362374485055,1.4213624,0,28.262382392662516
20230827,273,2023,29.4,27.575960622774964,0.2295406,0,30.14290219903453
20230827,276,2023,29.2,26.848417971418893,1.1753799,0,30.90978559577846
20230827,277,2023,25.8,24.6935508455351,1.0835027,0,28.609752459038035
20230827,278,2023,30.7,27.274685625170957,1.0523415,0,31.141652559928623
20230827,279,2023,31.5,27.914284813372536,0.5749534,0,31.02697857551324
20230827,281,2023,29.2,26.643825957481038,1.0251173,0,30.467778682968223
20230827,283,2023,26.9,25.800807587706558,0.82724625,0,29.312124086778113
20230827,284,2023,29.2,29.960361515540534,-0.0647437,0,32.062333899354826
20230827,285,2023,30.8,29.94194185478692,0.019285861,0,32.176680941893935
20230827,288,2023,31.6,25.92186494429892,1.837341,0,31.02913107291569
20230827,289,2023,30.3,30.04793190332601,-0.17029291,0,31.983136525432997
20230827,294,2023,28.3,27.639336384161492,0.9218749,0,31.300166121901484
20230827,295,2023,30.3,27.534714658862946,-0.14635707,0,29.507737907433345
20230827,296,2023,32.5,31.71915253569214,-0.110793054,0,33.74836693629872
20230828,90,2023,22.2,22.59009559896813,-0.96957844,0,23.262429082025584
20230828,93,2023,22.8,24.00996588953707,-0.9055221,0,24.783508384864497
20230828,95,2023,21.0,23.628166485642392,-0.8262441,0,24.526968208722508
20230828,98,2023,21.1,25.43466271505726,-1.071234,0,25.946380440410934
20230828,99,2023,20.7,23.192346396316754,-1.9943504,0,22.245540137715047
20230828,100,2023,18.5,20.063731199157345,-1.3563429,0,20.124976824729984
20230828,101,2023,21.5,22.878037995195996,-0.8633483,0,23.71821509903058
20230828,102,2023,20.7,21.69059493691737,-1.3443856,0,21.770733077195665
20230828,104,2023,22.4,22.656283792606885,-0.23906375,0,24.482830486306675
20230828,105,2023,23.0,23.71104047837871,-0.527728,0,25.081497631060493
20230828,106,2023,22.9,23.37386193322351,-1.3226333,0,23.4883687983248
20230828,108,2023,22.2,24.36411595784637,-1.2283773,0,24.62754718322293
20230828,112,2023,21.8,24.57788614082877,-0.6534476,0,25.749706314645884
20230828,114,2023,27.0,25.65888273878563,1.3325145,0,29.96852311352285
20230828,115,2023,25.7,22.988128445048417,1.7484615,0,27.9549650172954
20230828,119,2023,24.0,23.228593642965883,0.16966505,0,25.700931853565734
20230828,121,2023,27.0,23.84063011591963,1.998378,0,29.202334842692373
20230828,127,2023,28.7,24.222205817705706,2.066874,0,29.692134206854853
20230828,129,2023,24.6,25.51341785291102,0.12673856,0,27.917932208826045
20230828,130,2023,26.1,25.13075931392371,1.2650915,0,29.333871370732616
20230828,131,2023,29.4,25.49616292900664,1.1557918,0,29.52658133509304
20230828,133,2023,27.7,25.739220409248126,1.1155449,0,29.70604880135366
20230828,135,2023,25.6,24.32552677055679,1.5089809,0,28.91398397163755
20230828,136,2023,29.6,29.75703843266237,0.15596016,0,32.20772290762456
20230828,137,2023,28.2,25.1852476315974,1.9519149,0,30.47354060996087
20230828,138,2023,26.1,24.27542327874524,0.40034175,0,27.11223066855814
20230828,140,2023,29.5,28.311988413423563,0.11050536,0,30.690854304182032
20230828,143,2023,27.7,27.032080294708926,0.62807566,0,30.228707262454186
20230828,146,2023,30.8,28.805067071888303,0.5233545,0,31.836234561732105
20230828,152,2023,25.9,27.61530095514469,0.7120193,0,30.944558913633585
20230828,155,2023,29.9,25.22533376769337,1.9827961,0,30.56241898906069
20230828,156,2023,29.4,29.012585446781042,-0.17714655,0,30.93696131756242
20230828,159,2023,29.3,27.688055707788788,0.8750854,0,31.27495808713988
20230828,162,2023,27.4,26.539696653524206,1.2805977,0,30.76730842470765
20230828,165,2023,30.1,28.487190748683116,0.1000673,0,30.849564512857533
20230828,168,2023,26.0,25.813741998477127,0.985441,0,29.575006250501254
20230828,169,2023,27.5,24.533984276126223,1.2565608,0,28.723617770103246
20230828,170,2023,28.4,28.331726712316208,-0.021968873,0,30.501283318722912
20230828,172,2023,30.0,26.944298491260806,0.28448975,0,29.598059723713632
20230828,174,2023,26.3,26.079229158342258,1.3457049,0,30.40971034719309
20230828,177,2023,24.7,24.878308032732637,0.638576,0,28.09152549320327
20230828,181,2023,27.2,25.701842556063397,1.1602771,0,29.739347844741047
20230828,184,2023,33.4,28.70830959616945,-0.31746182,0,30.410987349098612
20230828,185,2023,29.0,28.634206815813684,0.07299349,0,30.95380395155344
20230828,188,2023,30.0,28.463277323068837,0.7201882,0,31.805442105908092
20230828,189,2023,30.3,27.006519646508167,0.94668067,0,30.706542523324394
20230828,192,2023,27.4,25.88972594013101,1.3068519,0,30.158819311122194
20230828,201,2023,20.9,23.86159522229112,-1.601096,0,23.536130914582813
20230828,202,2023,23.4,23.08634250594448,0.423481,0,25.959709892362298
20230828,203,2023,24.1,23.29706085625321,1.5387106,0,27.93249102114393
20230828,211,2023,22.0,23.06414952301335,-0.34531996,0,24.722811417769144
20230828,212,2023,23.6,24.401731747377283,0.30786994,0,27.092433680241903
20230828,216,2023,21.0,22.497303967666316,-0.09238027,0,24.555610566585187
20230828,217,2023,25.6,24.016358299513854,2.0285177,0,29.42568372807645
20230828,221,2023,26.3,25.040295981465693,1.6485764,0,29.84931408609564
20230828,226,2023,26.3,25.04341056305717,1.889783,0,30.233535168312727
20230828,232,2023,26.5,24.91984866939105,1.4512664,0,29.41711702006897
20230828,235,2023,28.9,26.88503172183627,0.8778301,0,30.476270687185902
20230828,236,2023,29.2,29.7122559430378,-0.3173431,0,31.415121293241747
20230828,238,2023,27.6,25.16950909477344,1.6477968,0,29.977295385972603
20230828,239,2023,28.9,28.205476660349788,0.6369077,0,31.41605824726428
20230828,243,2023,30.6,28.590062384516727,0.009384833,0,30.80915784718391
20230828,244,2023,28.1,26.657949501868917,0.8015978,0,30.12874141092506
20230828,245,2023,29.6,27.656291019556253,0.2718996,0,30.290159830644292
20230828,247,2023,28.3,25.27745476279745,0.9623031,0,29.00216109007411
20230828,248,2023,26.7,24.001172412946246,0.83310246,0,27.521741733224843
20230828,252,2023,30.2,27.575756708065168,0.30009857,0,30.25417987191352
20230828,253,2023,29.5,26.720159715046485,2.0403879,0,32.148239973969496
20230828,254,2023,28.7,29.282702465245478,0.2964821,0,31.955411587503143
20230828,255,2023,29.6,26.09529276820082,1.8234346,0,31.180586848534965
20230828,257,2023,29.3,26.604339799273355,1.3649907,0,30.965292549079237
20230828,258,2023,28.9,27.052565928347434,1.1011401,0,30.996634777987758
20230828,259,2023,30.1,29.170375335957065,0.3438319,0,31.91789715896317
20230828,260,2023,28.7,28.02976242092279,0.13576935,0,30.448545423674098
20230828,261,2023,28.9,27.84040127988034,0.32842797,0,30.56358489921785
20230828,262,2023,27.8,25.783433069665477,1.6870663,0,30.653265275991437
20230828,263,2023,29.6,26.97566398114383,1.5917865,0,31.69495408322556
20230828,264,2023,27.2,26.17221267946202,-0.08369009,0,28.24424976024391
20230828,266,2023,26.6,25.985503451483225,1.5963821,0,30.712054660532885
20230828,268,2023,29.7,28.29511293549121,-0.22521901,0,30.143534323717198
20230828,271,2023,25.7,23.478942232632903,1.5155051,0,28.077707677942023
20230828,272,2023,27.2,24.51133261714177,1.6500083,0,29.322613190109728
20230828,273,2023,27.4,25.14840910587147,1.7270352,0,30.08139209239839
20230828,276,2023,27.5,24.130608199228483,2.3456538,0,30.04100858563867
20230828,277,2023,25.5,26.119398746869173,1.8175044,0,31.195323134400887
20230828,278,2023,29.1,27.465863580283724,0.6093451,0,30.632896230354348
20230828,279,2023,28.0,27.999131562201445,1.2513751,0,32.18057161335697
20230828,281,2023,27.8,25.381841809611903,1.8013017,0,30.432165949760495
20230828,283,2023,26.3,26.252611563739073,0.63274753,0,29.456620088710515
20230828,284,2023,26.4,25.488390447582155,0.5653045,0,28.585839011711464
20230828,285,2023,27.7,25.746139585570763,1.0126754,0,29.550434150848297
20230828,288,2023,29.9,26.053044643590344,1.5266428,0,30.669407692697376
20230828,289,2023,27.3,25.015346609900618,0.20337248,0,27.54094255199776
20230828,294,2023,27.2,25.90318230801671,1.5660905,0,30.58187266816271
20230828,295,2023,26.4,25.94030743975239,0.6380214,0,29.152648692871338
20230828,296,2023,29.8,27.58759297147243,1.4141428,0,32.026206095919726
20230829,90,2023,25.2,21.374270993961176,-0.47249794,0,22.831991674751556
20230829,93,2023,24.9,24.099374365156727,-1.9445844,0,23.23119848718551
20230829,95,2023,24.3,22.889575535049914,-2.7507856,0,20.747601730175923
20230829,98,2023,24.0,24.192766176801392,-2.9653373,0,21.711800706087253
20230829,99,2023,24.2,24.781745853252467,-1.5669274,0,24.510267935181155
20230829,100,2023,23.6,18.89703925400969,-1.5139621,0,18.709246483700674
20230829,101,2023,24.6,24.053484218471496,-1.6599996,0,23.634952262352392
20230829,102,2023,23.5,21.276785633220754,1.6014203,0,26.01129710695318
20230829,104,2023,29.2,22.79671751484648,-0.081751436,0,24.871817672064893
20230829,105,2023,31.1,24.361533336074643,0.5921374,0,27.50137784837557
20230829,106,2023,30.0,23.00107683126231,0.78616846,0,26.44749041795555
20230829,108,2023,24.3,24.160062142228025,-2.7263787,0,22.056651255063386
20230829,112,2023,22.9,23.630432238350792,-0.61354315,0,24.865301483003016
20230829,114,2023,28.9,27.21480662167809,0.031271588,0,29.46848315689926
20230829,115,2023,28.2,26.65515195205622,0.16263975,0,29.116390186354877
20230829,119,2023,23.5,24.356605225173304,-2.6272097,0,22.40988138310602
20230829,121,2023,25.3,21.697941206237896,1.1089188,0,25.654300314285813
20230829,127,2023,28.7,22.745785662496672,1.9185451,0,27.981354389113008
20230829,129,2023,23.5,25.364891146248308,-2.020001,0,24.377557095669665
20230829,130,2023,28.0,25.884160354867834,2.4369888,0,31.93887013325343
20230829,131,2023,28.6,23.697619273110938,0.7873377,0,27.14588029742434
20230829,133,2023,26.8,22.609211445400803,0.019487184,0,24.84426862148635
20230829,135,2023,25.9,23.400039706001596,-0.026061855,0,25.563129400786906
20230829,136,2023,27.7,23.4255784489841,1.0718544,0,27.323375752737434
20230829,137,2023,24.5,24.00189981913443,0.4736611,0,26.954551775173336
20230829,138,2023,29.6,23.963248825925998,2.1178782,0,29.513763805842046
20230829,140,2023,25.7,25.139505047249337,-1.6261432,0,24.774466190342878
20230829,143,2023,26.8,24.09173516111574,-0.530483,0,25.45783943546538
20230829,146,2023,27.2,23.804188186514235,-1.527517,0,23.594978814070515
20230829,152,2023,27.0,22.924853778691713,2.2952504,0,28.755616861749544
20230829,155,2023,27.0,26.089206057176465,-0.59751475,0,27.349400180521314
20230829,156,2023,25.2,24.343845693573677,1.1107322,0,28.303069992127575
20230829,159,2023,26.9,24.212183674901375,1.3774706,0,28.592854668783033
20230829,162,2023,26.0,24.82827571090798,0.7611184,0,28.23511022798681
20230829,165,2023,27.8,27.82760645541602,-0.41219112,0,29.380611907529605
20230829,168,2023,29.4,28.151555631701545,0.14085937,0,30.57838085522416
20230829,169,2023,24.5,24.13380506683142,0.5815215,0,27.25687648042514
20230829,170,2023,27.3,24.728013178767185,2.0956898,0,30.243470447081975
20230829,172,2023,26.5,25.018486398895583,-2.031831,0,24.012460803784165
20230829,174,2023,27.1,28.504173610024136,0.3344963,0,31.23694517351162
20230829,177,2023,24.7,24.802906281107962,-2.3542511,0,23.28745689601852
20230829,181,2023,26.6,22.674728679527057,0.117487594,0,25.064626504904474
20230829,184,2023,32.0,25.057725798554962,1.3613945,0,29.412996573472995
20230829,185,2023,27.9,25.678536656015517,1.5222858,0,30.288015676210954
20230829,188,2023,31.0,29.6868213415533,-0.2448624,0,31.504206163879438
20230829,189,2023,28.5,28.94842377112247,0.039745588,0,31.215489226024957
20230829,192,2023,28.3,27.66477265922368,0.8069159,0,31.143967174528676
20230829,201,2023,23.6,23.693160547956726,0.8487458,0,27.238446374239658
20230829,202,2023,25.6,23.03383210230239,-1.5751306,0,22.74939320906094
20230829,203,2023,27.6,23.08945049731207,0.28319055,0,25.741158989906268
20230829,211,2023,24.9,22.089627682406217,-1.3361932,0,22.18270984629367
20230829,212,2023,27.4,23.088212542876175,0.2611553,0,25.70510535448969
20230829,216,2023,24.4,20.27755670431518,0.071366966,0,22.594583936323595
20230829,217,2023,26.8,21.847459012755802,-0.49852964,0,23.26404960319031
20230829,221,2023,24.7,22.17691955551561,0.8014444,0,25.647469151425163
20230829,226,2023,25.8,21.663949139567446,0.19053456,0,24.169261173416643
20230829,232,2023,26.1,21.993921347995425,-1.1880027,0,22.32114449927912
20230829,235,2023,23.4,25.084995260901035,-1.881136,0,24.31706790091993
20230829,236,2023,25.7,25.119003685644007,-1.2942835,0,25.27830316711264
20230829,238,2023,26.8,23.72236310649827,1.1700592,0,27.775324075069413
20230829,239,2023,25.8,22.519413726505324,-0.94394916,0,23.23224147511911
20230829,243,2023,26.8,24.50011321694034,-1.3105086,0,24.633777041098483
20230829,244,2023,25.9,23.252651532793237,1.8128109,0,28.321160177450807
20230829,245,2023,26.5,23.90291069324427,-1.4368824,0,23.836903964195017
20230829,247,2023,26.9,23.671475707135748,1.7434161,0,28.630340525308632
20230829,248,2023,25.6,22.447223144570028,0.7195581,0,25.788392399903408
20230829,252,2023,26.7,25.90095367133808,-1.6399059,0,25.514169728715373
20230829,253,2023,27.0,24.393041421769244,-1.2087517,0,24.687481195882377
20230829,254,2023,25.5,24.369492954022427,1.4244695,0,28.824422144257994
20230829,255,2023,26.3,24.5663267625638,0.013625331,0,26.79212221198683
20230829,257,2023,27.8,25.067983080410112,-0.29358113,0,26.808392324070518
20230829,258,2023,30.3,28.494980078951045,0.6032948,0,31.652453272911664
20230829,259,2023,26.8,25.12596003616694,0.9484473,0,28.82877417584823
20230829,260,2023,25.9,26.71815350807927,0.9296733,0,30.39130477043932
20230829,261,2023,26.9,26.07688936345639,0.13078864,0,28.48780283946381
20230829,262,2023,29.5,28.600679654449856,0.74721265,0,31.985543064999447
20230829,263,2023,26.9,26.241468225334327,-0.68012846,0,27.371132692268965
20230829,264,2023,26.8,23.227397432503977,0.6237514,0,26.417192073598613
20230829,266,2023,29.0,28.659460388531045,-0.039483875,0,30.80134329206446
20230829,268,2023,28.1,26.730556649367657,0.058901165,0,29.027887915653864
20230829,271,2023,26.3,21.735085526880184,0.947231,0,25.435977924599044
20230829,272,2023,24.3,22.587916674446035,-0.9689822,0,23.261192193416953
20230829,273,2023,24.2,23.613394449041213,-0.26071727,0,25.40572858417348
20230829,276,2023,28.2,23.77793915673543,1.2432925,0,27.94660865525576
20230829,277,2023,28.4,23.70824462363703,1.8029106,0,28.761110744529034
20230829,278,2023,27.4,24.323142824342124,0.46834227,0,27.26739104402811
20230829,279,2023,25.8,23.998381901895332,-0.9786293,0,24.656415048115015
20230829,281,2023,27.2,23.684444089938008,1.734619,0,28.6294095698655
20230829,283,2023,27.5,24.238998357457497,0.18561164,0,26.73653216755372
20230829,284,2023,25.5,23.09343501444206,-1.0214145,0,23.68386750152974
20230829,285,2023,27.3,25.565585645020033,0.98326784,0,29.32341626419351
20230829,288,2023,27.0,24.426383668902993,-0.66566294,0,25.578903642973017
20230829,289,2023,27.1,24.69238789188824,-0.025152013,0,26.856915137903748
20230829,294,2023,27.0,26.469248849733862,-0.18223424,0,28.385586172582137
20230829,295,2023,28.0,28.43767613488912,0.020652331,0,30.674574244610497
20230829,296,2023,27.6,24.607306126342564,-0.66370755,0,25.762915616575462
20230830,90,2023,23.9,21.95939988446842,0.56984216,0,25.064017922961057
20230830,93,2023,24.1,22.76610424074119,2.6658978,0,29.182490263862498
20230830,95,2023,24.7,21.85751043254485,2.5452883,0,28.083333411118126
20230830,98,2023,24.2,23.350359312984907,2.3544106,0,29.274595563462178
20230830,99,2023,23.1,22.53149309301718,0.7672326,0,25.94798802216915
20230830,100,2023,20.7,18.857414893466796,-0.4136003,0,20.408193852221764
20230830,101,2023,24.7,22.556366257151407,2.4220893,0,28.58753483776021
20230830,102,2023,22.5,23.373067309523357,0.60821086,0,26.538307897072997
20230830,104,2023,22.9,22.003767702581857,-0.63143533,0,23.210367299874235
20230830,105,2023,24.2,23.369581678505043,0.9684174,0,27.103948606205513
20230830,106,2023,23.1,21.46053769312273,0.28756344,0,24.119155359443965
20230830,108,2023,24.2,23.117220010729135,-0.6888617,0,24.233085907030834
20230830,112,2023,24.1,23.05597527912408,-0.16008553,0,25.007307569254174
20230830,114,2023,21.8,22.090871862734478,-1.1983243,0,22.40178685895836
20230830,115,2023,27.2,20.918568824889785,2.3403573,0,26.82060079069909
20230830,119,2023,23.5,23.876117010849157,-1.6669255,0,23.446642068718546
20230830,121,2023,22.5,21.29485387238206,0.24280953,0,23.882760362307877
20230830,127,2023,21.3,21.887822679893613,-2.4713905,0,20.187293138477877
20230830,129,2023,23.7,23.61305373817226,-1.1969159,0,23.926194097650686
20230830,130,2023,25.7,21.318787168956344,0.5781516,0,24.4365340972481
20230830,131,2023,23.3,22.98740506864304,-1.692689,0,22.517223966443915
20230830,133,2023,22.6,23.649872215666754,-1.4067253,0,23.631513687606272
20230830,135,2023,22.0,22.105132103257276,-1.1392952,0,22.509313081155348
20230830,136,2023,24.2,22.732728733870204,-0.5972809,0,23.993292307068955
20230830,137,2023,22.5,22.48551321557431,-0.090479195,0,24.54682351337862
20230830,138,2023,28.5,22.66889593975029,2.8311992,0,29.34645805311208
20230830,140,2023,22.9,24.648925187974168,-2.1268198,0,23.492817252622274
20230830,143,2023,24.8,23.54481289093608,-0.6990124,0,24.644640727049484
20230830,146,2023,22.6,24.288596182008614,-1.8559195,0,23.5605108291877
20230830,152,2023,27.7,23.78660120875885,2.6877375,0,30.237493829399085
20230830,155,2023,25.4,23.162269400169137,-0.703883,0,24.25440169847699
20230830,156,2023,23.0,23.867977259590493,-0.89866483,0,24.65235425093919
20230830,159,2023,27.7,24.341047603147576,2.4576683,0,30.428430950258758
20230830,162,2023,26.4,23.829516893321532,-0.4437478,0,25.33266281331727
20230830,165,2023,23.6,25.300307956758036,0.8821408,0,28.89835787095639
20230830,168,2023,26.3,24.12292043679889,0.7269077,0,27.475701982276235
20230830,169,2023,22.1,24.003779867291748,0.39328504,0,26.82943765039994
20230830,170,2023,24.4,23.879571339906157,0.746744,0,27.263694249767198
20230830,172,2023,22.6,24.301909212138785,-0.8310612,0,25.193099966867535
20230830,174,2023,23.7,23.178746312578042,0.4026727,0,26.019236617363248
20230830,177,2023,23.1,23.6808391887325,-1.4016935,0,23.67043094276888
20230830,181,2023,22.2,23.731128259675305,-2.0854213,0,22.640429994199508
20230830,184,2023,23.3,24.171618402873026,-0.83703667,0,25.053367891541896
20230830,185,2023,24.0,26.693964554136645,-0.25397563,0,28.49695048513302
20230830,188,2023,25.0,25.535654338323354,-0.97505134,0,26.199340641777233
20230830,189,2023,27.2,24.449861022733792,-0.15086909,0,26.41575529233652
20230830,192,2023,25.2,24.74519465309376,-1.7613935,0,24.166460274832623
20230830,201,2023,22.9,22.264413487841296,-1.2528616,0,22.489159555918818
20230830,202,2023,22.4,22.03867995221482,0.22928432,0,24.605216598061617
20230830,203,2023,22.6,23.09385034438136,-0.08423591,0,25.16502503804253
20230830,211,2023,24.3,21.76372390215816,1.9628059,0,27.069224598417136
20230830,212,2023,22.6,21.985564064497268,1.432156,0,26.452637918066728
20230830,216,2023,23.3,19.47890101680749,0.3371177,0,22.21581441169299
20230830,217,2023,23.5,22.42172344006243,1.0847034,0,26.33982230993972
20230830,221,2023,21.2,21.779937488847317,-0.8572356,0,22.629772650371564
20230830,226,2023,22.0,22.209229936402338,-2.153259,0,21.01134808099124
20230830,232,2023,22.6,23.137860929640215,-1.8342992,0,22.44393560909164
20230830,235,2023,23.2,24.703994566871508,-1.6304978,0,24.33207544806701
20230830,236,2023,23.3,23.71334506380622,-1.7649395,0,23.12900800629246
20230830,238,2023,22.0,24.008080995392728,-1.4219042,0,23.965739775567414
20230830,239,2023,22.8,23.567318302611383,-2.0619075,0,22.51377183156918
20230830,243,2023,22.1,24.65374281455127,-1.9980665,0,23.701065100280154
20230830,244,2023,22.0,22.44080421845761,-1.666815,0,22.011503877405033
20230830,245,2023,22.8,24.612217551985456,-1.5138611,0,24.42458450305095
20230830,247,2023,22.8,24.68046470466247,-0.807492,0,25.608894742714504
20230830,248,2023,22.3,22.105865841421068,-1.7785655,0,21.49999973641814
20230830,252,2023,22.9,24.53307223241538,-0.30536908,0,26.254856513507498
20230830,253,2023,27.6,23.966670133152174,-0.3697705,0,25.58670017385066
20230830,254,2023,22.9,23.728074151001866,-0.3597927,0,25.36386909631861
20230830,255,2023,26.3,23.995011293791194,-0.5921959,0,25.263609153488964
20230830,257,2023,27.6,24.450441743198173,-0.55449885,0,25.778600984235972
20230830,258,2023,25.3,23.949605415433446,1.1705759,0,28.003382695840827
20230830,259,2023,24.6,24.16097134996037,0.99059665,0,27.930381486259932
20230830,260,2023,24.0,24.038940708742295,0.52242464,0,27.068639063301674
20230830,261,2023,25.0,24.265711121279303,1.1030424,0,28.21278548268034
20230830,262,2023,24.1,23.278603916769164,1.1629171,0,27.320280419550507
20230830,263,2023,24.9,23.425098147461696,-1.6369182,0,23.04303483786893
20230830,264,2023,24.4,23.9561425891677,-1.8551133,0,23.229331051978647
20230830,266,2023,26.9,23.578588812161904,-0.32039157,0,25.276637564665734
20230830,268,2023,24.8,25.93833605304531,0.5441236,0,29.002318751324168
20230830,271,2023,24.5,20.80052467582942,1.4456689,0,25.288949020445784
20230830,272,2023,23.2,21.146032541879073,-0.05989096,0,23.255672252099004
20230830,273,2023,22.8,24.197119246273434,-0.29298064,0,25.93847725938403
20230830,276,2023,25.2,22.27569113079045,-0.72242135,0,23.338532826891118
20230830,277,2023,26.0,22.15820637963107,0.6346908,0,25.365285303171618
20230830,278,2023,24.0,23.002526560549907,-0.5001943,0,24.41648697503627
20230830,279,2023,22.2,23.029174735765714,-1.4003241,0,23.020930074034425
20230830,281,2023,24.9,23.157102351025976,-0.065125614,0,25.258471306357258
20230830,283,2023,27.6,22.964511491251177,2.710603,0,29.45153165534081
20230830,284,2023,23.9,23.897156048823643,-2.0775511,0,22.818892695075753
20230830,285,2023,24.6,23.405295639895417,-1.3142545,0,23.53304092071479
20230830,288,2023,24.9,25.051020308462814,-1.4610623,0,24.946809281394152
20230830,289,2023,24.8,23.249280730161697,-2.2200706,0,21.945836607447134
20230830,294,2023,27.3,23.311031116389415,0.1797596,0,25.799318721096135
20230830,295,2023,26.1,23.532808253982658,-0.6775375,0,24.666566428717204
20230830,296,2023,28.1,24.47938383382371,-0.0418024,0,26.617603469714865
20240824,90,2024,30.3,28.857969447652028,0.16464697,0,31.322379083570603
20240824,93,2024,31.2,25.09110531895609,0.733477,0,28.454266399393227
20240824,95,2024,31.0,26.846695269819737,0.093976304,0,29.199445256127788
20240824,98,2024,29.6,23.916572368511098,-0.1617843,0,25.86522059085545
20240824,99,2024,30.4,26.020949700150577,-0.030080564,0,28.177689834615514
20240824,100,2024,29.7,23.91166527379089,-0.054194964,0,26.030304656021364
20240824,101,2024,30.6,25.559100654815136,0.78504676,0,29.003741955808536
20240824,102,2024,28.5,24.813290977639422,0.26942697,0,27.443253018974957
20240824,104,2024,30.6,28.444706086330868,0.06279525,0,30.748190009962016
20240824,105,2024,32.5,31.096884335249694,0.23201483,0,33.66773520045207
20240824,106,2024,31.4,27.332278054766956,0.1454746,0,29.766395345400113
20240824,108,2024,28.1,25.59798405058149,-1.5301763,0,25.38457295122432
20240824,112,2024,29.2,24.752323091483532,0.27516448,0,27.391350403839006
20240824,114,2024,30.5,24.442106291628225,0.8573481,0,28.00098369114953
20240824,115,2024,31.7,27.53856013818448,-0.13054885,0,29.536560381746177
20240824,119,2024,29.9,26.590950731180037,0.09976693,0,28.952849910506764
20240824,121,2024,31.4,28.82506710129266,0.17295986,0,31.30261111272383
20240824,127,2024,31.3,28.65590414309723,0.24920042,0,31.253908230562473
20240824,129,2024,30.3,27.049601773508556,0.4522062,0,29.968354986752473
20240824,130,2024,29.7,27.560128491733547,-0.07633813,0,29.643781676760625
20240824,131,2024,26.7,27.820488101724276,0.32080382,0,30.531625565132224
20240824,133,2024,32.1,30.602123698212722,0.31095278,0,33.29769652086025
20240824,135,2024,32.2,29.615512686474258,-0.01932461,0,31.78924722874946
20240824,136,2024,34.2,31.660718176732242,0.015802024,0,33.889952800636
20240824,137,2024,32.9,29.96652039636844,0.21789293,0,32.515058651719464
20240824,138,2024,33.0,31.18718130089083,0.05329815,0,33.475659802808984
20240824,140,2024,31.4,30.83394470189828,0.15741587,0,33.2869291976148
20240824,143,2024,34.8,31.932106326498136,0.086513005,0,34.27306430080014
20240824,146,2024,32.4,31.66166500009094,0.26747695,0,34.28854600104409
20240824,152,2024,33.2,30.32012028320913,-0.07021476,0,32.413448383311504
20240824,155,2024,32.3,30.48969370132707,0.17856473,0,32.9760933965618
20240824,156,2024,33.0,31.490103975209443,0.09980109,0,33.85205712877718
20240824,159,2024,32.3,30.434392086783724,-0.076267794,0,32.51815639871052
20240824,162,2024,32.0,29.92125267994078,-0.08366265,0,31.993333116694245
20240824,165,2024,31.7,30.19030578253205,0.14604552,0,32.62532513164738
20240824,168,2024,32.3,30.187874245726206,-0.11526294,0,32.21002622578578
20240824,169,2024,30.9,27.211758613959006,0.15820654,0,29.665992369087824
20240824,170,2024,33.5,29.81424299263515,0.2687735,0,32.443172542644355
20240824,172,2024,33.0,29.701534382818426,0.15830344,0,32.1559212435042
20240824,174,2024,31.6,30.57106793098123,-0.14906567,0,32.539811593176864
20240824,177,2024,29.8,28.831910013124507,0.1798428,0,31.320329063060278
20240824,181,2024,22.8,26.94347612378218,0.22175783,0,29.498120919991948
20240824,184,2024,32.0,30.383881733805985,0.15985791,0,32.8407246637824
20240824,185,2024,30.4,28.713271139318472,-0.15231888,0,30.676874735069234
20240824,188,2024,31.5,29.825267606129458,0.0790708,0,32.15446689472342
20240824,189,2024,31.7,29.615897568431098,0.07733311,0,31.942351304515036
20240824,192,2024,33.4,31.145284307323198,-0.106059745,0,33.181977336386375
20240824,201,2024,28.7,24.656033495603346,-0.2559499,0,26.45590005685446
20240824,202,2024,29.3,27.054215009123734,0.53468263,0,30.103280992972735
20240824,203,2024,30.0,25.89255436373907,0.51702434,0,28.913720244257462
20240824,211,2024,30.9,27.771225029818154,0.20022658,0,30.291850444623996
20240824,212,2024,30.8,28.29252316149051,0.44525594,0,31.20029496518471
20240824,216,2024,30.9,26.971372301627934,-0.33584484,0,28.645004873282687
20240824,217,2024,33.7,30.063945624296952,-0.0024297757,0,32.26437400484347
20240824,221,2024,30.3,30.214931123646164,0.067591555,0,32.52599320729504
20240824,226,2024,30.4,27.97026921164109,0.31234267,0,30.668038061925145
20240824,232,2024,28.0,27.746816810800965,-0.7556724,0,28.75712185242928
20240824,235,2024,31.6,29.589255431484112,0.0534205,0,31.877927245942914
20240824,236,2024,32.6,30.76411243577091,0.25758228,0,33.37535985961568
20240824,238,2024,31.5,29.463291328462457,0.13373926,0,31.87886678980761
20240824,239,2024,31.0,30.25159895615495,0.27127817,0,32.884485895161234
20240824,243,2024,32.2,30.628451194702308,0.21697389,0,33.17553736050522
20240824,244,2024,31.8,29.370775131763835,-0.025908072,0,31.534107804809068
20240824,245,2024,32.9,30.481096041607977,0.07158722,0,32.79847127503689
20240824,247,2024,33.5,31.117072069703166,-0.10722869,0,33.15191816733863
20240824,248,2024,29.6,29.742169552330516,-0.016609034,0,31.92019470538107
20240824,252,2024,32.5,30.286299242936796,0.20856372,0,32.82009733907427
20240824,253,2024,32.9,31.129464543621253,0.10309245,0,33.496618035850666
20240824,254,2024,32.3,30.416236606311188,0.0017228517,0,32.62322613801158
20240824,255,2024,34.3,31.86575705076954,0.115276486,0,34.25216132423703
20240824,257,2024,35.5,30.99104268788776,-0.086173326,0,33.059156259250685
20240824,258,2024,32.8,30.157177117761606,-0.09030284,0,32.218766056849425
20240824,259,2024,32.4,30.910291036443923,0.19254263,0,33.4187758139116
20240824,260,2024,33.1,30.676759879584754,0.17136578,0,33.15178524221269
20240824,261,2024,33.0,30.30012410138232,-0.01924519,0,32.47398412641044
20240824,262,2024,34.0,30.634485063503856,-0.11547439,0,32.65630295654923
20240824,263,2024,35.0,32.267076439990234,-0.0055310903,0,34.462604743388404
20240824,264,2024,34.0,30.96606359367732,-0.09017413,0,33.02785589263724
20240824,266,2024,34.2,31.06190512143567,-0.104890145,0,33.10044611785529
20240824,268,2024,31.8,29.543882368953334,0.09974834,0,31.905752177346287
20240824,271,2024,31.4,28.317820206004317,-0.06555615,0,30.418508909320003
20240824,272,2024,32.1,29.68898036247305,0.06898699,0,32.00224723206495
20240824,273,2024,32.0,29.61046794595478,0.27158657,0,32.24384214816373
20240824,276,2024,34.5,30.92699733226715,0.043909624,0,33.20064196462375
20240824,277,2024,33.4,28.73603429992969,-0.01952047,0,30.909459382041774
20240824,278,2024,34.5,31.47086007529209,0.0048863553,0,33.68284794267946
20240824,279,2024,34.0,31.178986560524745,0.2121956,0,33.71852304257798
20240824,281,2024,34.6,31.32790006611341,0.09452659,0,33.68151950269259
20240824,283,2024,36.3,31.008421143825114,-0.09300776,0,33.065736311865344
20240824,284,2024,32.7,31.139555893786582,-0.095015675,0,33.19369855364667
20240824,285,2024,34.7,31.65855539638685,-0.02996561,0,33.81547715976446
20240824,288,2024,34.3,31.879880499885605,0.14711231,0,34.31658537566995
20240824,289,2024,33.5,31.347493804615766,-0.11398278,0,33.37166843551324
20240824,294,2024,31.8,30.212955790463756,0.008307538,0,32.43034912658697
20240824,295,2024,32.1,30.37674100343299,0.015846942,0,32.60604659728344
20240824,296,2024,34.0,31.899991353061825,0.012956938,0,34.124730740837016
20240825,90,2024,28.7,25.90073826391888,0.38808924,0,28.71818668857332
20240825,93,2024,31.4,27.909953127452308,0.32603836,0,30.629361163284194
20240825,95,2024,30.0,26.79129492819165,0.64576584,0,30.01587238307375
20240825,98,2024,31.7,29.581272588893164,0.30605125,0,32.26910099673432
20240825,99,2024,31.3,29.329984779050736,0.22376364,0,31.887798763759953
20240825,100,2024,27.3,22.13432273145601,0.33326024,0,24.865141333856265
20240825,101,2024,32.0,29.50435803243505,0.35743663,0,32.27337532942206
20240825,102,2024,28.3,25.937628905205923,0.20396212,0,28.4641564768416
20240825,104,2024,28.9,28.58079661163109,0.2696075,0,31.211043910067687
20240825,105,2024,30.8,29.179811806943768,0.44486204,0,32.08696125291188
20240825,106,2024,30.7,25.93380263473427,0.4169026,0,28.796776171540806
20240825,108,2024,31.5,29.064949802744533,0.005315355,0,31.277615489775073
20240825,112,2024,31.6,30.188415893011907,0.22117136,0,32.742134074519925
20240825,114,2024,31.5,27.49735612926043,0.41073945,0,30.350591888953055
20240825,115,2024,30.2,27.609929709988567,0.11380744,0,29.994012890969678
20240825,119,2024,31.8,29.043120130305358,0.48396352,0,32.012049916945
20240825,121,2024,32.3,28.460421204193352,0.20630586,0,30.990651891411495
20240825,127,2024,32.4,28.79894383701764,0.25160837,0,31.40075249044901
20240825,129,2024,30.9,28.983056751664872,0.007981033,0,31.199934209997338
20240825,130,2024,28.9,27.04685002036603,0.18620189,0,29.545316425298005
20240825,131,2024,32.4,30.337265364849916,0.31987825,0,33.04694042651016
20240825,133,2024,32.1,31.446552082686736,0.26762405,0,34.07366550837591
20240825,135,2024,32.5,29.120477015642766,0.15577531,0,31.570869429335673
20240825,136,2024,33.0,28.825814820338557,0.3272171,0,31.547085267669466
20240825,137,2024,32.9,30.171649816947955,0.2428484,0,32.759617709194636
20240825,138,2024,27.5,29.29353912201248,-0.009007195,0,31.48357517998612
20240825,140,2024,31.2,27.84035783085249,0.35257888,0,30.601699884819446
20240825,143,2024,35.1,28.76471867471589,0.3913276,0,31.58728369261202
20240825,146,2024,30.3,26.865600172279297,-0.24088602,0,28.6892676904353
20240825,152,2024,31.8,31.17158481017546,-0.054900263,0,33.289109821508525
20240825,155,2024,32.1,29.890316412426362,0.077045485,0,32.21631570541319
20240825,156,2024,32.8,28.120651229137284,0.19841807,0,30.638419199358758
20240825,159,2024,32.3,29.681314690608104,-0.055594146,0,31.797743365621123
20240825,162,2024,32.2,28.88503269968454,-0.065407336,0,30.98595653527724
20240825,165,2024,30.9,30.319505185694467,0.24477494,0,32.91051701324007
20240825,168,2024,32.1,29.57646083504252,0.2395358,0,32.159194815119264
20240825,169,2024,31.6,26.611275079602876,0.024866056,0,28.85483087369513
20240825,170,2024,34.1,29.539202570902855,0.38973692,0,32.3592543315339
20240825,172,2024,31.1,27.71206183231596,0.3463889,0,30.463623730266562
20240825,174,2024,32.2,30.15003654505947,0.09884039,0,32.51047179228924
20240825,177,2024,29.9,28.778088641316938,0.26237848,0,31.39691407214451
20240825,181,2024,30.8,30.111844809944422,0.24784742,0,32.70771116430782
20240825,184,2024,32.3,31.11694325168975,-0.08870177,0,33.18106188163927
20240825,185,2024,29.3,28.658834503005853,-0.10941382,0,30.690228097407164
20240825,188,2024,30.9,28.840566606852576,0.10894759,0,31.216971225132944
20240825,189,2024,30.9,26.596362722026445,0.083472945,0,28.93251740089493
20240825,192,2024,34.0,30.09444728879135,0.22017306,0,32.64658815109456
20240825,201,2024,30.2,27.364286255040525,0.2692847,0,29.994023499842477
20240825,202,2024,31.0,29.450277021743492,0.2925983,0,32.116849773103866
20240825,203,2024,31.2,29.345716987487027,0.303075,0,32.02884289105096
20240825,211,2024,31.7,28.20591919190104,0.17168483,0,30.681448651573447
20240825,212,2024,31.5,29.198710061539003,0.29905352,0,31.875482049173137
20240825,216,2024,27.0,23.945089036934267,-0.3924162,0,25.529338852832637
20240825,217,2024,32.6,26.776730694615505,0.7449924,0,30.158086073796845
20240825,221,2024,30.7,29.19078282184968,0.12826273,0,31.59770535889559
20240825,226,2024,31.0,29.77069322722656,0.30013236,0,32.44916978849198
20240825,232,2024,30.8,27.963039897985386,0.36667496,0,30.74665376033819
20240825,235,2024,32.3,29.0840124662769,0.16462089,0,31.548380900484773
20240825,236,2024,31.8,30.710565395034873,0.3138076,0,33.41064883970694
20240825,238,2024,30.7,27.16853288048945,0.51755744,0,30.190541065237575
20240825,239,2024,31.7,29.856663107785234,0.24377,0,32.44608713911959
20240825,243,2024,30.6,29.7856946861648,-0.003941141,0,31.983735109366556
20240825,244,2024,30.6,27.074956180897036,0.39810115,0,29.90822342555117
20240825,245,2024,31.7,27.091364708599766,0.05009687,0,29.374785188450964
20240825,247,2024,33.0,30.860972132041407,0.16265295,0,33.3222312261776
20240825,248,2024,30.1,29.2999070602284,0.13641521,0,31.719710523406512
20240825,252,2024,31.1,28.98736359540933,0.40915057,0,31.838088923097025
20240825,253,2024,32.4,31.086587103233285,0.07411366,0,33.40795411142983
20240825,254,2024,28.6,29.914939314493257,0.23870604,0,32.49636227967933
20240825,255,2024,34.0,32.03112033454506,0.13567582,0,34.44975555264603
20240825,257,2024,34.1,29.438438129833536,0.39124733,0,32.260876340636045
20240825,258,2024,33.5,29.839423157162393,0.033314083,0,32.0963268340321
20240825,259,2024,34.5,30.876714487118655,0.28300413,0,33.52812844634093
20240825,260,2024,34.1,29.966396890993124,0.27985588,0,32.612836602998215
20240825,261,2024,32.3,30.41190672583123,0.31126744,0,33.10797670009199
20240825,262,2024,35.1,29.255192840077346,0.3408024,0,31.997928060228723
20240825,263,2024,35.2,31.440859016588632,0.17644556,0,33.92391042537345
20240825,264,2024,33.9,30.252394480176893,0.2567402,0,32.86231144192354
20240825,266,2024,33.9,30.765031947590142,0.22050792,0,33.31770188694642
20240825,268,2024,31.8,29.142985164811442,0.27018532,0,31.774145398981837
20240825,271,2024,30.8,24.500984783659955,0.568069,0,27.602801200000265
20240825,272,2024,29.7,25.73198413290528,-0.30101976,0,27.46064034137796
20240825,273,2024,31.6,30.04353234459027,0.28262004,0,32.69433943792966
20240825,276,2024,33.0,29.00339304114339,0.27701318,0,31.64534129580538
20240825,277,2024,30.7,27.822083391200493,0.07846864,0,30.15033127343478
20240825,278,2024,35.1,30.48823712780721,0.2384448,0,33.069247346027396
20240825,279,2024,33.9,29.587905212740548,0.2752021,0,32.22699194973477
20240825,281,2024,33.8,29.830746883423863,0.33302134,0,32.56118803106643
20240825,283,2024,33.6,29.268444272789296,0.55463934,0,32.34904185520626
20240825,284,2024,32.1,26.981948723443395,0.3289934,0,29.706025737131917
20240825,285,2024,34.1,30.850771250462678,0.24048324,0,33.435002194636446
20240825,288,2024,33.9,31.49055397170158,0.17719361,0,33.97478730453148
20240825,289,2024,33.8,30.354953796548212,0.29840267,0,33.03069743657092
20240825,294,2024,31.4,28.983982700726095,0.076417,0,31.308988985397356
20240825,295,2024,30.9,29.156779921966255,0.14877848,0,31.596117351626056
20240825,296,2024,33.6,30.99388874470367,0.21933424,0,33.544704277464724
20240826,90,2024,27.5,24.5339615490627,-0.22658385,0,26.380226486838268
20240826,93,2024,29.1,26.099318117493013,1.2277645,0,30.243453433464822
20240826,95,2024,29.5,26.900947353510176,0.23535764,0,29.4770798542354
20240826,98,2024,30.0,27.443319354468105,0.1106026,0,29.82233889229174
20240826,99,2024,30.6,30.128283141658038,0.18837516,0,32.63018332070367
20240826,100,2024,24.6,22.118994515730137,1.2155433,0,26.24382030859632
20240826,101,2024,28.7,25.372930954229588,1.1880219,0,29.454272979586314
20240826,102,2024,25.8,24.506544710599403,1.0712446,0,28.403378600637375
20240826,104,2024,26.7,24.08251489238907,1.9178791,0,29.31703130377027
20240826,105,2024,28.2,25.811910453652487,1.929775,0,31.065222379140437
20240826,106,2024,26.7,23.706465055875427,0.6443474,0,26.92880142022141
20240826,108,2024,29.7,26.328778344425306,0.77402836,0,29.75601058064896
20240826,112,2024,29.3,27.913189747315126,0.37615743,0,30.71178591722122
20240826,114,2024,30.1,28.146968588070283,1.4504517,0,32.642949750218236
20240826,115,2024,28.0,24.55101534978857,1.8303778,0,29.647279726982454
20240826,119,2024,30.5,26.22107155980073,1.7032477,0,31.11647029873854
20240826,121,2024,27.9,25.545171951707474,1.0168487,0,29.35606029750258
20240826,127,2024,29.3,27.30065713056983,1.5410578,0,31.939795920300334
20240826,129,2024,30.5,26.6531467056604,0.9591371,0,30.372850721468936
20240826,130,2024,28.9,25.121998653550115,1.5647479,0,29.798567808366222
20240826,131,2024,31.3,26.886609340734328,1.7159706,0,31.802110370779317
20240826,133,2024,31.2,26.13767278908707,1.92193,0,31.378589544840068
20240826,135,2024,30.0,28.16618256436841,0.91579264,0,31.817402368016836
20240826,136,2024,32.3,30.865375363634712,-0.06607219,0,32.9652487321833
20240826,137,2024,31.3,29.69373954330646,0.5056037,0,32.69686076969391
20240826,138,2024,27.0,29.695079389915204,0.7520082,0,33.08751977151888
20240826,140,2024,32.1,30.14198063133367,0.12092358,0,32.53730731183222
20240826,143,2024,33.6,32.17167723789421,-0.058254767,0,34.28390213179419
20240826,146,2024,32.4,31.324087677154537,0.21461228,0,33.86744249831719
20240826,152,2024,31.0,29.924759102269945,0.53844917,0,32.97977621412493
20240826,155,2024,32.8,30.212266732522394,-0.08955703,0,32.27503405230818
20240826,156,2024,31.8,29.758244065356422,0.6338959,0,32.964066972404126
20240826,159,2024,31.8,30.36832888450644,0.05974429,0,32.66699229038899
20240826,162,2024,32.6,29.127650719673277,-0.03885631,0,31.27052517769046
20240826,165,2024,30.8,27.619139471814567,1.4949925,0,32.185495039346584
20240826,168,2024,31.4,29.707588184173403,0.2625933,0,32.326753022921814
20240826,169,2024,30.2,27.724280558064002,-0.24608506,0,29.5397335852103
20240826,170,2024,33.6,30.07057865922024,0.059289657,0,32.368523742706515
20240826,172,2024,31.8,29.81419299314787,0.040437214,0,32.08235121747944
20240826,174,2024,30.7,30.346413339556353,-0.011227491,0,32.532941329374495
20240826,177,2024,30.1,27.095288722055237,1.6529235,0,31.91117522249054
20240826,181,2024,30.2,26.960331887982097,1.6244812,0,31.73127961192433
20240826,184,2024,32.0,29.33353374669707,0.00020041456,0,31.53811782779959
20240826,185,2024,31.7,28.681879808653626,-0.17404133,0,30.611161932057605
20240826,188,2024,31.7,29.99497603515861,-0.08590431,0,32.06351465514105
20240826,189,2024,32.3,29.178753863984184,0.016027309,0,31.408344438295636
20240826,192,2024,33.1,30.75309490627447,-0.12360791,0,32.762061832717286
20240826,201,2024,29.9,29.237703344004537,0.023237156,0,31.47868547618083
20240826,202,2024,29.2,25.467884447640433,1.7822152,0,30.488051949166746
20240826,203,2024,29.9,25.674272778786076,1.9983424,0,31.035921188706247
20240826,211,2024,29.4,25.616904860546313,1.2035811,0,29.72283041632906
20240826,212,2024,29.5,25.190746595585185,1.6854814,0,30.058074679653913
20240826,216,2024,26.4,25.192547090927672,1.0466963,0,29.050594679352784
20240826,217,2024,30.6,26.12986807521482,1.5818596,0,30.833473651329903
20240826,221,2024,28.7,24.83337330570455,2.0113828,0,30.215625584586057
20240826,226,2024,30.8,27.150499261324722,1.6286687,0,31.928063179515156
20240826,232,2024,30.3,25.600930650073533,1.9139873,0,30.829297976886707
20240826,235,2024,30.7,30.15018994057073,0.80911714,0,33.63286244531092
20240826,236,2024,31.6,26.819311130388257,1.7373323,0,31.76856366008611
20240826,238,2024,30.8,29.684066904660476,0.9782476,0,33.43396551175281
20240826,239,2024,29.2,26.01254208250882,2.0071836,0,31.388159520425056
20240826,243,2024,31.0,27.6253236318766,1.2352549,0,31.78129377431783
20240826,244,2024,31.5,29.951418415235747,0.095612824,0,32.30675410318822
20240826,245,2024,33.5,29.574153650702144,0.033831846,0,31.831875393423772
20240826,247,2024,33.6,30.464993321632935,-0.07732358,0,32.547089494012624
20240826,248,2024,31.3,29.715023218648724,0.42067575,0,32.58395833692384
20240826,252,2024,31.6,30.42522789006751,0.052891184,0,32.71306338631655
20240826,253,2024,32.5,30.087701310070784,0.3606845,0,32.861850268353685
20240826,254,2024,32.6,30.333934143205905,-0.075475894,0,32.41894965691135
20240826,255,2024,32.4,31.94090251007226,-0.12952203,0,33.940525135738355
20240826,257,2024,34.4,30.355538361284985,0.13597505,0,32.7746463631303
20240826,258,2024,32.9,30.495053824768224,-0.05561052,0,32.61145663099288
20240826,259,2024,32.9,30.365061344367135,0.5892666,0,33.50036999565274
20240826,260,2024,32.5,30.196949905912376,0.521261,0,33.22480967533343
20240826,261,2024,31.2,27.974287038124814,1.2037745,0,32.080518098706456
20240826,262,2024,32.2,28.59457370746205,0.3906501,0,31.416068281370336
20240826,263,2024,35.0,32.235101028632194,0.03083226,0,34.488083426861266
20240826,264,2024,33.0,30.658345944899946,0.14389428,0,33.089966341233115
20240826,266,2024,33.3,30.815837187293837,-0.1229629,0,32.825823232164886
20240826,268,2024,31.1,30.054349138282788,-0.08946235,0,32.11726605559417
20240826,271,2024,28.8,26.928546493778278,0.6911622,0,30.22485024103213
20240826,272,2024,29.8,29.455342441317647,1.0834011,0,33.37138358004336
20240826,273,2024,29.9,29.42901874489073,1.0639327,0,33.31429976942348
20240826,276,2024,33.9,30.12046022394283,0.33526573,0,32.85444749687817
20240826,277,2024,29.9,29.904704876885422,-0.082848094,0,31.97807231381818
20240826,278,2024,33.1,31.841238006654955,-0.07601477,0,33.92540209289472
20240826,279,2024,32.4,31.55194568015198,-0.116911106,0,33.57149355906033
20240826,281,2024,32.5,30.953978095193317,0.089447506,0,33.29957258040393
20240826,283,2024,32.7,29.177388523936063,1.5088336,0,33.765613111930115
20240826,284,2024,31.5,30.468382390120293,0.13129233,0,32.880091694827776
20240826,285,2024,33.9,30.957768278888985,-0.050187893,0,33.082738833704944
20240826,288,2024,33.9,30.505914751614007,0.2844629,0,33.15963355807673
20240826,289,2024,32.9,30.82639177355883,-0.106862456,0,32.86181651979129
20240826,294,2024,29.6,29.909498527442338,0.36877778,0,32.6964348486584
20240826,295,2024,32.0,29.956731281516475,-0.024700789,0,32.121971461333096
20240826,296,2024,31.1,29.965509712222236,0.04897717,0,32.2471610671334
20240827,90,2024,25.6,23.394863551242118,-1.266754,0,23.59765960806628
20240827,93,2024,26.2,24.729217859650486,-1.4349308,0,24.666294619542427
20240827,95,2024,27.2,25.587356210466414,-0.0053529274,0,27.783166011309547
20240827,98,2024,26.7,23.56676466206515,-0.60856044,0,24.80950658833511
20240827,99,2024,27.2,24.46816692183835,0.8634354,0,28.036662260355016
20240827,100,2024,21.2,19.984793723933823,-1.7651796,0,19.400077328155596
20240827,101,2024,25.4,24.992041817659384,-1.6292261,0,24.62213202388235
20240827,102,2024,27.3,24.7239264086155,0.10918126,0,27.1007002295395
20240827,104,2024,24.5,22.572703488075135,-1.0382524,0,23.13653219537003
20240827,105,2024,25.9,23.8354447827671,-1.3915023,0,23.841138636222126
20240827,106,2024,24.8,23.416757342805123,-1.4827299,0,23.27831150824516
20240827,108,2024,27.4,24.11447057385678,-0.7627207,0,25.113639287503148
20240827,112,2024,28.1,25.785558118256102,0.37185585,0,28.577357795227968
20240827,114,2024,25.7,23.234917544266544,-1.5110623,0,23.051706592538153
20240827,115,2024,23.9,22.368596398530833,2.1256647,0,27.931414067999192
20240827,119,2024,26.4,22.994807724262493,-1.6166638,0,22.644746324879378
20240827,121,2024,24.0,24.089652369868457,-1.6940958,0,23.617248352973597
20240827,127,2024,25.2,23.445354426701584,-1.2833197,0,23.62197670832967
20240827,129,2024,24.9,24.064799060796457,-1.8265326,0,23.383144975237045
20240827,130,2024,24.9,24.61281979555318,-0.81294495,0,25.53263420274012
20240827,131,2024,27.4,23.615268765088377,-1.0724072,0,24.12513274307419
20240827,133,2024,28.2,24.73761360955719,-0.58903164,0,26.011211049638263
20240827,135,2024,26.8,22.97163413096608,0.06473254,0,25.278178965000954
20240827,136,2024,24.1,25.03262009020753,-1.1596053,0,25.40471119812956
20240827,137,2024,28.0,24.625600161144007,-0.5427246,0,25.97236270442218
20240827,138,2024,25.6,24.849330575007652,-0.6990607,0,25.949082129096674
20240827,140,2024,28.9,24.493535629005688,-0.8378253,0,25.374039083767627
20240827,143,2024,27.2,25.68295278359604,0.094836436,0,28.037061778901773
20240827,146,2024,30.2,24.897773391338227,1.2972227,0,29.15165273635514
20240827,152,2024,25.8,26.03629312908405,-0.3780269,0,27.64327804894723
20240827,155,2024,30.8,28.05360784770327,1.1804609,0,32.123003542989494
20240827,156,2024,31.2,27.502742083685533,0.81372744,0,30.992698862526986
20240827,159,2024,31.4,26.7555597225024,1.0786536,0,30.664099795497066
20240827,162,2024,31.6,26.323660424140428,0.92171526,0,29.984237960323263
20240827,165,2024,30.7,28.45482634049978,0.3068397,0,31.14390049972186
20240827,168,2024,31.2,27.403532747264947,0.8061925,0,30.881584350658933
20240827,169,2024,30.2,26.33172218165195,0.133833,0,28.74744575726111
20240827,170,2024,34.9,29.757805391383382,-0.04167076,0,31.896233019396114
20240827,172,2024,31.1,26.667727443528495,1.523412,0,31.278985812574184
20240827,174,2024,30.4,29.01888905686727,0.6070329,0,32.18226845719729
20240827,177,2024,25.6,24.397892240945865,-1.3303593,0,24.500191910288336
20240827,181,2024,25.5,23.45354484341061,-0.93554395,0,24.17965282159288
20240827,184,2024,31.3,28.552630280377223,0.02809491,0,30.801287664402516
20240827,185,2024,30.3,26.19243677653514,0.42886478,0,29.07431055042511
20240827,188,2024,31.4,28.425840547276362,0.22770317,0,30.98987898036843
20240827,189,2024,33.2,28.68775892825312,0.03612164,0,30.949098546103734
20240827,192,2024,31.8,26.427418712353248,1.0219688,0,30.24639690809724
20240827,201,2024,27.8,23.779837180891196,0.5100001,0,26.789904780264493
20240827,202,2024,25.7,23.97620703487067,-1.7735481,0,23.37826842153263
20240827,203,2024,24.9,23.507161891984733,-1.7358187,0,22.968835703020318
20240827,211,2024,25.4,23.17014587820355,-1.6280704,0,22.80206214424478
20240827,212,2024,25.3,22.859992574463195,-1.388374,0,22.870629126396913
20240827,216,2024,20.4,21.251219157166194,-1.3547825,0,21.314930293107174
20240827,217,2024,24.9,23.441154978293206,-1.7485745,0,22.882674701785305
20240827,221,2024,23.9,22.516873408775293,-1.5357311,0,22.294685732899104
20240827,226,2024,27.2,22.94002507313229,-0.4807776,0,24.384663904705256
20240827,232,2024,26.5,23.31075236355626,-1.1399275,0,23.713934329460926
20240827,235,2024,28.5,24.848733711612724,-1.1974825,0,25.160978840321043
20240827,236,2024,28.0,24.500028937470336,-0.9356287,0,25.226002998320908
20240827,238,2024,28.9,24.767954511831196,1.5548062,0,29.428815785196647
20240827,239,2024,27.1,23.914375254567645,-0.86036015,0,24.759273650659537
20240827,243,2024,29.7,25.40333260648123,-0.28715122,0,27.1539011089841
20240827,244,2024,29.2,23.904768500557434,1.2711649,0,28.11747645933243
20240827,245,2024,31.4,26.818618067074606,0.6561938,0,30.059671685820838
20240827,248,2024,28.4,23.816537534185528,1.4887158,0,28.372975873495655
20240827,252,2024,30.7,26.601889421984446,1.3380375,0,30.920256083609786
20240827,253,2024,30.3,24.90515683380525,1.5267599,0,29.521704843277575
20240827,254,2024,30.6,24.95364209848995,1.2161121,0,29.079366700789116
20240827,255,2024,30.9,26.644053250838112,1.5252293,0,31.25818302596214
20240827,257,2024,30.0,27.1723004596722,1.1079931,0,31.127197024709403
20240827,258,2024,33.2,30.06464083144248,-0.03859217,0,32.20793262747331
20240827,259,2024,33.3,30.56487969974102,-0.027060894,0,32.726390912844685
20240827,260,2024,32.9,30.373781426117343,-0.015959103,0,32.55283347000456
20240827,261,2024,32.9,29.138328804178702,-0.0018183428,0,31.339723248593472
20240827,262,2024,31.6,29.704905050552956,0.058738634,0,32.001979518348286
20240827,263,2024,32.6,26.850516530783118,1.1082908,0,30.80588340746202
20240827,264,2024,31.7,27.1998069335982,0.8869499,0,30.805455196652524
20240827,266,2024,31.6,28.063020430054134,0.5966016,0,31.20991839270105
20240827,268,2024,29.2,29.24987558919618,0.29127383,0,31.914355670354297
20240827,271,2024,24.7,22.037769784838872,-0.24416144,0,23.856262132692486
20240827,272,2024,26.7,23.864105659944983,-1.12177,0,24.295976447642254
20240827,273,2024,27.8,24.024220134550596,-1.3108594,0,24.15732964266489
20240827,276,2024,25.3,24.27791692804819,-0.2017835,0,26.16336643494416
20240827,277,2024,24.0,23.975774905684908,0.13327244,0,26.39061278577701
20240827,278,2024,28.7,24.69250822957228,-0.24973452,0,26.50219511262172
20240827,279,2024,28.6,24.107555396635476,0.2628564,0,26.727135925329108
20240827,281,2024,27.0,25.767336411426292,1.271695,0,29.98088196566409
20240827,283,2024,25.9,25.742775623092417,-0.64375025,0,26.92991765364667
20240827,284,2024,30.3,24.844992800160178,0.84714603,0,28.38775096035119
20240827,285,2024,31.4,26.979620729047316,0.75213164,0,30.372256147777527
20240827,288,2024,31.2,27.153493568293605,1.4895952,0,31.711321370551573
20240827,289,2024,30.7,28.157940886113828,0.6540522,0,31.395610784938953
20240827,294,2024,30.7,27.95763918461634,0.6106268,0,31.126696981171335
20240827,295,2024,31.0,27.745147761155128,1.0432259,0,31.597712084657147
20240827,296,2024,30.1,25.990726500471375,1.2397175,0,30.15374755052445
20240828,90,2024,29.4,27.820990824420033,0.4000821,0,30.65738798645736
20240828,93,2024,31.9,28.661161719101504,0.21271713,0,31.201522211824923
20240828,95,2024,31.4,26.522621229788776,0.29324603,0,29.19021738455529
20240828,99,2024,31.1,28.505026501217582,0.1815779,0,30.996187018808058
20240828,100,2024,22.4,21.2442126083049,0.86616296,0,24.817017504497883
20240828,101,2024,31.2,29.395890947784114,0.15983163,0,31.852692346436143
20240828,102,2024,29.3,24.780575910070553,0.08582625,0,27.120448807891457
20240828,104,2024,26.4,25.76274782629153,0.7508607,0,29.15337514427368
20240828,105,2024,27.9,25.975839336425096,0.69451964,0,29.277447792159784
20240828,106,2024,25.3,22.280826587188876,0.69133747,0,25.577407209938634
20240828,108,2024,32.5,29.080975885901363,0.058551535,0,31.377754737308372
20240828,112,2024,32.7,28.53692961929642,0.038054205,0,30.801322690041125
20240828,114,2024,31.0,27.6382732488416,0.43785846,0,30.534357045419483
20240828,115,2024,26.8,26.559194705281932,0.45180044,0,29.47730681990734
20240828,119,2024,31.3,28.7956499582772,0.10328706,0,31.163110944759538
20240828,121,2024,29.8,27.117771241621185,0.41606864,0,29.979427124175672
20240828,127,2024,31.3,28.169267435649267,0.2279798,0,30.733742936488454
20240828,129,2024,31.0,27.911541264351047,0.16991064,0,30.384267500890367
20240828,130,2024,26.1,25.004909338384362,0.7670931,0,28.421183897243665
20240828,131,2024,31.5,28.64008585480362,0.35020635,0,31.39767930649949
20240828,133,2024,29.4,27.63854372783783,0.50901943,0,30.647061860362754
20240828,135,2024,26.8,26.013758377665393,0.05953891,0,28.31209727887446
20240828,136,2024,30.1,27.34079676289925,0.58785826,0,30.47388023928098
20240828,137,2024,28.9,26.240576988322648,0.22253111,0,28.796443568289625
20240828,138,2024,27.0,25.243856692665208,0.396433,0,28.07448825211388
20240828,140,2024,32.5,30.04225747147941,0.15443002,0,32.490524324233
20240828,143,2024,29.1,25.842882670413342,0.16358753,0,28.30561838677339
20240828,146,2024,33.3,30.061909383667587,0.23666854,0,32.640113106161664
20240828,152,2024,27.1,26.86395035109175,0.33424795,0,29.59632953303035
20240828,155,2024,28.9,26.71622730510674,-0.22512202,0,28.564801940152698
20240828,156,2024,31.9,30.87461757525437,0.1518729,0,33.31884418825663
20240828,159,2024,29.8,26.233125763416798,0.16517419,0,28.698368403750408
20240828,162,2024,30.8,28.2819534403257,0.33241686,0,31.011439508770387
20240828,165,2024,32.7,28.78638216521415,0.18540229,0,31.283585207976863
20240828,168,2024,30.2,29.20014739241129,0.33598617,0,31.935272962666048
20240828,169,2024,30.5,27.104378111547177,0.13389544,0,29.520200335823674
20240828,170,2024,31.5,29.571655129108418,0.2116063,0,32.11026049958748
20240828,172,2024,33.5,29.588811884111713,0.19648686,0,32.10352854981401
20240828,174,2024,30.4,29.80995559243891,0.26431346,0,32.431838284375836
20240828,177,2024,31.3,28.770934787759984,0.19019686,0,31.275713247683683
20240828,181,2024,29.3,27.44465602622891,0.2892326,0,30.10591097873636
20240828,184,2024,29.0,26.74011129588637,-0.16719508,0,28.680210492873954
20240828,185,2024,29.3,28.276232583392737,0.29110178,0,30.940440827435566
20240828,188,2024,29.5,29.529646633290607,0.43634555,0,32.423340024332795
20240828,189,2024,31.4,29.281009712633768,0.35520095,0,32.04649463392746
20240828,192,2024,30.6,29.07081563174227,0.6512213,0,32.304012672853695
20240828,201,2024,30.2,26.974019243406538,0.15689896,0,29.426187027041635
20240828,202,2024,31.5,28.456989865511133,0.19230363,0,30.96509702341428
20240828,203,2024,31.5,28.76215343699081,0.18248898,0,31.254753448177844
20240828,211,2024,29.3,26.830277202522485,0.6484323,0,30.059067685358684
20240828,212,2024,32.4,28.491340735929107,0.2380205,0,31.0716805434566
20240828,216,2024,23.2,21.250635604518045,0.21624793,0,23.796574761782708
20240828,217,2024,28.6,26.97553907441983,0.51844615,0,29.998951413468646
20240828,221,2024,29.0,28.797822970995142,0.31644878,0,31.50207946619001
20240828,226,2024,28.1,27.87871443086111,0.42505017,0,30.7545611243344
20240828,232,2024,31.6,28.426196604288986,0.27924493,0,31.071671019071943
20240828,235,2024,33.3,29.013348577395842,0.16772234,0,31.48261730763614
20240828,236,2024,32.0,30.006625030801896,0.18075217,0,32.49648089033707
20240828,238,2024,30.6,28.507291591176664,0.39395416,0,31.334006586637607
20240828,239,2024,29.7,28.07681297307912,0.27789107,0,30.720148289217818
20240828,243,2024,32.8,30.020919313914558,0.19621916,0,32.53521301462671
20240828,244,2024,30.8,28.730866134820815,0.2724192,0,31.365555919424366
20240828,245,2024,34.2,30.203282363176253,0.14977004,0,32.64418644668375
20240828,247,2024,30.1,29.693190035184358,0.23370323,0,32.2667085581197
20240828,248,2024,28.3,27.395957676737996,0.5160074,0,30.41551683180206
20240828,252,2024,32.8,28.188623528643138,0.3600098,0,30.961706422091446
20240828,253,2024,29.8,25.876841645969915,0.68491983,0,29.163282409996988
20240828,254,2024,31.5,30.05220967894529,0.19953497,0,32.57174235375184
20240828,255,2024,30.3,26.041908481573753,0.14060462,0,28.468331199698575
20240828,257,2024,28.2,25.96959627295203,-0.8150401,0,26.88610032280674
20240828,258,2024,32.4,29.73811157665191,0.17010476,0,32.21114451872569
20240828,259,2024,34.3,30.555569763123085,0.26866877,0,33.18433384706211
20240828,260,2024,32.5,29.91917206490841,0.21870838,0,32.4689987330688
20240828,261,2024,33.1,29.73766222832199,0.20523089,0,32.266194463305865
20240828,262,2024,31.7,28.408424703170272,0.38325277,0,31.21823150540059
20240828,263,2024,31.3,26.784037644497626,0.5898576,0,29.92028004426689
20240828,264,2024,29.7,27.5873532478135,0.4582758,0,30.51569642997717
20240828,266,2024,30.9,29.92547746419669,0.24757403,0,32.5209118598251
20240828,268,2024,33.1,29.34128695131029,0.20184767,0,31.864473699891654
20240828,271,2024,27.9,24.96121080073221,0.6303922,0,28.161497893017795
20240828,272,2024,29.3,27.988408730110148,0.3665139,0,30.77176813069766
20240828,273,2024,28.8,25.535278781809513,0.76535976,0,28.94881462764277
20240828,276,2024,28.0,25.375028044924257,0.6485604,0,28.60402091056342
20240828,277,2024,28.5,27.194991311940534,0.5458493,0,30.261700668802078
20240828,278,2024,30.6,26.82589757519283,0.68483436,0,30.11220329178414
20240828,279,2024,29.5,25.71620775149738,0.4847059,0,28.686310491981097
20240828,281,2024,28.8,26.357607996333396,0.55766386,0,29.442984317964303
20240828,283,2024,25.6,25.81164324076775,-0.30983996,0,27.526363523875936
20240828,284,2024,27.9,26.284037243489404,0.16247806,0,28.745020003637883
20240828,285,2024,28.9,27.238660532134602,-0.09467691,0,29.293338437532448
20240828,288,2024,29.4,27.86834326320674,0.676185,0,31.14098300804207
20240828,289,2024,28.5,27.392485194013105,-0.70518947,0,28.482553263071004
20240828,294,2024,27.2,25.750346248913687,-0.53977644,0,27.101766892796867
20240828,295,2024,29.2,28.625122130822298,0.027638908,0,30.873059032304475
20240828,296,2024,28.3,26.5549276313423,-0.24712297,0,28.368740759771192
20240829,90,2024,26.8,23.703726481372563,1.0884013,0,27.627667989265603
20240829,93,2024,30.4,27.764225058141367,0.47579116,0,30.72024251117334
20240829,95,2024,30.0,26.95874961049039,0.38399118,0,29.769723103904745
20240829,98,2024,30.8,28.64078051559889,0.3119374,0,31.337909020667148
20240829,99,2024,30.8,28.503041923782607,0.20136142,0,31.02546038995049
20240829,100,2024,21.0,20.623511823804208,-0.42673177,0,22.15354306076791
20240829,101,2024,30.0,30.17260835445924,0.2696527,0,32.802927037802604
20240829,102,2024,27.8,24.84791658590079,0.12592135,0,27.25113975083395
20240829,104,2024,24.1,22.53230245280505,-0.47473752,0,23.986484589417422
20240829,105,2024,25.0,24.113898839477912,-0.3136224,0,25.822642896852344
20240829,106,2024,23.5,22.188058835862673,-0.6188165,0,23.414596199945443
20240829,108,2024,33.0,30.078627722743335,0.24681748,0,32.67286677434088
20240829,112,2024,32.1,29.386759696116126,0.054061085,0,31.676443636484258
20240829,114,2024,31.7,25.814625910943725,0.6100137,0,28.982715019964388
20240829,115,2024,26.1,26.60176999413766,0.772832,0,30.027111942962016
20240829,119,2024,32.0,29.87739348129402,0.14879423,0,32.316755796787085
20240829,121,2024,27.2,25.2975141980527,0.66036594,0,28.54515980798508
20240829,127,2024,31.9,28.29698317276432,0.44619352,0,31.206236354536983
20240829,129,2024,32.0,28.181697980823547,0.18579404,0,30.679519991000163
20240829,130,2024,27.0,25.1837145973973,1.1128488,0,29.14628306223004
20240829,131,2024,33.0,30.06133644398204,0.41983563,0,32.92894416085755
20240829,133,2024,30.8,26.00170097201435,0.6880457,0,29.29308057333124
20240829,135,2024,29.2,27.46090166403851,0.60359734,0,30.6188528920186
20240829,136,2024,29.7,28.928171223081073,0.68601686,0,32.21634528421775
20240829,137,2024,31.5,26.600776919444748,0.39457664,0,29.428475435055873
20240829,138,2024,28.1,28.73616085348952,1.0563443,0,32.609452227295954
20240829,140,2024,33.5,30.070447795307572,0.13305089,0,32.48493562566556
20240829,143,2024,32.3,30.059923842873083,0.5162267,0,33.07982946900839
20240829,146,2024,33.8,28.18691296246406,0.26622364,0,30.81181373856942
20240829,152,2024,28.6,27.496080287505407,1.2540287,0,31.68171302474186
20240829,155,2024,31.4,27.494877076177556,0.31322575,0,30.194041181192787
20240829,156,2024,33.6,30.794204496235967,0.10794061,0,33.16901808102782
20240829,159,2024,32.4,30.194225283109766,0.33247676,0,32.92380599776989
20240829,162,2024,33.1,28.852964429388933,0.2815791,0,31.502126844612484
20240829,165,2024,31.1,29.500554818229634,0.09003629,0,31.84707957920829
20240829,168,2024,31.0,26.712584673248603,0.54658246,0,29.780452386776716
20240829,169,2024,29.0,26.170665716982878,0.10056838,0,28.533831177914372
20240829,170,2024,35.0,27.96314929321444,0.41381752,0,30.821248408662868
20240829,172,2024,33.2,29.184793051582123,0.17704463,0,31.668790993152832
20240829,174,2024,31.2,29.44587435025747,0.40402356,0,32.28849899783233
20240829,177,2024,31.0,29.18851005138104,0.20234995,0,31.712490391998173
20240829,181,2024,30.9,29.971557879859674,0.33707803,0,32.708408601057236
20240829,184,2024,32.3,28.555193193712284,0.28150362,0,31.204236335869318
20240829,185,2024,30.4,28.604254600954008,0.11161052,0,30.984866643755822
20240829,188,2024,32.0,29.4243470067311,0.23239136,0,31.99579277754833
20240829,189,2024,33.5,29.647404259770433,0.17873539,0,32.13407360254382
20240829,192,2024,32.2,30.128684969194804,0.27456686,0,32.766768032516346
20240829,201,2024,30.0,27.091187791357694,0.18017897,0,29.580137990203987
20240829,202,2024,32.2,29.012517238911386,0.33169183,0,31.740857758535576
20240829,203,2024,31.4,29.84052596284361,0.38431996,0,32.65201892742648
20240829,211,2024,28.3,25.23598165230154,0.89125264,0,28.848428244709197
20240829,212,2024,30.0,28.557785603069703,0.6252223,0,31.749904303173892
20240829,216,2024,21.7,21.480604693321922,-0.55930114,0,22.80117632149237
20240829,217,2024,27.3,26.227618029890067,0.3567233,0,28.995508283510645
20240829,221,2024,27.8,24.31767382768588,0.8878626,0,27.92476419770241
20240829,226,2024,30.1,24.98890440336952,0.2851312,0,27.64367910373025
20240829,232,2024,31.9,29.54801560074427,0.33211595,0,32.2770262249913
20240829,235,2024,32.9,28.58007976406346,0.17669147,0,31.063519716752104
20240829,236,2024,33.0,30.125269355241304,0.18030554,0,32.61441953541942
20240829,238,2024,31.1,29.54221679578297,0.45158496,0,32.45998846655881
20240829,239,2024,32.2,27.573008273478088,0.29696038,0,30.246473105741515
20240829,243,2024,33.9,30.177874431267664,0.15812546,0,32.63198008439195
20240829,244,2024,31.4,26.244878391448477,0.51114136,0,29.256749166032726
20240829,245,2024,33.4,29.377598348846963,0.28193358,0,32.02732082481003
20240829,247,2024,33.2,30.516734761409513,0.2407931,0,33.101455276081744
20240829,248,2024,29.9,28.851977959718816,0.38679636,0,31.667383627100534
20240829,252,2024,33.5,29.886675993572403,0.15448815,0,32.33503469082511
20240829,253,2024,31.3,30.0391727133414,0.6081743,0,33.20435557140839
20240829,254,2024,33.5,30.16630741088895,0.2274217,0,32.72990112448763
20240829,255,2024,33.5,31.04255836894604,0.5211036,0,34.070169515472806
20240829,257,2024,32.2,28.93338467684761,0.8250438,0,32.44122130297719
20240829,258,2024,32.3,29.846757763559506,0.27594098,0,32.48701194514048
20240829,259,2024,34.6,30.66354550045345,0.20143099,0,33.18607389278548
20240829,260,2024,34.3,29.95378125607228,0.25602373,0,32.56256618315954
20240829,261,2024,34.1,29.874978194524626,0.15755971,0,32.32818995887738
20240829,262,2024,34.7,29.556705772942415,0.5899947,0,32.69316487016613
20240829,263,2024,32.8,31.11467049509154,0.36036915,0,33.88832117165714
20240829,264,2024,31.6,27.27631185909353,0.79765314,0,30.74087124423152
20240829,266,2024,32.3,26.644979446112867,0.5398158,0,29.7021558101346
20240829,268,2024,30.9,29.60035546898338,0.116297625,0,31.98837314258234
20240829,271,2024,28.0,23.19182279914113,0.7655755,0,26.60569955970064
20240829,272,2024,29.2,25.156382980626134,0.5353257,0,28.20646502220486
20240829,273,2024,28.9,25.692856561767876,0.6592686,0,28.938768403713958
20240829,276,2024,30.6,28.245620888642907,0.90170324,0,31.874579431543424
20240829,277,2024,27.2,26.90853905357689,1.2142737,0,31.031358911727807
20240829,278,2024,32.0,30.59405278617669,0.44092968,0,33.494989108346424
20240829,279,2024,32.9,29.2450211055605,0.58705825,0,32.376840560545595
20240829,281,2024,31.2,30.6342435208949,0.5801454,0,33.75514070844301
20240829,283,2024,28.4,26.212288392220056,1.0826812,0,30.127192081204406
20240829,284,2024,30.3,25.86496103846154,0.7272012,0,29.218206397482206
20240829,285,2024,32.5,29.3400075040352,0.6677652,0,32.59934394634406
20240829,288,2024,31.8,29.126719262051115,0.8726556,0,32.709782489542924
20240829,289,2024,30.3,28.803890323360854,1.0393598,0,32.65034624604119
20240829,294,2024,30.9,26.920707620974216,0.6839141,0,30.20555936451064
20240829,295,2024,30.7,28.840592067546424,0.77506334,0,32.26945956435205
20240829,296,2024,31.7,30.17246275840819,0.706284,0,33.49265888327702
20240830,90,2024,27.2,25.736341379528934,0.79193723,0,29.191869632207286
20240830,93,2024,31.6,29.063152833494094,0.28672156,0,31.72044032024322
20240830,95,2024,31.0,27.498083771158278,-0.02886631,0,29.65674242796625
20240830,98,2024,32.0,28.327692558571098,-0.017808313,0,30.50382285083247
20240830,99,2024,30.9,28.321671571544016,-0.053027254,0,30.442155936949888
20240830,100,2024,23.7,21.86985692511924,0.7832294,0,25.3116268200343
20240830,101,2024,32.4,30.131644570377013,-0.003056619,0,32.33108253831574
20240830,102,2024,27.0,22.169623753621305,0.26306623,0,24.789535826594985
20240830,104,2024,27.3,27.170101678174202,0.5805622,0,30.291657339690822
20240830,105,2024,28.1,27.461810937857624,0.8766683,0,31.051214237504432
20240830,106,2024,29.0,25.219032077784966,0.6724628,0,28.48579076106634
20240830,108,2024,32.7,29.342602406955155,-0.10426131,0,31.382136964970456
20240830,112,2024,31.5,29.147932657340828,-0.17668048,0,31.07304493218352
20240830,114,2024,32.3,28.791570722736964,0.5234067,0,31.822820710177503
20240830,115,2024,25.7,23.603885600379527,1.6348777,0,28.39125976360704
20240830,119,2024,32.1,29.16450344592445,0.05908716,0,31.462128586355213
20240830,121,2024,32.0,28.70757565256142,0.5488826,0,31.779077592411703
20240830,127,2024,33.1,28.15092368847713,0.29367167,0,30.81919234933762
20240830,129,2024,31.5,28.354433661756982,0.05046709,0,30.63843908818096
20240830,130,2024,29.2,27.268527382542874,0.57887226,0,30.387412984855395
20240830,131,2024,32.6,29.99155926862777,0.49101803,0,32.97163517748459
20240830,133,2024,33.0,29.995722555300883,0.11362564,0,32.379518489726905
20240830,135,2024,29.7,26.026083744790608,1.0170208,0,29.83724406896401
20240830,136,2024,32.7,30.755880527131882,0.5453738,0,33.821838553140914
20240830,137,2024,32.8,29.696741927583346,0.3084442,0,32.388351192749106
20240830,138,2024,29.9,29.87361968085213,0.4395288,0,32.77234260003534
20240830,140,2024,31.8,28.633123817123685,0.19203174,0,31.140801394219146
20240830,143,2024,33.0,31.565610363986625,0.3874248,0,34.3820089690524
20240830,146,2024,32.5,30.691921299517485,0.25957337,0,33.306314650553034
20240830,152,2024,30.0,28.019040712504278,1.2080883,0,32.13208761905226
20240830,155,2024,33.8,29.36505345884624,0.52927506,0,32.40557547926293
20240830,156,2024,32.0,30.605060732143343,0.22403216,0,33.16329897675361
20240830,159,2024,33.5,30.41549355597874,0.6959017,0,33.7192856552929
20240830,162,2024,33.3,29.437753674794397,0.39978287,0,32.273678029543554
20240830,165,2024,29.9,29.16859882753105,0.12954476,0,31.577546981938028
20240830,168,2024,33.6,30.350022556123548,0.29260755,0,33.01660990466142
20240830,169,2024,29.4,26.08155546406615,0.42306402,0,28.954264046901777
20240830,170,2024,34.8,30.193876418889786,0.14137603,0,32.62151797779248
20240830,172,2024,31.7,29.42346389632419,0.21698105,0,31.970561386711587
20240830,174,2024,30.7,29.97281502704699,0.33430344,0,32.70528188622597
20240830,177,2024,31.0,28.63171342767994,0.6104607,0,31.800508757565858
20240830,181,2024,30.8,29.964413935662602,0.46189612,0,32.89847723372631
20240830,184,2024,32.4,30.35728556659761,0.2784554,0,33.00151253484355
20240830,185,2024,29.2,28.21186984671192,0.16917585,0,30.683435113219026
20240830,188,2024,31.9,28.9695221118265,0.18617386,0,31.46794423080543
20240830,189,2024,33.6,29.77318573478049,0.118625656,0,32.16488169698824
20240830,192,2024,33.7,30.96498310118303,0.43037418,0,33.84924172426371
20240830,201,2024,30.2,27.29637325562786,-0.019153988,0,29.470377380696178
20240830,202,2024,32.2,28.710559154323104,0.14162597,0,31.138595613964995
20240830,203,2024,33.3,28.22590711108042,0.53820425,0,31.2805372564685
20240830,211,2024,32.3,28.442358442237662,0.11489848,0,30.828165467478755
20240830,212,2024,31.8,29.192130170207776,0.14700782,0,31.628669956623305
20240830,216,2024,24.9,25.073683456606233,0.9072321,0,28.711377609753406
20240830,217,2024,30.4,29.037098304011398,0.551673,0,32.113009062345036
20240830,221,2024,32.4,27.62560885054685,0.7132085,0,30.95674570121905
20240830,226,2024,31.8,29.10799602746265,0.5184778,0,32.13145837361634
20240830,232,2024,31.8,28.892214866049667,0.39828137,0,31.725766849840497
20240830,235,2024,33.9,28.099153334721695,0.0712862,0,30.416052959146107
20240830,236,2024,32.9,28.920887204102286,0.45800853,0,31.848808104047023
20240830,238,2024,32.8,30.011366783518874,0.3708005,0,32.80149899194292
20240830,239,2024,32.0,28.778484249124194,0.54116476,0,31.83779198941241
20240830,243,2024,31.4,30.042667158916057,0.09035837,0,32.38970080810954
20240830,244,2024,31.4,28.85352965980592,0.48141992,0,31.818440560952283
20240830,245,2024,32.4,27.890093185083963,0.4198942,0,30.757793429229785
20240830,247,2024,32.9,30.27923987969501,0.43136027,0,33.16505653957989
20240830,248,2024,30.9,29.039734190036413,0.4706979,0,31.987704313284944
20240830,252,2024,31.5,29.320475375759866,0.1325996,0,31.734250181084377
20240830,253,2024,34.0,30.929883548628183,0.550119,0,34.003338967530055
20240830,254,2024,32.3,30.26136955239676,0.30916473,0,32.95411725614494
20240830,255,2024,34.0,31.348737544189984,0.3809724,0,34.154941339222916
20240830,257,2024,33.6,30.87064605052371,0.5481121,0,33.94093058577003
20240830,258,2024,33.8,29.662884647740775,0.032324847,0,31.918225331829078
20240830,259,2024,34.3,30.55794368094727,0.21353395,0,33.09959475251286
20240830,260,2024,33.1,30.387873927203437,0.22359674,0,32.94542419742033
20240830,261,2024,32.7,29.99521082956176,0.13446012,0,32.411925247453695
20240830,262,2024,34.7,30.29330868673511,0.25094673,0,32.89407194681874
20240830,263,2024,33.9,31.83870998986866,0.38712132,0,34.654629101197216
20240830,264,2024,33.4,29.04068272718843,0.6145495,0,32.215938391136916
20240830,266,2024,33.8,28.785392028858805,0.42428482,0,31.660029463894944
20240830,268,2024,30.3,29.559917324734165,0.101310946,0,31.924256045579583
20240830,271,2024,28.1,24.751607989382347,0.9577872,0,28.46917921629432
20240830,272,2024,31.0,29.34324193892916,0.53391355,0,32.39109277838234
20240830,273,2024,32.3,29.19686364365976,0.40569273,0,32.04212557742083
20240830,276,2024,32.5,29.894602690824442,0.60701543,0,33.05795449778021
20240830,277,2024,29.8,28.593628148538095,0.578629,0,31.7121294212932
20240830,278,2024,33.2,29.39844328723497,0.6681861,0,32.658444795786046
20240830,279,2024,33.7,30.13345623942186,0.37227222,0,32.92591377822253
20240830,281,2024,34.1,28.295907355090403,0.66474044,0,31.55046468148396
20240830,283,2024,31.5,30.865086920754855,0.55005944,0,33.93844825849332
20240830,284,2024,32.4,30.333845071975503,0.38717642,0,33.14985124840473
20240830,285,2024,34.1,31.244934008577523,0.40468648,0,34.0886060742699
20240830,288,2024,33.5,31.997632042046185,0.39841637,0,34.831397332979265
20240830,289,2024,33.5,30.417203193648717,0.47707096,0,33.37524273246655
20240830,294,2024,31.9,29.86245904685517,0.57857096,0,32.98086859283033
20240830,295,2024,34.0,30.815572808043637,0.31240693,0,33.51344317934286
20240830,296,2024,34.2,32.158113969161576,0.51362616,0,35.173910725267426
