Date,STN_ID,year,actual_TA,catboost_TA,residual_lstm_TA,sequence_missing_cells,prediction_TA
20220824,90,2022,23.7,26.206956048790836,-0.5630426,0,27.490025640928774
20220824,93,2022,26.6,27.21505187048844,0.14387614,0,29.770575152201577
20220824,95,2022,26.9,28.25081773138177,-0.17225549,0,30.23730409421635
20220824,98,2022,26.5,27.235401595879512,0.33839476,0,30.141058403917874
20220824,99,2022,27.9,28.0241995549013,0.45264316,0,31.13550347387869
20220824,100,2022,17.7,23.103780820699306,-1.3756429,0,22.924169846526365
20220824,101,2022,27.4,27.66602645255902,0.74040043,0,31.29529347101608
20220824,102,2022,26.6,27.610836724632428,-0.35744345,0,29.263984749330334
20220824,104,2022,22.1,26.106898347423865,-1.1573342,0,26.32024301022907
20220824,105,2022,23.8,26.41632940257567,-1.1774391,0,26.593485272198503
20220824,106,2022,23.4,26.122814112094122,-1.0348289,0,26.556668327854958
20220824,108,2022,27.1,27.47470368296342,0.026214667,0,29.818436321044143
20220824,112,2022,26.0,27.337165743337774,-0.7870063,0,28.217100607997686
20220824,114,2022,24.9,27.437275083811365,-0.76498413,0,28.356849886348932
20220824,115,2022,22.5,23.598727042672685,-0.8081184,0,24.440660155432877
20220824,119,2022,27.0,27.833464008589026,1.0731876,0,32.06174790803516
20220824,121,2022,24.4,27.787956493641744,-1.0614032,0,28.173977052137868
20220824,127,2022,25.5,28.98132950288275,-0.8828449,0,29.68875487609903
20220824,129,2022,26.3,28.918603839431878,0.13056788,0,31.450172258788825
20220824,130,2022,24.5,24.446695240033247,-0.5613024,0,25.732897115858776
20220824,131,2022,25.8,27.78037457756408,-0.42259797,0,29.316244461478675
20220824,133,2022,24.1,28.1942709217857,-0.50363785,0,29.584269029357905
20220824,135,2022,20.5,27.37784763871189,-0.88661224,0,28.078491851096718
20220824,136,2022,24.2,25.357243631825767,-0.6222413,0,26.53375549710366
20220824,137,2022,23.2,27.255435599929697,-0.88040966,0,27.967244453694835
20220824,138,2022,21.8,27.012469187583324,-0.46927324,0,28.464323594794276
20220824,140,2022,24.2,28.41886717008888,-0.8228799,0,29.234229569329024
20220824,143,2022,21.7,27.62959907403542,-0.41364515,0,29.181584045220752
20220824,146,2022,24.0,28.103986467870293,-0.70055205,0,29.13953902261657
20220824,152,2022,22.3,28.62016291347529,-0.6702562,0,29.710247996145153
20220824,155,2022,22.6,27.979860018696264,-0.39960128,0,29.557123951540074
20220824,156,2022,29.9,30.374711328888104,0.071349226,0,32.79968617366152
20220824,159,2022,23.3,27.206977961199225,-0.196985,0,29.148951187885352
20220824,162,2022,24.5,29.432678294447754,-0.5828189,0,30.680150466846925
20220824,165,2022,27.9,31.208403780351112,-0.5803279,0,32.46035974791629
20220824,168,2022,24.1,29.08257439561674,-0.296696,0,30.84506782064805
20220824,169,2022,26.4,28.262068206487292,-0.49406603,0,29.66929559095502
20220824,170,2022,29.4,29.64425418899664,0.24905112,0,32.38909245002458
20220824,172,2022,29.0,30.57696642013769,0.1399135,0,33.1253569570617
20220824,174,2022,26.5,28.960540927812396,-0.75249034,0,29.90260455090279
20220824,177,2022,25.3,28.061746620044953,-0.3923489,0,29.652064864164245
20220824,181,2022,24.4,28.23977040089458,-0.3658404,0,29.877803909572666
20220824,184,2022,30.5,31.19913704589458,-0.0706401,0,33.3685311003271
20220824,185,2022,27.4,28.892466237071318,0.42798978,0,31.959394080780914
20220824,188,2022,29.3,28.261563353120376,0.28619,0,31.07325159688681
20220824,189,2022,28.7,27.390928905378,0.16204688,0,29.979159526616357
20220824,192,2022,21.6,28.453903124168967,-0.47041324,0,29.903705534195165
20220824,201,2022,26.8,27.455013835690398,-0.5902915,0,28.689035373610047
20220824,202,2022,25.9,27.810995639717405,0.25328916,0,30.5634623714046
20220824,203,2022,26.3,28.667516080148022,-0.6456293,0,29.80192960205357
20220824,211,2022,25.8,27.718732017657555,0.2589681,0,30.481420862477226
20220824,212,2022,26.0,27.302321472607964,-0.544928,0,28.617997284991265
20220824,216,2022,18.7,22.980003872651302,-1.4612732,0,22.64625836268887
20220824,217,2022,24.0,27.20449100683774,-1.0881462,0,27.542374067431947
20220824,221,2022,24.2,29.904808464646507,-1.2816293,0,29.894421919604117
20220824,226,2022,22.8,28.294242521320044,-0.5301419,0,29.63653335731632
20220824,232,2022,25.2,28.076029327528488,0.26373282,0,30.84729464296164
20220824,235,2022,26.3,27.874612117762528,-0.16000184,0,29.883155036345094
20220824,236,2022,24.9,28.29708853931751,-0.6151033,0,29.4864488295069
20220824,238,2022,23.0,28.37114202535912,-0.88953376,0,29.06652749874935
20220824,239,2022,24.8,28.783489223846416,-0.7244838,0,29.775964643506633
20220824,243,2022,26.1,30.13706755951519,-0.21881858,0,32.039740362340766
20220824,244,2022,23.9,27.354009149164032,-0.5493333,0,28.661755493392427
20220824,245,2022,27.6,29.947401288489825,-0.54433155,0,31.26415073549761
20220824,247,2022,24.4,28.464700793801363,-0.6861099,0,29.52624921103162
20220824,248,2022,23.4,27.04186761517089,-0.7616142,0,27.967508287039816
20220824,252,2022,29.4,30.25979319949799,-0.42066726,0,31.799138367989006
20220824,253,2022,23.7,29.042832448662985,-0.8284686,0,29.84813516934859
20220824,254,2022,25.5,28.343336633885418,-0.51557547,0,29.711847028597514
20220824,255,2022,22.9,28.78390423237142,-0.5546696,0,30.08204515696404
20220824,257,2022,24.3,29.22337384742077,-0.5648305,0,30.503225217894283
20220824,258,2022,26.4,28.300328470001876,-0.27756655,0,30.097254914194412
20220824,259,2022,30.9,30.50282474026454,0.2121588,0,33.181256816857584
20220824,260,2022,27.5,29.981997000273356,0.24897113,0,32.726691280321376
20220824,261,2022,29.4,30.41214866338629,-0.40991545,0,31.97084709644754
20220824,262,2022,25.8,28.87456194956382,-0.09143377,0,31.006527399929965
20220824,263,2022,21.8,27.68986510327867,-0.38424975,0,29.294761797124067
20220824,264,2022,22.5,27.631777203058313,-0.5555641,0,28.928308051223475
20220824,266,2022,24.3,28.21713321910631,-0.5257198,0,29.56738377857518
20220824,268,2022,27.9,29.872375768038772,-0.51396704,0,31.243781339161544
20220824,271,2022,21.8,25.269309000475985,-1.317523,0,25.194313833836308
20220824,272,2022,22.4,26.97245587326391,-1.1725794,0,27.158359177502835
20220824,273,2022,23.1,27.567346363602077,-1.0042214,0,28.05629401083569
20220824,276,2022,23.9,26.08952075249842,-0.5392998,0,27.41532737561933
20220824,277,2022,23.0,25.502668999868924,-0.28813154,0,27.28057847485751
20220824,278,2022,25.0,28.431087542698602,-0.47675744,0,29.869470394199716
20220824,279,2022,23.3,28.142531681551322,-0.5670653,0,29.418360382232656
20220824,281,2022,20.9,27.195474940951385,-0.5060442,0,28.58114160282962
20220824,283,2022,22.5,28.030093062863255,-0.56669146,0,29.306594676142247
20220824,284,2022,20.9,27.292860459958625,-0.7780333,0,28.188946728999337
20220824,285,2022,21.7,27.772690531766273,-0.43441698,0,29.287286206658347
20220824,288,2022,23.1,28.348872245273476,-0.4054284,0,29.91564734612037
20220824,289,2022,21.9,27.619124188156118,-0.518652,0,28.982096786847706
20220824,294,2022,23.3,28.888293991469855,-0.5184868,0,30.251563993497015
20220824,295,2022,22.9,28.78529405115004,-0.49464837,0,30.191473228334747
20220825,90,2022,23.5,23.84354129101519,-0.2219998,0,25.74048789945905
20220825,93,2022,22.5,25.314459771107067,-1.6917698,0,24.565820300191877
20220825,95,2022,22.3,24.7746085744407,-1.5812398,0,24.22492313737713
20220825,98,2022,22.3,24.652277759022283,-2.2339845,0,22.927651950445348
20220825,99,2022,23.2,25.562473213581548,-1.743823,0,24.720137959051243
20220825,100,2022,19.1,20.55338220959587,-1.103883,0,20.8629389972256
20220825,101,2022,23.4,25.34864950370052,-1.571608,0,24.816301436555776
20220825,102,2022,22.4,23.489469867098045,-1.4004683,0,23.26517307616027
20220825,104,2022,23.7,23.42018508375262,0.5713902,0,26.745233702684995
20220825,105,2022,26.9,24.648500926916665,0.31390738,0,27.510080457771494
20220825,106,2022,23.2,22.263914408188953,0.1275202,0,24.7899970127361
20220825,108,2022,22.5,25.061425703383243,-2.0435958,0,23.67949951791422
20220825,112,2022,22.2,25.630502678136217,-1.662322,0,24.934869236350053
20220825,114,2022,23.3,24.51674527083241,-1.8483975,0,23.486176020864484
20220825,115,2022,25.0,22.98518363353201,1.9441324,0,28.78116827665338
20220825,119,2022,23.1,25.149289356747772,-0.92490435,0,25.7810077711933
20220825,121,2022,23.9,24.916860223849568,-1.764582,0,24.037158793667714
20220825,127,2022,24.4,27.06818401710463,-0.7252725,0,28.059239797177447
20220825,129,2022,24.1,25.637046603547258,0.37881675,0,28.615462998158264
20220825,130,2022,23.7,24.05239389568795,0.47938955,0,27.211841320715447
20220825,131,2022,27.5,25.702535385790817,0.7458212,0,29.341559744202254
20220825,133,2022,28.5,27.88339881742748,-0.2090461,0,29.803662083414526
20220825,135,2022,26.5,26.049000657114146,1.322917,0,30.726797467403177
20220825,136,2022,27.4,27.465775120623768,0.76102036,0,31.13215801098711
20220825,137,2022,29.1,27.487783826873684,0.7825228,0,31.192871100610287
20220825,138,2022,29.1,31.288371518542917,-0.44560203,0,32.782834103415766
20220825,140,2022,26.2,26.685457739413465,0.534872,0,29.944773569306225
20220825,143,2022,29.6,29.474404454808568,0.3172146,0,32.34193698763941
20220825,146,2022,27.5,29.47965974219044,-0.43033367,0,31.001605367157662
20220825,152,2022,28.9,30.066257121273868,0.19153172,0,32.70756045135736
20220825,155,2022,28.8,26.60513014768889,1.7334123,0,32.02181846417299
20220825,156,2022,29.1,31.063843726811996,0.11128684,0,33.56070627929568
20220825,159,2022,28.0,29.952994689617654,-0.17236915,0,31.939276453548576
20220825,162,2022,27.2,28.862431399589173,-0.034883477,0,31.096187379444835
20220825,165,2022,26.9,30.161489072374682,0.2910831,0,32.981984885883314
20220825,168,2022,26.9,29.982610901697516,-0.37744823,0,31.59975032401467
20220825,169,2022,26.5,28.176167542617026,-0.120665364,0,30.255516125560113
20220825,170,2022,29.9,29.858135600569067,-0.30360764,0,31.60818808188242
20220825,172,2022,28.0,31.19042793690181,-0.7101296,0,32.20874086142577
20220825,174,2022,28.4,30.16283718399269,-0.24789506,0,32.013172310531566
20220825,177,2022,25.1,24.938802092930068,1.0979936,0,29.211736833135483
20220825,181,2022,25.8,25.729370038467987,1.0629917,0,29.939301405527345
20220825,184,2022,30.4,30.875939805027723,0.2465491,0,33.616274422542936
20220825,185,2022,28.3,27.64420863867932,0.58302456,0,30.99019908729309
20220825,188,2022,29.7,29.62718357552193,0.3135769,0,32.488168246061434
20220825,189,2022,29.0,29.582702656669472,-0.2171919,0,31.488303466144067
20220825,192,2022,28.4,30.742728251250362,-0.342467,0,32.422833871296625
20220825,201,2022,23.9,25.26075947591311,-0.61596936,0,26.448560866223048
20220825,202,2022,22.3,25.133649750058687,-2.0451179,0,23.74898384901349
20220825,203,2022,23.8,25.1204722292967,-1.6089906,0,24.52083547730698
20220825,211,2022,21.8,24.55044271409337,-1.7708234,0,23.65950690509682
20220825,212,2022,22.1,25.446807290203704,-1.9210218,0,24.285514253881715
20220825,216,2022,21.2,21.763480653296853,-0.96504295,0,22.322949583680185
20220825,217,2022,23.7,25.057437040790674,-1.3536375,0,24.91743585646606
20220825,221,2022,22.6,23.81064550689094,-1.2638967,0,23.832177678279216
20220825,226,2022,26.6,24.70397516853004,1.6452441,0,29.961960825407207
20220825,232,2022,25.8,24.662999336873064,0.96320754,0,28.693319152170794
20220825,235,2022,25.2,25.173110719149232,1.7482182,0,30.616449678982026
20220825,236,2022,27.3,25.23246110702722,1.633173,0,30.468718725116545
20220825,238,2022,27.1,25.180603762881162,1.9512582,0,30.989414729511747
20220825,239,2022,26.9,24.814520105896,1.2317251,0,29.328171518045078
20220825,243,2022,27.6,29.441948165245222,-0.54175735,0,30.76333118197041
20220825,244,2022,26.1,27.104169127691176,0.73701185,0,30.727336695560012
20220825,245,2022,27.8,28.9508499861845,-0.43839648,0,30.458282553681403
20220825,247,2022,27.4,27.269639575243406,1.3114824,0,31.926854186435758
20220825,248,2022,25.9,26.034787540870564,1.0693936,0,30.25624232158806
20220825,252,2022,27.8,29.597533803827872,0.16623765,0,32.19330781605553
20220825,253,2022,28.9,28.9151895009874,0.5731055,0,32.243325664360995
20220825,254,2022,28.2,28.161910713583584,0.46522668,0,31.295864975740674
20220825,255,2022,29.5,31.45879526944379,0.0059057567,0,33.76597186963658
20220825,257,2022,30.3,32.10416694060015,-0.12963924,0,34.167362550070166
20220825,258,2022,28.1,29.564367307128304,0.018973814,0,31.895066410995128
20220825,259,2022,29.7,29.838523362470305,0.28475735,0,32.647632823201455
20220825,260,2022,29.4,29.720810656138788,0.16933331,0,32.32215685030653
20220825,261,2022,28.2,29.12124933708914,0.9875744,0,33.195429492505276
20220825,262,2022,28.1,30.630120386642773,-0.56267667,0,31.91384862202641
20220825,263,2022,29.6,30.802858624320425,-0.021811314,0,33.060144497335955
20220825,264,2022,29.2,30.088778178830776,-0.229588,0,31.97206601337556
20220825,266,2022,29.1,28.79373977091285,-0.36389926,0,30.435267339630457
20220825,268,2022,27.2,29.644300329859576,0.67483306,0,33.15554607470366
20220825,271,2022,24.1,25.24661020287668,-1.106143,0,25.552099045026065
20220825,272,2022,24.7,27.66211099145382,-1.3787326,0,27.476938617821038
20220825,273,2022,26.7,26.211976927831614,1.0407928,0,30.38195024702415
20220825,276,2022,27.1,28.762771518975583,0.16609213,0,31.35828358667085
20220825,277,2022,27.5,28.461544962274672,-0.42326105,0,29.99622131682182
20220825,278,2022,27.7,27.861815186509006,0.25066993,0,30.609567292122364
20220825,279,2022,28.2,30.37589909361158,-0.15354073,0,32.39607201683854
20220825,281,2022,28.2,30.08643011019297,-0.0376995,0,32.315117251452286
20220825,283,2022,30.2,30.093002218133307,-0.077060096,0,32.25084028347919
20220825,284,2022,28.1,28.606479531421034,-0.14362004,0,30.64450969031808
20220825,285,2022,28.9,30.700607115245834,0.13341087,0,33.237292921182295
20220825,288,2022,29.2,31.028920811722614,0.1376929,0,33.57331426712845
20220825,289,2022,28.9,30.37130812223242,-0.07770055,0,32.527993374143705
20220825,294,2022,27.5,28.501680319162485,0.12801585,0,31.02865508007217
20220825,295,2022,27.3,27.67613055938616,1.0811005,0,31.91865763243154
20220826,90,2022,26.9,27.991625908482426,0.19915414,0,30.646649595983984
20220826,93,2022,26.7,28.58294472827262,0.48601228,0,31.754313070334263
20220826,95,2022,27.9,29.104929878204278,-0.13191742,0,31.164024765599784
20220826,98,2022,26.6,28.690842039884892,0.45875347,0,31.813144517860387
20220826,99,2022,26.6,28.894257962782017,-0.1297723,0,30.957214050987005
20220826,100,2022,23.7,25.188729858628644,0.5575378,0,28.488844126116774
20220826,101,2022,28.2,30.50706316285588,0.25641578,0,33.26515781278648
20220826,102,2022,25.2,25.70088419488427,-0.19318274,0,27.649701507025338
20220826,104,2022,25.2,26.61472567505161,1.0944633,0,30.88130594023566
20220826,105,2022,30.6,29.95116600019935,0.093033195,0,32.415171988459264
20220826,106,2022,26.0,28.491640255170328,0.012541119,0,30.810760507471432
20220826,108,2022,27.4,27.42350823733972,1.0156543,0,31.548232261297578
20220826,112,2022,26.3,29.59751870901321,-0.6955914,0,30.642000444858425
20220826,114,2022,26.3,29.135262352399785,0.27843258,0,31.93298723061141
20220826,115,2022,26.4,26.969048839412146,0.32447946,0,29.849658106785835
20220826,119,2022,27.4,30.755113173877497,-0.04453315,0,32.97149974482765
20220826,121,2022,26.0,29.089630915656745,0.28827816,0,31.905077846204108
20220826,127,2022,26.0,30.105713799775767,0.3949077,0,33.11309392114573
20220826,129,2022,27.6,28.007643355542125,1.0623958,0,32.21650205357224
20220826,130,2022,26.6,27.630945950865172,-0.15896317,0,29.641358476419477
20220826,131,2022,27.6,30.440238403489197,0.37593862,0,33.41347416503212
20220826,133,2022,28.0,30.97090603181211,0.34443015,0,33.887426537379305
20220826,135,2022,25.8,28.954558828085833,-0.34035587,0,30.638464494576038
20220826,136,2022,28.2,31.44579697941748,-0.47234902,0,32.89211498535661
20220826,137,2022,28.3,30.784236247244976,-0.07841638,0,32.939633006178646
20220826,138,2022,27.0,31.919092688888043,-0.41986725,0,33.45987788175497
20220826,140,2022,26.5,29.686295651893285,-0.43432614,0,31.201054834246907
20220826,143,2022,27.6,30.07686208421469,0.5265643,0,33.321224062407616
20220826,146,2022,26.1,30.926014207917095,0.38248342,0,33.91103060696268
20220826,152,2022,27.1,30.858800799062553,0.19133419,0,33.499748575519035
20220826,155,2022,27.7,29.86318183007374,-0.22438827,0,31.755829179331812
20220826,156,2022,28.6,31.79549135713028,-0.0021901242,0,34.08809537157642
20220826,159,2022,27.9,29.752316296111125,-0.20215651,0,31.684980809122706
20220826,162,2022,27.9,29.09224438282211,-0.2638924,0,30.913784278972347
20220826,165,2022,27.3,31.410374265936213,-0.11977749,0,33.491321016298734
20220826,168,2022,26.7,29.897102870294507,-0.26978543,0,31.708035327165188
20220826,169,2022,26.0,27.95826887645408,-0.19256553,0,29.908197159569117
20220826,170,2022,28.0,30.059340911370814,0.050093852,0,32.44605608302564
20220826,172,2022,27.2,30.846465456610293,0.18649745,0,33.478707104469514
20220826,174,2022,28.0,29.474831997799587,-0.44339803,0,30.97326178438218
20220826,177,2022,27.5,29.24557699932845,0.28019062,0,32.046466347735844
20220826,181,2022,26.8,30.072440439163717,0.12968194,0,32.60241417797295
20220826,184,2022,28.1,27.51939954444933,0.012620265,0,29.838662258929496
20220826,185,2022,25.2,26.554350975873213,0.40016487,0,29.5711939842919
20220826,188,2022,26.2,27.7879107458263,0.058531538,0,30.18981375168437
20220826,189,2022,25.9,27.24210327106801,0.38187724,0,30.226028547486347
20220826,192,2022,28.6,31.073999452794318,-0.3010251,0,32.82870052419556
20220826,201,2022,26.3,27.6922949045611,-0.2907969,0,29.465406712284747
20220826,202,2022,26.2,28.95666318873054,0.24487895,0,31.693991532737684
20220826,203,2022,27.3,28.931777364491577,0.86709905,0,32.78910188664889
20220826,211,2022,26.4,28.497161618556976,-0.027023252,0,30.745066002861865
20220826,212,2022,26.8,28.666697837550753,0.16581872,0,31.261717773535967
20220826,216,2022,24.3,24.20280513467822,0.12765689,0,26.729133778258305
20220826,217,2022,28.4,27.945237167856096,0.3141993,0,30.807342143456943
20220826,221,2022,26.8,28.955059794152163,0.31959087,0,31.826869592054873
20220826,226,2022,26.0,29.10399213094636,0.16868141,0,31.704164912314265
20220826,232,2022,27.3,29.813635422801543,-0.035061873,0,32.04707028859394
20220826,235,2022,26.8,28.94738148304658,-0.23493984,0,30.821036002981838
20220826,236,2022,27.5,29.49852573098444,0.025949646,0,31.84178133148634
20220826,238,2022,26.7,29.754166588339388,-0.05657798,0,31.948872461490815
20220826,239,2022,26.4,29.273329136185673,0.92074347,0,33.227213612032564
20220826,243,2022,27.3,30.49705076002038,-0.18945286,0,32.452581855902444
20220826,244,2022,26.3,29.55388950462407,-0.1218443,0,31.631116004260846
20220826,245,2022,27.8,30.062700326226526,-0.0312671,0,32.30296578596252
20220826,247,2022,27.4,30.172360379315037,-0.29920137,0,31.93034415268543
20220826,248,2022,26.0,28.321286675360096,-0.33804652,0,30.0093491757374
20220826,252,2022,26.8,29.838426938349652,-0.16617894,0,31.835851081326062
20220826,253,2022,29.4,31.943879046727076,-0.061123624,0,34.1304027608123
20220826,254,2022,27.3,29.52113831666154,0.26167968,0,32.288707977225606
20220826,255,2022,29.3,31.944309972418125,-0.016283493,0,34.211545922222314
20220826,257,2022,30.7,31.547997244483053,-0.10973755,0,33.64701588770312
20220826,258,2022,28.5,29.978586336696427,-0.20724887,0,31.902084614976335
20220826,259,2022,29.6,31.436899975317516,-0.19608632,0,33.38049084226052
20220826,260,2022,28.5,30.70439332015485,-0.21818385,0,32.60820863673241
20220826,261,2022,28.6,30.58195629989311,-0.12821272,0,32.647719641697265
20220826,262,2022,27.6,30.732789743976987,-0.28591293,0,32.514692706323665
20220826,263,2022,29.0,30.85717961444695,-0.099964045,0,32.97379057155271
20220826,264,2022,29.6,29.86752733286181,-0.18847099,0,31.824825789907965
20220826,266,2022,29.1,31.525910804696295,-0.3901102,0,33.1202586923512
20220826,268,2022,27.3,29.802553874159347,-0.13909587,0,31.848727541490693
20220826,271,2022,25.5,27.696511314200357,0.12109771,0,30.21103343696078
20220826,272,2022,27.1,29.358287615739407,0.17521265,0,31.970216626507945
20220826,273,2022,27.3,29.075103174061574,-0.116385095,0,31.1621562414674
20220826,276,2022,28.8,29.21752339069025,0.13358477,0,31.75452221041875
20220826,277,2022,27.0,28.899230228705388,-0.2699799,0,30.709812657299626
20220826,278,2022,27.4,30.018853506122472,-0.20610741,0,31.944406410151966
20220826,279,2022,28.4,29.615059674459143,0.5511004,0,32.903586584426215
20220826,281,2022,27.5,30.32709450077316,0.010768756,0,32.643024500144335
20220826,283,2022,29.8,30.737205806307383,-0.17931947,0,32.71097699637432
20220826,284,2022,27.3,29.506796918377052,-0.29571554,0,31.27105518329598
20220826,285,2022,28.0,30.06147502506922,0.014811166,0,32.38468136128913
20220826,288,2022,29.2,31.14419975247573,0.3442031,0,34.060311596677415
20220826,289,2022,28.8,29.99125291125202,-0.34320503,0,31.670030086817388
20220826,294,2022,27.4,31.1253313827045,-0.32433677,0,32.83807143983496
20220826,295,2022,28.1,29.592682498152346,-0.26177022,0,31.418042342737415
20220827,90,2022,23.7,25.757038877480635,0.1339235,0,28.294647416962402
20220827,93,2022,25.0,27.097221860880918,-0.041696817,0,29.318713828936293
20220827,95,2022,23.2,26.465702098075372,-0.040841028,0,28.68873448559009
20220827,98,2022,24.4,27.20212690132446,-0.16007847,0,29.210531900719477
20220827,99,2022,24.0,26.35662981308752,0.043095835,0,28.730748553367796
20220827,100,2022,22.0,22.967770610977226,-0.18692908,0,24.927844510623633
20220827,101,2022,25.6,29.14719470828141,-0.36171803,0,30.792648494555017
20220827,102,2022,22.1,24.535022263604535,0.16021588,0,27.119957093693753
20220827,104,2022,23.5,25.816558895921734,0.051659636,0,28.20609247916523
20220827,105,2022,26.0,27.020741264909724,0.059029505,0,29.423540611376392
20220827,106,2022,23.2,26.409995375992658,-0.08120699,0,28.560369027993687
20220827,108,2022,24.4,29.17220929092938,-0.3939236,0,30.759693030205916
20220827,112,2022,23.7,27.804089451139053,-0.17363757,0,29.78808806511232
20220827,114,2022,23.6,28.72715637815237,-0.3370695,0,30.41697749569238
20220827,115,2022,22.2,25.587049597964064,0.33646637,0,28.48923530567207
20220827,119,2022,25.0,29.372007060868533,-0.0940607,0,31.499244044962325
20220827,121,2022,25.2,28.155447129435206,-0.05794093,0,30.347699693289073
20220827,127,2022,25.2,28.73828050695984,-0.097896524,0,30.858613002251676
20220827,129,2022,23.9,26.37040062230541,0.36147696,0,29.317605384426262
20220827,130,2022,23.8,26.054166501890204,0.44707146,0,29.155441373140007
20220827,131,2022,25.8,29.245066888475932,-0.05619459,0,31.440462867184802
20220827,133,2022,25.4,29.810378010332332,-0.6323787,0,30.96864259310519
20220827,135,2022,23.7,27.317838192323975,-0.24673945,0,29.170253425598084
20220827,136,2022,26.2,29.505445509608517,-0.18130341,0,31.47564560659303
20220827,137,2022,26.5,29.291300530658628,-0.35330778,0,30.951892758256466
20220827,138,2022,27.5,26.145432948703398,-0.6521424,0,27.268122856869933
20220827,140,2022,25.8,26.031292472316323,1.1616358,0,30.41878307208747
20220827,143,2022,27.4,28.285149792497865,-0.9326493,0,28.902927264655947
20220827,146,2022,25.4,25.20421584602558,1.6213996,0,30.4192814379766
20220827,152,2022,27.4,29.143406250299076,-0.9647203,0,29.70345593257831
20220827,155,2022,28.9,29.07815376134682,-0.6907452,0,30.131358684638627
20220827,156,2022,25.8,25.637628747336844,1.358744,0,30.37991423083602
20220827,159,2022,28.8,28.366017717386086,-0.85488224,0,29.12377592293879
20220827,162,2022,27.6,28.113894192992174,0.00787577,0,30.42461681767139
20220827,165,2022,25.3,29.906699955237407,-1.7935594,0,28.974839215668347
20220827,168,2022,28.4,27.755360991599872,0.4466633,0,30.855901152156314
20220827,169,2022,24.5,26.864566349409934,-0.21122044,0,28.780915789646627
20220827,170,2022,28.8,29.181482908330388,-0.33181244,0,30.880766751986577
20220827,172,2022,25.3,26.59908437043951,1.6749433,0,31.910528598750698
20220827,174,2022,25.5,25.94300905348222,-0.78202486,0,26.83191054287892
20220827,177,2022,24.5,27.783416097930772,-0.038115412,0,30.0113545944209
20220827,181,2022,24.1,28.049377566456084,-0.042630054,0,30.269189707238567
20220827,184,2022,30.0,30.984584528629885,-0.6521199,0,32.10731499179672
20220827,185,2022,26.8,29.26536998792697,-0.56331176,0,30.54795506582846
20220827,188,2022,28.8,29.672215804841034,-0.37736142,0,31.289511492655397
20220827,189,2022,28.4,29.497263100867755,-0.43222672,0,31.01580124750246
20220827,192,2022,27.6,29.954767106643324,-1.1898063,0,30.109661928902877
20220827,201,2022,23.9,25.828476210932003,0.062115785,0,28.23683086153852
20220827,202,2022,24.7,26.93244011771097,0.10811645,0,29.423595962061434
20220827,203,2022,25.4,28.742669938581063,-0.02843339,0,30.98803607473441
20220827,211,2022,24.1,26.148010410258102,0.08173188,0,28.591674029140407
20220827,212,2022,24.4,26.57020065925188,-0.057695046,0,28.762895814415295
20220827,216,2022,24.1,25.081275476350534,0.3114676,0,27.938463372741097
20220827,217,2022,25.6,26.443607103589393,0.019207355,0,28.774726580016836
20220827,221,2022,24.7,28.996515468574525,-0.27696154,0,30.794530943271287
20220827,226,2022,24.6,27.777010236310648,-0.22060984,0,29.676458755679423
20220827,232,2022,24.7,27.950011399056482,-0.09278784,0,30.079539526090795
20220827,235,2022,25.5,27.040410620301,-0.18304378,0,29.007478058088658
20220827,236,2022,25.5,27.9763184448987,-0.17468143,0,29.958438117812854
20220827,238,2022,24.7,27.200736572456638,0.14521542,0,29.758670569988176
20220827,239,2022,24.8,29.35909318154074,-0.42062625,0,30.898512164423842
20220827,243,2022,24.8,25.808902888215226,1.4122665,0,30.647528813418198
20220827,244,2022,24.5,25.924358118468458,0.36106104,0,28.87081422240907
20220827,245,2022,24.9,26.065178635752307,0.52671343,0,29.30980904942345
20220827,247,2022,25.6,24.420566470929362,1.9838647,0,30.288069106070385
20220827,248,2022,23.6,25.590826766415834,0.11985745,0,28.103116419557935
20220827,252,2022,24.7,25.41330543492417,2.0559118,0,31.410492875935248
20220827,253,2022,28.5,30.50508123283847,-0.9730555,0,31.05012760348364
20220827,254,2022,25.3,26.1284143387442,0.64357054,0,29.583387553032562
20220827,255,2022,28.5,30.96382153429773,-1.1382173,0,31.211576578420075
20220827,257,2022,30.1,30.379030852984034,-0.6411666,0,31.521477161735742
20220827,258,2022,27.9,26.97548472605436,-0.14342025,0,29.013874515536127
20220827,259,2022,28.2,30.599548611479037,-0.5272756,0,31.94699873015964
20220827,260,2022,27.8,29.63295972007953,-0.6505028,0,30.75860091646933
20220827,261,2022,27.7,29.726109740257954,-0.2808483,0,31.51712904824863
20220827,262,2022,27.0,29.48351414066353,-0.2106801,0,31.400836203533206
20220827,263,2022,28.5,30.465274821112832,-0.8788432,0,31.179903320282783
20220827,264,2022,26.0,24.729542060326988,0.56616837,0,28.045191360564292
20220827,266,2022,28.4,28.671119187086436,-0.8732602,0,29.395797065128306
20220827,268,2022,24.8,28.619459400190255,0.1297473,0,31.149550780686884
20220827,271,2022,25.2,26.53814791831437,0.14979059,0,29.104317209472693
20220827,272,2022,24.9,28.252717119201442,-0.02472908,0,30.50475101238909
20220827,273,2022,25.0,27.46582504578645,-0.101634525,0,29.579429139298156
20220827,276,2022,27.0,27.989597287593913,-0.13863373,0,30.036602815229138
20220827,277,2022,25.5,26.48739559066154,0.82802963,0,30.27439516736903
20220827,278,2022,26.9,26.65902756581436,0.110380515,0,29.15425873171996
20220827,279,2022,26.4,27.822030351122514,-0.22754323,0,29.708998766521713
20220827,281,2022,27.1,27.32361453567366,-0.5438912,0,28.641156629089522
20220827,283,2022,27.5,26.203742594349485,-1.0107828,0,26.680879724272
20220827,284,2022,26.5,26.84140177539119,0.02728708,0,29.187064759066796
20220827,285,2022,26.6,27.271445802838862,-0.36260456,0,28.915303835681147
20220827,288,2022,27.2,27.599669373596882,-0.28992835,0,29.374344587311132
20220827,289,2022,27.7,25.242757226680123,-0.027446996,0,27.489898871207444
20220827,294,2022,27.9,28.669696235796074,-0.30731297,0,30.413079136172996
20220827,295,2022,28.1,26.807465757600188,0.6767392,0,30.322142584216124
20220828,90,2022,24.7,27.04754327829888,0.23111084,0,29.760089030247837
20220828,93,2022,26.3,28.83941866195402,-0.09201387,0,30.97033992835067
20220828,95,2022,25.2,28.159431988744558,-0.3841494,0,29.76450930254502
20220828,98,2022,26.7,28.195652459060454,-0.29270837,0,29.96532363634816
20220828,99,2022,26.0,27.415343130963983,-0.13354763,0,29.471503628053018
20220828,100,2022,20.2,23.955639373559784,0.7809419,0,27.657881038108307
20220828,101,2022,26.7,30.148760971354303,-0.52580583,0,31.498856713718837
20220828,102,2022,23.7,24.917555405033674,1.0672302,0,29.135116047414993
20220828,104,2022,23.9,27.214168287163417,0.17444736,0,29.82471976902609
20220828,105,2022,26.8,28.250287582843885,0.39157397,0,31.251666958917372
20220828,106,2022,23.5,26.7354892154951,0.34411326,0,29.651439322493193
20220828,108,2022,26.7,29.815791537411823,-0.63538486,0,30.968645031718037
20220828,112,2022,26.6,28.93430271950611,-1.0780505,0,29.290358068041296
20220828,114,2022,25.6,27.126604178261807,1.977026,0,32.98179719063824
20220828,115,2022,23.5,25.702208401359513,0.6415339,0,29.153515679654678
20220828,119,2022,27.1,29.903286072100556,-0.6377118,0,31.051951028809114
20220828,121,2022,25.7,28.341632198147487,-0.0020448528,0,30.634497701150494
20220828,127,2022,26.6,29.540956302169747,-0.24009317,0,31.40533483138044
20220828,129,2022,27.2,28.92112919168225,-0.6472068,0,30.052703219836275
20220828,130,2022,25.0,26.16777143651867,0.33421075,0,29.065897030796656
20220828,131,2022,27.5,29.67673673418453,-0.463936,0,31.138198170356663
20220828,133,2022,27.4,29.558911908565747,-1.0163991,0,30.025939685422774
20220828,135,2022,24.5,28.324777056606365,-0.25407493,0,30.16398841863032
20220828,136,2022,27.0,29.823008021048715,-0.07340022,0,31.98743385995608
20220828,137,2022,26.7,30.095368280036038,-0.4046627,0,31.663521660807323
20220828,138,2022,24.8,29.73765490577896,-0.12397819,0,31.81104040164014
20220828,140,2022,26.8,27.139373118458707,-0.445546,0,28.633936554390516
20220828,143,2022,26.6,30.0555747915603,-0.2685631,0,31.868707464485897
20220828,146,2022,27.6,29.727625451410837,-1.6705054,0,29.017261961445048
20220828,152,2022,25.1,30.393475327108792,0.236731,0,33.1161373522225
20220828,155,2022,27.3,26.880287255228946,1.809634,0,32.434174639782505
20220828,156,2022,27.6,29.016416129815102,0.38568297,0,32.00719171441329
20220828,159,2022,25.9,28.043955508233502,0.6158114,0,31.44896227993687
20220828,162,2022,27.1,27.846342803024616,1.0667628,0,32.06306209008214
20220828,165,2022,25.5,27.88394496863597,0.34801066,0,30.806910393312513
20220828,168,2022,25.0,28.28654160575861,0.32231677,0,31.163258022256443
20220828,169,2022,22.5,26.041849888313422,1.499229,0,31.037008244165197
20220828,170,2022,25.3,28.356580975835787,-0.29960352,0,30.11384087463724
20220828,172,2022,27.5,28.418579193610334,-0.6049713,0,29.62617711035231
20220828,174,2022,25.1,27.225257552863752,1.6299299,0,32.455677611253066
20220828,177,2022,26.8,28.83884400889631,-0.5574663,0,30.13195085632142
20220828,181,2022,26.2,28.97845795842085,-0.37048513,0,30.608130967955336
20220828,184,2022,27.0,29.498372136038295,-0.08239452,0,31.64660824179804
20220828,185,2022,26.4,29.233798673990048,-0.021855354,0,31.49100527431814
20220828,188,2022,28.0,29.692976156865345,-0.32336265,0,31.407469627673024
20220828,189,2022,27.7,29.412646177774594,-0.37201905,0,31.03955812134915
20220828,192,2022,26.8,28.224473001425245,2.1194298,0,34.335992927635296
20220828,201,2022,25.5,27.010405231887646,-0.351854,0,28.673614276244596
20220828,202,2022,25.6,27.008803413963093,1.6263919,0,32.23285504984416
20220828,203,2022,27.1,29.54136335200848,-0.309161,0,31.281419776765134
20220828,211,2022,26.3,27.625584679259347,0.036525488,0,29.987876795563395
20220828,212,2022,26.6,28.19602819956531,-0.17226478,0,30.182497825415634
20220828,216,2022,21.7,24.82008577403957,1.191282,0,29.26093967318053
20220828,217,2022,27.5,27.715000993011806,0.48177692,0,30.87874569239042
20220828,221,2022,25.4,29.73152592292533,-0.4949123,0,31.13723002724932
20220828,226,2022,25.0,28.759325474512977,-0.34035182,0,30.4432384366117
20220828,232,2022,26.5,29.11125262919616,-0.44031718,0,30.615227936561226
20220828,235,2022,26.6,28.157045075174704,-0.20230797,0,30.08943696846201
20220828,236,2022,26.9,28.622226914314012,-0.46457493,0,30.082538272904742
20220828,238,2022,27.0,28.974164818416742,-0.6187276,0,30.15700133255175
20220828,239,2022,26.7,29.373608745227266,-0.8340003,0,30.16895446231943
20220828,243,2022,27.4,29.669681945665182,-1.8715874,0,28.59737087154717
20220828,244,2022,25.1,28.766845555445368,-1.395863,0,28.55083829240066
20220828,245,2022,28.1,29.63026696903671,-1.4964677,0,29.233171329946774
20220828,247,2022,26.1,27.74902767960588,0.4098177,0,30.78324576980214
20220828,248,2022,24.4,28.034299200936807,-1.4733623,0,27.678793251101634
20220828,252,2022,26.7,27.37859973815556,-1.2039416,0,27.508051125699843
20220828,253,2022,26.3,27.63785931411317,1.6065247,0,32.826150022793925
20220828,254,2022,27.3,28.934020222621882,-0.97483444,0,29.475864464856716
20220828,255,2022,27.9,28.06563673913832,1.5308186,0,33.11765642406877
20220828,257,2022,27.8,28.37699326067494,1.5652423,0,33.49097562165367
20220828,258,2022,25.5,26.565693092772573,1.8560592,0,32.20314587935707
20220828,259,2022,25.1,26.360993007607505,0.6881499,0,29.896209117975882
20220828,260,2022,24.8,26.051827455677696,0.97582275,0,30.104854637918784
20220828,261,2022,24.4,26.131501545982363,1.1733484,0,30.54007495234073
20220828,262,2022,24.7,26.97101897652587,1.1500845,0,31.337717306590292
20220828,263,2022,26.7,26.74059778575805,2.1209285,0,32.85481537050692
20220828,264,2022,26.3,27.044998586167175,0.5791055,0,30.383934717783415
20220828,266,2022,26.9,28.88539683790187,0.044231974,0,31.26156062844555
20220828,268,2022,24.7,26.105348090989978,1.4050093,0,30.93091101456026
20220828,271,2022,24.8,27.294310208348946,0.4707188,0,30.438150288272226
20220828,272,2022,25.5,29.074631750236428,-0.07271966,0,31.24028259423403
20220828,273,2022,26.0,28.104545409539018,0.07734445,0,30.54031165289728
20220828,276,2022,25.9,27.303114100469063,0.53569067,0,30.563903535994605
20220828,277,2022,25.2,27.294525288742765,0.38629407,0,30.286400847257962
20220828,278,2022,28.1,29.34047557470786,-0.1362811,0,31.391715827579976
20220828,279,2022,26.6,30.06763884719542,-0.41488463,0,31.617392756922165
20220828,281,2022,25.8,29.046080153548132,0.06810212,0,31.465210210068243
20220828,283,2022,27.0,28.47820805073602,0.9017074,0,32.39782762828274
20220828,284,2022,25.2,28.419120227215547,-0.57046753,0,29.68882490827408
20220828,285,2022,26.5,27.890802594474664,-0.049513772,0,30.098224042725082
20220828,288,2022,28.1,31.72123293040785,-0.3619845,0,33.36620708406541
20220828,289,2022,26.3,27.393831347152737,0.81218463,0,31.15230992252127
20220828,294,2022,26.0,27.520115399783048,0.96244174,0,31.549056774223843
20220828,295,2022,26.5,28.670228102554372,-0.24040803,0,30.53403988100022
20220829,90,2022,22.4,24.297399898818274,0.66475296,0,27.790501465271856
20220829,93,2022,20.6,25.646262784363447,-1.0264593,0,26.09518221714241
20220829,95,2022,20.4,25.361597965888457,-1.7489096,0,24.510106937241638
20220829,98,2022,20.4,25.18860718668098,-0.9722562,0,25.73509229424174
20220829,99,2022,21.7,25.39569540760594,-1.0640274,0,25.776992274161756
20220829,100,2022,16.6,20.840885655898077,-0.50527763,0,22.227932153381932
20220829,101,2022,21.2,25.137315737022018,-0.8869017,0,25.83743895712779
20220829,102,2022,17.1,24.18493360585061,-2.1415436,0,22.62670131572155
20220829,104,2022,21.3,23.58553609151015,-0.21741185,0,25.490741006934147
20220829,105,2022,23.0,24.68389075391547,0.08354556,0,27.130818996678162
20220829,106,2022,22.0,23.512902905671847,0.26775593,0,26.291409809935946
20220829,108,2022,21.5,25.147724641493017,-0.45918888,0,26.617730898212255
20220829,112,2022,21.3,26.04310886440271,-1.223141,0,26.13800138353879
20220829,114,2022,19.4,25.264260294718863,-1.0839818,0,25.60963937849117
20220829,115,2022,23.7,22.727101911693946,1.4695966,0,27.66892207365229
20220829,119,2022,21.3,25.529741912930195,-0.32826343,0,27.235413973797154
20220829,121,2022,19.3,24.861353423932307,-1.3927128,0,24.651016565321804
20220829,127,2022,20.2,25.371204975321255,-2.0939612,0,23.898620983455746
20220829,129,2022,20.9,25.621176555617716,-1.3433005,0,25.49978196251777
20220829,130,2022,23.7,23.397372523601184,0.5979601,0,26.770246967747944
20220829,131,2022,21.2,25.846394119967552,-2.3432026,0,23.925175694355705
20220829,133,2022,19.5,26.099049616998908,-2.512597,0,23.872921103801612
20220829,135,2022,18.7,25.02934515691063,-1.9571991,0,23.802933020971633
20220829,136,2022,20.6,25.319944089578712,-1.7934307,0,24.388315092868538
20220829,137,2022,19.2,25.282808569801794,-2.1383514,0,23.7303222151128
20220829,138,2022,24.7,24.31963969246837,-0.18958408,0,26.274934593024586
20220829,140,2022,20.4,25.905146584148582,-0.54640913,0,27.21815638805944
20220829,143,2022,23.9,25.145307094174488,-0.25116763,0,26.98975160691904
20220829,146,2022,22.1,26.072758446537698,-0.8134516,0,26.90509182594523
20220829,152,2022,24.7,25.54219240139395,1.6079476,0,30.733044297818847
20220829,155,2022,25.3,25.414253529315395,2.6652873,0,32.508316828633355
20220829,156,2022,22.4,26.0250882567362,-0.914057,0,26.676331865349816
20220829,159,2022,28.4,26.100449762705402,1.4604555,0,31.025815967106066
20220829,162,2022,26.9,25.97193899345767,2.0908635,0,32.03203947081518
20220829,165,2022,25.0,25.423394228731087,0.36134908,0,28.37036880367428
20220829,168,2022,24.8,26.19112841388538,2.3133645,0,32.6517307623519
20220829,169,2022,23.4,25.6761012888894,-1.2228732,0,25.771475747341274
20220829,170,2022,26.5,24.531095342571692,2.1334217,0,30.667800567701423
20220829,172,2022,23.3,26.125338151349535,-0.667954,0,27.219567139659045
20220829,174,2022,24.1,25.467112868124204,0.2135579,0,28.148063324405516
20220829,177,2022,20.2,25.961930599161363,-2.4779406,0,23.798183830348833
20220829,181,2022,20.2,25.70322342994395,-1.9750247,0,24.44472520773176
20220829,184,2022,27.1,28.277077673001163,1.0756603,0,32.50981253737497
20220829,185,2022,27.9,28.085121647196853,0.15154462,0,30.654448193408697
20220829,188,2022,27.7,29.33288611956256,0.18302011,0,31.958868564464627
20220829,189,2022,27.7,28.520038861768345,1.3173186,0,33.187758505500064
20220829,192,2022,24.4,25.322082522135254,1.7186615,0,30.712219544292573
20220829,201,2022,21.9,26.078654310744618,-2.33017,0,24.180894699753743
20220829,202,2022,20.5,24.906693007533296,-0.86966,0,25.637851209843507
20220829,203,2022,20.0,25.431295794298464,-1.003163,0,25.922148668239533
20220829,211,2022,20.9,25.2315737468286,-0.6356463,0,26.383956674385242
20220829,212,2022,20.1,25.273435434627014,-0.46492568,0,26.733115454859817
20220829,216,2022,17.7,21.87886982634659,-0.32929328,0,23.582688158919176
20220829,217,2022,19.5,24.88095293074139,-0.83869743,0,25.66784378857681
20220829,221,2022,18.9,24.582531393240373,-2.3794463,0,22.59607434877782
20220829,226,2022,18.5,25.72117295221587,-2.6587555,0,23.23195921677431
20220829,232,2022,20.6,25.71139052031208,-2.3327303,0,23.809022230503455
20220829,235,2022,20.2,25.44116056608362,-1.8498046,0,24.40805845249875
20220829,236,2022,19.2,26.360970935931356,-1.074034,0,26.724256017933644
20220829,238,2022,20.1,24.99955256101436,-1.4461969,0,24.692944354404286
20220829,239,2022,18.9,25.590280307920803,-2.5609963,0,23.277033216766352
20220829,243,2022,22.5,26.285677764031757,-0.9054748,0,26.952369394534106
20220829,244,2022,21.1,24.23904412931127,-1.1510669,0,24.463669948656396
20220829,245,2022,23.1,27.031856868767377,-0.96248144,0,27.59593651644731
20220829,247,2022,22.7,24.70237053751828,-0.989707,0,25.217444188017275
20220829,248,2022,20.5,24.972356285417415,-1.1119918,0,25.267317349894984
20220829,252,2022,23.0,26.78260660734277,-0.4436937,0,28.280504190012632
20220829,253,2022,27.1,25.42692177003203,2.0772445,0,31.462508144453754
20220829,254,2022,22.9,25.8669953940323,-1.5233685,0,25.42147837203831
20220829,255,2022,25.8,25.64335596808348,2.6647232,0,32.73640389035676
20220829,257,2022,28.2,25.43413883008668,2.6914248,0,32.57524979213963
20220829,258,2022,26.8,27.38677256491532,0.37801406,0,30.363744107174185
20220829,259,2022,27.1,26.49986772574055,0.8380015,0,30.304816645175702
20220829,260,2022,26.6,27.056945508824885,0.7018813,0,30.616878067977137
20220829,261,2022,27.0,25.755495149389603,0.5364595,0,29.01766849747847
20220829,262,2022,25.5,26.783365202446717,1.2855839,0,31.39396237723007
20220829,263,2022,24.5,26.1487603519786,2.1579905,0,32.32968941019244
20220829,264,2022,23.1,24.637166137864,-0.5528463,0,25.938589013407242
20220829,266,2022,25.2,25.959454385136645,1.7169632,0,31.34653433274715
20220829,268,2022,26.8,25.467200284051486,1.2699747,0,30.04970099753876
20220829,271,2022,20.2,22.8785002608808,-0.6691987,0,23.970488853644348
20220829,272,2022,19.5,24.530789974438896,-1.1993291,0,24.668543764479516
20220829,273,2022,19.7,25.228161688250957,-2.37531,0,23.249150026860303
20220829,276,2022,21.8,25.083960161917457,-0.13641024,0,27.134967974556343
20220829,277,2022,22.8,24.740374327875546,-0.06726072,0,26.915851270255622
20220829,278,2022,20.7,25.422970268368715,-0.3853755,0,27.025840606947543
20220829,279,2022,20.7,24.980890298350797,-1.0788392,0,25.335526007298583
20220829,281,2022,23.0,24.293771695346273,0.3079533,0,27.144633869996113
20220829,283,2022,24.6,25.50387429742129,0.90411055,0,29.42781952709051
20220829,284,2022,21.4,24.815437867692683,-0.27238917,0,26.62168359346328
20220829,285,2022,23.2,25.248074445504876,0.47514808,0,28.399887230792384
20220829,288,2022,25.8,26.229884735353593,2.189369,0,32.467295107272875
20220829,289,2022,22.8,25.409693622713064,0.10529702,0,27.895774499619584
20220829,294,2022,26.4,28.69477155976124,1.3906192,0,33.49443228358634
20220829,295,2022,25.0,25.423551167650093,2.1545873,0,31.598354489627358
20220830,90,2022,19.2,24.165432555265426,-1.6487628,0,23.494205713477736
20220830,93,2022,18.8,25.052231465798158,-2.3155086,0,23.180862216593173
20220830,95,2022,18.6,23.940923504310394,-3.2171435,0,20.44661137828961
20220830,98,2022,19.0,23.850320295864936,-1.8365245,0,22.841122458174233
20220830,99,2022,18.5,24.051998715057234,-2.0463486,0,22.665117523942456
20220830,100,2022,16.7,20.209588845746552,-1.1366081,0,20.46024046102826
20220830,101,2022,19.2,24.46124663123274,-2.5091403,0,22.241340413796554
20220830,102,2022,19.9,22.792617155453215,-2.6181762,0,20.376446194212097
20220830,104,2022,19.1,22.77326417511473,-0.82402515,0,23.586565135794388
20220830,105,2022,21.0,24.163100369834517,-0.90321594,0,24.833857907338363
20220830,106,2022,19.4,23.33007715971889,-1.9062332,0,22.19540365312102
20220830,108,2022,19.3,24.60017469637356,-2.81078,0,21.837316847391353
20220830,112,2022,19.4,24.124430037126153,-2.879855,0,21.237237423663355
20220830,114,2022,19.2,24.48435993436756,-2.3575008,0,22.537404747662574
20220830,115,2022,18.9,23.220759872260537,-1.4822191,0,22.849311730347726
20220830,119,2022,19.9,25.251451167497745,-2.6619313,0,22.756521108203646
20220830,121,2022,18.7,24.56964767850634,-2.7995968,0,21.82691970089254
20220830,127,2022,19.1,25.642987648329825,-2.755179,0,22.980211815338826
20220830,129,2022,19.8,25.34917348034603,-3.0481143,0,22.159113978836963
20220830,130,2022,19.8,24.065393914952782,-1.7763922,0,23.164434154425773
20220830,131,2022,19.8,25.667385652539437,-2.4529185,0,23.548678537504983
20220830,133,2022,20.0,25.60757763536664,-2.213777,0,23.9193251559523
20220830,135,2022,18.7,25.060930767925026,-2.5928571,0,22.690334185651192
20220830,136,2022,20.2,24.44130207116212,-0.98970664,0,24.956376365391275
20220830,137,2022,19.5,26.156628372625384,-2.6533635,0,23.677120371436754
20220830,138,2022,20.7,26.155912845580154,-1.7275338,0,25.34289821254033
20220830,140,2022,19.9,25.594158290565158,-1.7924801,0,24.664240328629763
20220830,143,2022,20.5,26.909235444324487,-1.906671,0,25.77377379742968
20220830,146,2022,23.6,25.147129071327775,-1.5288292,0,24.691782718889453
20220830,152,2022,21.3,24.47688118985738,-1.7426937,0,23.636578835183645
20220830,155,2022,21.2,28.363886873434577,-2.7638915,0,25.685428486198585
20220830,156,2022,26.7,25.31576540166166,-0.15641603,0,27.330762788017665
20220830,159,2022,24.7,26.52591497639066,-1.758686,0,25.656826510838933
20220830,162,2022,25.6,25.49675645744482,-0.8490945,0,26.264932577388088
20220830,165,2022,28.5,24.953595394706966,1.9639314,0,30.78521822714413
20220830,168,2022,21.6,26.07585842945565,-1.8430953,0,25.054833122892877
20220830,169,2022,24.3,24.30658663820062,-1.3313395,0,24.206721814998136
20220830,170,2022,26.8,26.51983475908576,0.8329513,0,30.315693350304358
20220830,172,2022,26.7,25.24118835591439,-0.5626257,0,26.525008322846336
20220830,174,2022,22.7,25.873043310417202,-2.670541,0,23.362615662011777
20220830,177,2022,19.8,24.946823871219344,-2.8537114,0,22.10668964932759
20220830,181,2022,19.0,25.59600735904971,-2.5504606,0,23.301724558514156
20220830,184,2022,30.1,27.897234945889256,0.55514807,0,31.19304770113602
20220830,185,2022,29.7,24.83294285245499,2.852548,0,32.2640752817168
20220830,188,2022,31.9,30.115884087302895,-0.35539865,0,31.772712746499398
20220830,189,2022,29.5,29.511542036781698,-0.29024348,0,31.285650016933477
20220830,192,2022,21.1,27.201043280013675,-2.2327623,0,25.478617311982394
20220830,201,2022,19.2,24.15127339833285,-1.0401096,0,24.57562229449835
20220830,202,2022,18.9,24.877333815554913,-2.688181,0,22.335154391407908
20220830,203,2022,19.2,25.058583055663494,-2.5048494,0,22.84640031272987
20220830,211,2022,18.0,23.705544419485587,-2.0156035,0,22.374004281379843
20220830,212,2022,18.6,23.70983103054526,-1.808863,0,22.75042378981653
20220830,216,2022,17.0,21.420897117675434,-2.3972795,0,19.40234025402953
20220830,217,2022,18.4,24.36001944440441,-2.4056816,0,22.326338784295494
20220830,221,2022,18.3,25.30335736978097,-2.5818963,0,22.952490258713798
20220830,226,2022,20.0,25.58243602447397,-2.148764,0,24.01120725149579
20220830,232,2022,19.7,25.05540227111633,-2.7349644,0,22.4290126418912
20220830,235,2022,20.1,25.237470819892664,-2.6934953,0,22.685725565514947
20220830,236,2022,19.5,25.20329185285374,-2.001699,0,23.896779943507763
20220830,238,2022,20.4,25.805694839053498,-2.3134062,0,23.938109864903442
20220830,239,2022,19.4,25.51767697040257,-2.4186683,0,23.46062032228706
20220830,243,2022,21.6,25.643469875704437,-0.9172762,0,26.28891894725064
20220830,244,2022,23.6,24.970776125141587,-2.399027,0,22.949073566763015
20220830,245,2022,23.7,25.07199082340707,-1.747644,0,24.22277795580914
20220830,247,2022,24.4,26.585570087485245,-1.6688234,0,25.878234275055465
20220830,248,2022,23.1,24.56287721167174,-2.3843718,0,22.567554286243
20220830,252,2022,27.2,24.733666491965934,-0.5285472,0,26.078827720761588
20220830,253,2022,23.8,25.157022110304936,-2.256726,0,23.391461500626317
20220830,254,2022,26.0,24.521392727384068,-0.65237546,0,25.643663138060674
20220830,255,2022,22.5,26.764793764846065,-2.4079142,0,24.727094511902674
20220830,257,2022,23.5,26.26249073011486,-2.090637,0,24.795890424696495
20220830,258,2022,24.3,26.417970265833116,-1.8497243,0,25.38501277695833
20220830,259,2022,26.9,25.099425565480406,0.453637,0,28.212518410582366
20220830,260,2022,26.9,25.182827458893545,-0.078900374,0,27.337353022928134
20220830,261,2022,28.9,25.05570766174594,2.2381027,0,31.38083871390204
20220830,262,2022,23.4,26.741955579497887,-1.7019248,0,25.975037176011284
20220830,263,2022,21.2,25.84258258512173,-2.2758875,0,24.042531342432245
20220830,264,2022,22.8,25.994412082753822,-2.3226123,0,24.110256206733037
20220830,266,2022,23.1,27.504009196088454,-2.6501482,0,25.0302887582238
20220830,268,2022,27.4,24.830687456181412,2.6643264,0,31.923021267126572
20220830,271,2022,19.2,23.438300708585682,-2.2178283,0,21.742756053878377
20220830,272,2022,19.7,25.33450149539659,-2.7484622,0,22.683815773184403
20220830,273,2022,19.7,24.743094695815024,-2.7700996,0,22.053461582092826
20220830,276,2022,20.8,24.08792050007472,-0.68652624,0,25.148719508106215
20220830,277,2022,20.3,24.687629177921963,-1.8674464,0,23.622771855367976
20220830,278,2022,21.2,25.74466937028662,-1.1844047,0,25.909287092936797
20220830,279,2022,19.7,25.45384613267629,-2.409122,0,23.41397278839379
20220830,281,2022,19.5,26.03561751571475,-2.125034,0,24.507102384856932
20220830,283,2022,20.0,26.944820177869744,-2.4595847,0,24.814113932586267
20220830,284,2022,20.8,25.737095799133893,-2.8041718,0,22.98613279611421
20220830,285,2022,19.8,28.462991150350714,-2.6474562,0,25.994116284004004
20220830,288,2022,21.6,26.77829938298348,-2.1612716,0,25.184556791264455
20220830,289,2022,21.5,27.568437225812488,-2.9035609,0,24.638573885573567
20220830,294,2022,24.4,25.452109896661554,-1.7274709,0,24.639208560130516
20220830,295,2022,21.0,25.27645882599908,-2.1501966,0,23.70265126998562
20230824,90,2023,22.7,23.379617743718526,-1.0675431,0,23.754586313612965
20230824,93,2023,23.5,25.65593908239222,-1.1074915,0,25.959000632671486
20230824,95,2023,23.6,26.339849893945825,-0.73124707,0,27.32015141061761
20230824,98,2023,25.2,27.15067465579778,-0.43866125,0,28.657630648396914
20230824,99,2023,25.5,26.658595715512003,-0.36007395,0,28.30700883663592
20230824,100,2023,22.2,20.58286019860168,0.0900375,0,23.04147394091328
20230824,101,2023,22.9,24.972301848472046,-1.0025715,0,25.46421945210367
20230824,102,2023,26.3,23.855077549331504,0.14653316,0,26.415383477939095
20230824,104,2023,23.3,23.23677431447066,-0.8850149,0,23.94029374763109
20230824,105,2023,24.5,25.30834226600567,-0.7596808,0,26.23746305042724
20230824,106,2023,22.7,22.945156593010424,0.304346,0,25.789525622432834
20230824,108,2023,27.4,29.714031180795708,-0.14128637,0,31.75626194723098
20230824,112,2023,26.5,25.766257825694765,-0.13960971,0,27.811506586891504
20230824,114,2023,27.5,26.991290026625762,-0.16390935,0,28.992799442152755
20230824,115,2023,27.3,23.599039982413537,0.66405547,0,27.09088606047143
20230824,119,2023,27.8,28.29236519527109,-0.01591637,0,30.560261967615805
20230824,121,2023,25.5,24.87609849138811,0.08428359,0,27.32435519204274
20230824,127,2023,28.1,24.950313754914205,0.92668945,0,28.914900995749043
20230824,129,2023,30.5,29.635310444800027,-0.1739724,0,31.618706366407647
20230824,130,2023,24.2,24.054053282554577,-0.08413584,0,26.1991550125037
20230824,131,2023,28.4,25.924706756548332,0.656985,0,29.40382596740728
20230824,133,2023,27.4,25.110932057052768,0.39474303,0,28.118015740682406
20230824,135,2023,25.7,25.52400784904328,-0.96527094,0,26.083066401447333
20230824,136,2023,28.8,24.864963361786806,0.2669232,0,27.64197134036502
20230824,137,2023,25.0,25.45972073136471,-0.63277894,0,26.617264872796166
20230824,138,2023,24.7,25.493216002900805,-0.18226343,0,27.461688059905384
20230824,140,2023,29.3,26.276209032875574,0.8210471,0,30.050640100004358
20230824,143,2023,29.1,27.247568875340797,0.16065702,0,29.833297746586783
20230824,146,2023,25.5,25.243383323725727,-0.5101229,0,26.621708350376757
20230824,152,2023,26.8,26.084120958666155,-0.35430938,0,27.742910312652544
20230824,155,2023,28.1,25.478758538790096,0.2565118,0,28.237026030269618
20230824,156,2023,25.2,25.855977243900103,-1.197714,0,25.996638333936144
20230824,159,2023,28.2,24.911437993552386,0.46231303,0,28.040147678778474
20230824,162,2023,27.0,25.83250707092821,0.9279833,0,29.7994232202065
20230824,165,2023,27.1,26.558015248539046,0.08368122,0,29.005187679610454
20230824,168,2023,26.2,24.67921818735972,-0.8111455,0,25.5157025534387
20230824,169,2023,27.1,26.821456514575267,0.19079769,0,29.461438588498027
20230824,170,2023,26.2,25.802673673494184,-0.62757844,0,26.969578724387617
20230824,172,2023,28.4,26.298669621353955,0.44754234,0,29.400792070652464
20230824,174,2023,24.2,25.26786175921848,-1.0669062,0,25.643976812534245
20230824,177,2023,29.8,27.259196115271852,-0.054226957,0,29.458133830285483
20230824,181,2023,28.6,25.801631633861245,0.676436,0,29.31576268458683
20230824,184,2023,28.3,27.298926928535,0.22547913,0,30.001335593377256
20230824,185,2023,27.9,27.166804195205657,0.22727281,0,29.872441488683318
20230824,188,2023,26.9,25.61676474740247,0.18394512,0,28.244412200372626
20230824,189,2023,28.2,25.787706181181818,0.68438095,0,29.31613812664465
20230824,192,2023,24.7,24.467371062387176,-0.46671262,0,25.92383457756932
20230824,201,2023,24.2,26.403811706581404,-0.67371005,0,27.487679857908187
20230824,202,2023,24.0,26.000334144322373,-0.79637736,0,26.86340113292943
20230824,203,2023,26.2,27.46760752657108,-0.33844426,0,29.15495409171813
20230824,211,2023,23.8,24.488706033481886,-0.40395135,0,26.058139847192702
20230824,212,2023,24.8,26.875260793197967,-0.391465,0,28.467170016416535
20230824,216,2023,21.1,21.088903430327747,-0.7389419,0,22.055354234223348
20230824,217,2023,24.1,25.903308999406537,-0.56172127,0,27.188756959922163
20230824,221,2023,26.2,24.866348318831943,0.25539568,0,27.62260678211513
20230824,226,2023,25.9,24.879366063158976,0.5974616,0,28.251343147457714
20230824,232,2023,28.9,27.17256683643253,0.029402144,0,29.522036934172828
20230824,235,2023,29.8,28.829627922576897,0.12550357,0,31.35208058637583
20230824,236,2023,29.4,26.308545796217476,0.95671636,0,30.327181479892893
20230824,238,2023,28.7,24.950151392517963,0.28729147,0,27.763822271544026
20230824,239,2023,29.6,25.642235184703118,0.2878724,0,28.456951749735726
20230824,243,2023,28.1,26.468199756984433,0.72341156,0,30.066886803174345
20230824,244,2023,25.8,24.66438066128419,-1.1494405,0,24.891933950836528
20230824,245,2023,27.8,26.204008582837073,-0.26577467,0,28.02216041984806
20230824,247,2023,25.2,24.624893431416947,-1.0780188,0,24.98100585735997
20230824,248,2023,25.2,23.71488273973947,-1.1478597,0,23.945281531191526
20230824,252,2023,27.5,26.639373436254413,0.7001008,0,30.196101077498952
20230824,253,2023,29.4,24.822840281754342,-0.33021024,0,26.525008090187523
20230824,254,2023,24.9,25.86375792366912,-0.4973166,0,27.26513428374758
20230824,255,2023,28.7,26.528255389043874,-0.4587009,0,27.99914001557131
20230824,257,2023,29.9,26.375594925589347,-0.345258,0,28.05067676815072
20230824,258,2023,27.1,26.055069015631286,-0.37802684,0,27.67116693618796
20230824,259,2023,27.0,26.375605987819018,-1.0101573,0,26.853869001797626
20230824,260,2023,26.1,25.980950400028476,-0.79135776,0,26.8530526779231
20230824,261,2023,26.4,26.042024214864213,-0.93423593,0,26.6569457781516
20230824,262,2023,26.0,25.336193570094707,-0.53685015,0,26.66640953025938
20230824,263,2023,28.0,24.731038447594386,0.7472861,0,28.372699632044185
20230824,264,2023,26.2,24.564608781773455,-1.0185348,0,25.027792416670337
20230824,266,2023,25.8,24.96993335032945,-0.61486334,0,26.1597255834586
20230824,268,2023,26.9,26.690386555026723,0.102817476,0,29.17200424954351
20230824,271,2023,25.0,22.747908512862463,-0.37552252,0,24.368514207533742
20230824,272,2023,23.3,25.284174320482627,-1.1953336,0,25.42912007848742
20230824,273,2023,24.1,24.430153871441163,-0.3312645,0,26.130424016996308
20230824,276,2023,27.9,24.24699546750272,0.48955533,0,27.424741297939075
20230824,277,2023,24.4,23.56368730842191,0.45943782,0,26.687221617709582
20230824,278,2023,30.2,27.8419213703543,0.024018832,0,30.181701505230677
20230824,279,2023,27.8,24.489718938031746,0.29746643,0,27.3217047448742
20230824,281,2023,27.3,25.13745213040085,0.41425586,0,28.179658911927064
20230824,283,2023,27.3,25.02434605916195,-0.2445752,0,26.880656932809288
20230824,284,2023,25.4,24.023930231653008,-1.0369426,0,24.453979787570397
20230824,285,2023,27.2,24.886927454094135,0.44935235,0,27.99230792903885
20230824,288,2023,28.9,25.82787729035181,-0.28763533,0,27.606679940942357
20230824,289,2023,24.9,24.40990708914492,-0.5689417,0,25.682358244946343
20230824,294,2023,26.2,24.875840114515945,0.18764794,0,27.510152642311386
20230824,295,2023,26.0,24.924144858336955,-0.80451727,0,25.77256001197926
20230824,296,2023,29.6,25.796273917491963,0.07272395,0,28.22372326101416
20230825,90,2023,25.6,27.731449170253377,0.11237196,0,30.230264934163795
20230825,93,2023,30.6,27.952924470389515,0.055597253,0,30.349545764132774
20230825,95,2023,27.6,27.169522559971547,0.018194914,0,29.498819643011434
20230825,98,2023,29.2,28.16666366304414,-0.04711258,0,30.37840725642877
20230825,99,2023,28.7,28.237420271620092,-0.04530947,0,30.452409465317672
20230825,100,2023,25.7,23.97237444266602,0.15981305,0,26.55658416437015
20230825,101,2023,30.3,29.615594481176803,0.006882455,0,31.924529138621168
20230825,102,2023,27.5,24.66114702647006,-0.0932179,0,26.789901041160586
20230825,104,2023,25.3,26.752393926896957,0.10299978,0,29.234339762864625
20230825,105,2023,26.7,28.855133667095533,0.0862317,0,31.30689696711683
20230825,106,2023,24.6,26.488763253759426,0.05404,0,28.88258149156063
20230825,108,2023,29.5,27.63787006126193,-0.080159485,0,29.79012922573416
20230825,112,2023,27.3,28.523809593615933,-0.09313159,0,30.652718975263646
20230825,114,2023,29.4,27.809806175550356,-0.08953628,0,29.94518711064293
20230825,115,2023,26.6,26.41874946624311,0.801106,0,30.157286461316076
20230825,119,2023,28.7,28.337618452350856,-0.102766566,0,30.44918487167395
20230825,121,2023,28.7,27.614922465535013,-0.059133098,0,29.805029128066515
20230825,127,2023,29.8,27.495719130321195,-0.12107467,0,29.574330964092074
20230825,129,2023,29.1,27.50992453144652,-0.09082031,0,29.64299420703096
20230825,130,2023,25.4,27.87793800446483,0.32743528,0,30.76386775528464
20230825,131,2023,31.0,27.648859741044163,-0.085605,0,29.791316973837144
20230825,133,2023,30.0,28.4329491800212,-0.15466309,0,30.451101863418142
20230825,135,2023,29.6,27.157848736753937,-0.14319119,0,29.19665083540547
20230825,136,2023,30.7,29.35001915061989,-0.15432876,0,31.36877361443141
20230825,137,2023,31.2,28.187580132559575,-0.21332443,0,30.1001424009556
20230825,138,2023,31.4,30.093491462183103,-0.22581655,0,31.9835679141004
20230825,140,2023,28.7,28.67669094857914,-0.15162593,0,30.700310510390235
20230825,143,2023,30.0,29.44236945453568,-0.14800131,0,31.47251332884296
20230825,146,2023,29.8,28.99929002763506,-0.18363672,0,30.965290160811513
20230825,152,2023,30.3,28.31105138307307,0.3051262,0,31.156824763491496
20230825,155,2023,31.3,28.724177929387473,-0.18701765,0,30.684092398530037
20230825,156,2023,30.5,29.15598230443862,-0.19032475,0,31.10994398618189
20230825,159,2023,30.1,27.523357248520703,-0.059697453,0,29.712448071326474
20230825,162,2023,29.8,27.92766049744775,-0.2529168,0,29.76895647231808
20230825,165,2023,29.2,28.405197674855955,-0.11239725,0,30.499428856616394
20230825,168,2023,29.6,27.884151228276362,-0.2628839,0,29.70750644348788
20230825,169,2023,28.4,26.113996706374074,-0.09279179,0,28.243517725554497
20230825,170,2023,30.0,27.759117033020743,-0.027494356,0,30.00617343024005
20230825,172,2023,29.7,28.63578027615164,-0.14869368,0,30.66467788886224
20230825,174,2023,30.5,28.024958120162044,-0.20076188,0,29.960132966234845
20230825,177,2023,29.7,28.53342513846661,-0.102132194,0,30.646133427811524
20230825,181,2023,29.7,27.5591747739046,-0.08373778,0,29.704993002347873
20230825,184,2023,30.9,29.122521262124508,-0.1661314,0,31.120030967568493
20230825,185,2023,28.6,26.528208766339738,-0.09874737,0,28.647009733695114
20230825,188,2023,28.5,27.89051363670891,-0.044266008,0,30.10738106068021
20230825,189,2023,29.3,28.065200259657697,-0.08273023,0,30.212832077137435
20230825,192,2023,31.1,29.125521124626957,-0.2660017,0,30.943264300272435
20230825,201,2023,27.5,27.08938784970945,-0.06434939,0,29.270105184774465
20230825,202,2023,30.0,28.110659815308424,-0.039304018,0,30.33645882095573
20230825,203,2023,30.3,28.34195891289963,-0.045606047,0,30.556414266536976
20230825,211,2023,30.0,28.019090505661072,-0.01734311,0,30.28441914669306
20230825,212,2023,30.6,28.523027888312164,-0.03750114,0,30.7520720718245
20230825,216,2023,27.5,25.863927284293485,0.20953313,0,28.53763314766975
20230825,217,2023,31.0,27.96484142971899,0.024085384,0,30.304741358755496
20230825,221,2023,27.8,28.461793200699226,-0.099203974,0,30.57977228556826
20230825,226,2023,29.3,28.26777962695166,-0.14471036,0,30.303847213512512
20230825,232,2023,29.5,27.95334796481948,-0.10387827,0,30.06291332210701
20230825,235,2023,29.5,27.334262718682044,-0.11769337,0,29.418960887039066
20230825,236,2023,30.8,28.617102910804658,-0.12538591,0,30.687954510398423
20230825,238,2023,30.0,28.81526477933627,-0.17930797,0,30.789056676056806
20230825,239,2023,30.2,28.1561418055568,-0.14498407,0,30.191716723965797
20230825,243,2023,29.6,28.793735470623076,-0.14444152,0,30.830286981334396
20230825,244,2023,29.1,26.685051804926008,-0.13197234,0,28.744047826097226
20230825,245,2023,29.8,28.30488068179011,-0.14308155,0,30.34388013738096
20230825,247,2023,29.2,28.064028135643063,-0.10907316,0,30.164242681985563
20230825,248,2023,28.2,27.044229969140815,-0.0387936,0,29.27094772525304
20230825,252,2023,29.7,28.394933075457992,-0.13813782,0,30.442831242253373
20230825,253,2023,31.0,29.72153429643759,-0.15451097,0,31.739960779730772
20230825,254,2023,31.1,28.31800722747995,-0.15306666,0,30.339033468682906
20230825,255,2023,30.4,29.79431815061603,-0.17731598,0,31.77169562434767
20230825,257,2023,32.3,29.047777586586026,-0.1820949,0,31.01655300143019
20230825,258,2023,30.7,28.43196465523409,-0.15156531,0,30.455693329307913
20230825,259,2023,32.1,28.882897450868434,-0.15401682,0,30.902213408315134
20230825,260,2023,31.1,28.691483797068877,-0.14619085,0,30.724886501685074
20230825,261,2023,30.7,27.968649341735546,-0.14234313,0,30.008977939181637
20230825,262,2023,29.7,28.47685300625961,-0.18239728,0,30.44508414725047
20230825,263,2023,33.1,29.950981008174118,-0.22315904,0,31.845840965292755
20230825,264,2023,31.0,28.7259446054352,-0.21151432,0,30.641765060409977
20230825,266,2023,31.2,28.807595187659825,-0.2635526,0,30.62974673475382
20230825,268,2023,29.8,27.990383446135667,-0.14151278,0,30.032206677733218
20230825,271,2023,28.3,27.100070410435926,0.009917481,0,29.414468114088315
20230825,272,2023,29.1,26.813202012350686,-0.039469928,0,29.038702380846278
20230825,273,2023,29.6,28.448358980529036,-0.11919677,0,30.530351027977797
20230825,276,2023,30.2,30.111678429228856,0.003959516,0,32.4153517962273
20230825,277,2023,30.9,27.471377437102134,-0.043638073,0,29.68937514395231
20230825,278,2023,31.7,28.582476816023,-0.15631133,0,30.59766265438439
20230825,279,2023,31.3,28.588666311379342,-0.20800123,0,30.51081034232763
20230825,281,2023,29.9,27.449953349780415,-0.0150684565,0,29.71937636610983
20230825,283,2023,31.6,29.65524676742867,0.3537959,0,32.58862560038463
20230825,284,2023,29.5,27.290816292128913,-0.16684628,0,29.287039234620092
20230825,285,2023,32.0,29.123820071300596,-0.1684689,0,31.11712230275128
20230825,288,2023,32.3,30.37088330827841,-0.1697185,0,32.361936239249204
20230825,289,2023,31.6,28.766456552567636,-0.23525625,0,30.63954153224067
20230825,294,2023,29.3,28.45870359276587,-0.2555552,0,30.29525044835443
20230825,295,2023,31.1,28.540885606656644,-0.22420472,0,30.43386335042117
20230825,296,2023,29.8,30.089493814555823,-0.098477714,0,32.20878016786558
20230826,90,2023,27.3,24.40350064678377,1.3002491,0,29.040495264384813
20230826,93,2023,29.3,27.359490900433595,0.24375042,0,30.0947879002654
20230826,95,2023,28.6,26.384343988894944,0.9193939,0,30.33579924168123
20230826,98,2023,28.9,25.610520545742958,0.8182875,0,29.379984269064522
20230826,99,2023,28.7,26.829606858683643,0.701509,0,30.388869294735613
20230826,100,2023,24.4,21.304948904624606,0.86939996,0,25.166415079366
20230826,101,2023,29.7,28.07227732465451,0.34899732,0,30.997018747208177
20230826,102,2023,25.3,24.84557071947105,0.09485869,0,27.312862601528842
20230826,104,2023,28.1,26.85621574923937,0.34509498,0,29.773932949180654
20230826,105,2023,30.4,28.611079120536274,0.53708726,0,31.874382429638935
20230826,106,2023,27.8,25.940274560662267,0.124330305,0,28.460615346960193
20230826,108,2023,29.8,27.64584388676569,0.35732782,0,30.585580198817112
20230826,112,2023,27.5,27.180951209825146,0.20729733,0,29.85063263315129
20230826,114,2023,28.7,26.951233258920464,0.94715524,0,30.95265892396108
20230826,115,2023,29.2,26.01305806114351,0.38170308,0,28.996669840972185
20230826,119,2023,28.8,26.908552559596412,0.7517301,0,30.558212949635504
20230826,121,2023,29.4,27.936323352704285,0.6712168,0,31.441059805422668
20230826,127,2023,29.7,25.959132666358485,0.49555346,0,29.147675139098308
20230826,129,2023,29.9,29.499325722207118,0.18744925,0,32.13328060425251
20230826,130,2023,27.6,26.712338486806324,0.08420893,0,29.160460795378267
20230826,131,2023,29.3,26.163447705375233,0.49852887,0,29.357345905787632
20230826,133,2023,29.7,29.10049206964645,-0.15992299,0,31.109176930730083
20230826,135,2023,29.0,27.199992983186267,0.37730885,0,30.175695143206745
20230826,136,2023,31.2,26.854638619009872,0.5966068,0,30.225077080929307
20230826,137,2023,31.0,27.981624225802477,-0.074340366,0,30.14435780539817
20230826,138,2023,28.3,29.19775177387866,-0.08258116,0,31.345651919548246
20230826,140,2023,29.1,28.135192686906812,-0.16267827,0,30.138918036233548
20230826,143,2023,31.7,30.105681554513097,-0.13222837,0,32.16421671853138
20230826,146,2023,29.7,29.644887155413734,-0.04684463,0,31.8571130569179
20230826,152,2023,30.0,29.817806807109587,-0.062176134,0,32.002436003206846
20230826,155,2023,30.6,28.627795243482183,-0.104122676,0,30.736920664847094
20230826,156,2023,30.9,30.057388106778944,-0.14322194,0,32.09613484463641
20230826,159,2023,30.2,29.27710376098757,-0.113999926,0,31.36845013307517
20230826,162,2023,31.2,28.479264551496104,-0.15335387,0,30.49977382373353
20230826,165,2023,29.3,29.066306304747297,-0.106071115,0,31.17192453665956
20230826,168,2023,29.4,27.618947812308274,0.13755089,0,30.163085653194994
20230826,169,2023,26.9,25.95297339819414,-0.062757984,0,28.136555265431834
20230826,170,2023,29.7,27.915409538481608,0.29553264,0,30.743914535397074
20230826,172,2023,29.8,28.024257383203576,-0.17201921,0,30.011169037099556
20230826,174,2023,29.5,27.933976654399864,0.4279078,0,31.000756922969458
20230826,177,2023,29.0,28.80873844853437,0.11683536,0,31.315588340395458
20230826,181,2023,27.9,26.70708667960361,0.50474924,0,29.912181546971958
20230826,184,2023,29.5,28.565431992354252,-0.021138914,0,30.823928185365663
20230826,185,2023,27.9,26.947333654236882,-0.053277593,0,29.147980224730468
20230826,188,2023,30.1,27.710336890176805,-0.14407858,0,29.74754167971579
20230826,189,2023,28.5,28.168858468497945,-0.13024691,0,30.23096027313169
20230826,192,2023,31.6,28.400582734794774,-0.09273806,0,30.53020046102123
20230826,201,2023,27.1,26.800687412803775,0.14295894,0,29.35455974122406
20230826,202,2023,28.7,26.6691548952704,0.12287936,0,29.18688398782843
20230826,203,2023,28.7,26.473023171561312,0.11398471,0,28.97474189028855
20230826,211,2023,29.4,26.62589626549507,0.8931724,0,30.53015279353465
20230826,212,2023,29.1,28.054346686359562,0.22965091,0,30.76426457084827
20230826,216,2023,25.9,24.02356378188336,0.4523812,0,27.13439616851593
20230826,217,2023,31.7,28.61337354070853,0.23921159,0,31.34050063916933
20230826,221,2023,28.3,24.434266986506326,1.17331,0,28.84277129916047
20230826,226,2023,29.4,26.937703835553165,0.45573893,0,30.05458015104735
20230826,232,2023,28.3,27.499589130234256,-0.022365358,0,29.755877724410436
20230826,235,2023,28.7,28.338610051958696,0.053522505,0,30.73149679880216
20230826,236,2023,29.9,27.63138182522672,-0.13168079,0,29.69090264741379
20230826,238,2023,29.1,27.54990504555975,0.11883386,0,30.060352235685343
20230826,239,2023,28.7,27.993620354980806,0.012944421,0,30.31346655050455
20230826,243,2023,30.1,28.069777587917713,-0.1840727,0,30.03499296038059
20230826,244,2023,29.9,27.031168438258145,0.19330585,0,29.675665206394772
20230826,245,2023,29.8,27.121486263832907,-0.16884255,0,29.114115904551017
20230826,247,2023,30.3,26.45050331731566,1.0498284,0,30.63674069366762
20230826,248,2023,29.7,27.08975828642039,0.16253942,0,29.67887548502653
20230826,252,2023,30.2,27.964375451074357,-0.155193,0,29.981574287301424
20230826,253,2023,31.7,29.948308430397688,-0.014600435,0,32.21857388499278
20230826,254,2023,30.4,27.840715171298186,0.5055986,0,31.047338897805023
20230826,255,2023,31.5,31.060890659967203,-0.123689935,0,33.134795015751266
20230826,257,2023,32.7,28.915516187048503,-0.018506235,0,31.178751203011824
20230826,258,2023,31.1,28.515244799787375,0.50497353,0,31.720743393256644
20230826,259,2023,30.8,27.846517370572393,0.48969033,0,31.024506209145496
20230826,260,2023,30.0,28.253500280227357,0.09763544,0,30.725790311262905
20230826,261,2023,31.8,28.09440489549546,0.04436524,0,30.470808562696867
20230826,262,2023,29.5,28.41151653204191,0.059844263,0,30.815782443342698
20230826,263,2023,33.4,30.41926361025938,-0.09196302,0,32.55027640703866
20230826,264,2023,31.2,27.66383851405395,0.37519652,0,30.635738481863275
20230826,266,2023,31.2,28.961463283029236,-0.0553536,0,31.15837304015641
20230826,268,2023,29.4,28.004084709757922,-0.010204409,0,30.282263011193937
20230826,271,2023,29.3,26.451713304988356,0.15459672,0,29.026533632170775
20230826,272,2023,30.3,25.855595852173398,0.6986111,0,29.409642035421566
20230826,273,2023,29.4,26.721835337299424,0.28014377,0,29.52264035705539
20230826,276,2023,30.4,28.70158838494172,-0.00077916123,0,30.996732132812646
20230826,277,2023,28.3,27.739215316162298,0.04234825,0,30.11198840559085
20230826,278,2023,31.1,28.12078976646712,0.095350645,0,30.588967166420133
20230826,279,2023,31.1,29.99716322703378,-0.09670328,0,32.11964355483847
20230826,281,2023,30.5,29.459556524897838,-0.020231528,0,31.71968601220849
20230826,283,2023,30.9,29.308328546204507,0.14032239,0,31.857455081282204
20230826,284,2023,29.4,27.529042729175565,0.19725165,0,30.180641933139448
20230826,285,2023,31.0,29.41379326702494,-0.122278705,0,31.49023783567865
20230826,288,2023,32.3,31.147146961399535,-0.020131597,0,33.407456324352246
20230826,289,2023,31.2,29.70631831670938,0.15147254,0,32.27551512447117
20230826,294,2023,30.5,28.69061250004066,-0.13468197,0,30.7447311923392
20230826,295,2023,31.0,28.719324382303302,-0.049670663,0,30.926463427472065
20230826,296,2023,32.4,31.072824060703088,-0.07357225,0,33.23694025199073
20230827,90,2023,24.2,23.113007869713112,1.528995,0,28.161745174539497
20230827,93,2023,28.2,24.8112082427226,0.8519613,0,28.641284847227787
20230827,95,2023,27.3,25.368220969105305,0.74210423,0,29.000554825349994
20230827,98,2023,27.7,24.35944635347859,0.6818414,0,27.883307063761517
20230827,99,2023,27.2,23.889622297126643,0.78098655,0,27.59194432065725
20230827,100,2023,22.3,24.668834758779006,0.6410587,0,28.119286626975143
20230827,101,2023,28.8,24.36824552195931,0.9055787,0,28.29483337123836
20230827,102,2023,26.2,23.459317214156854,0.9887166,0,27.53555333642709
20230827,104,2023,26.0,26.54847674301991,0.82281405,0,30.326088266310194
20230827,105,2023,27.8,28.155287669435133,1.1270409,0,32.48050746098637
20230827,106,2023,25.2,23.05573550573663,1.3896488,0,27.853649575051236
20230827,108,2023,28.7,24.372703088679256,0.8225205,0,28.149786216793604
20230827,112,2023,27.9,24.294446307394697,0.68641645,0,27.82654215037187
20230827,114,2023,29.6,27.031239608579686,0.6941833,0,30.57731576867264
20230827,115,2023,28.1,27.06502454143273,0.68778527,0,30.599584261610985
20230827,119,2023,29.3,24.453870728359917,0.7268269,0,28.058705397611963
20230827,121,2023,28.2,24.84405720309384,0.88076335,0,28.725977474629364
20230827,127,2023,29.8,24.648849650804703,0.76160854,0,28.316291262710404
20230827,129,2023,30.5,25.458116314099744,1.0766335,0,29.69260276824864
20230827,130,2023,27.0,26.058771194607385,1.0323589,0,30.213563425352348
20230827,131,2023,30.6,25.636631502934478,0.771662,0,29.322169335333495
20230827,133,2023,31.1,27.42849335954475,0.6319427,0,30.862536438583017
20230827,135,2023,28.8,28.47980962941211,0.28579107,0,31.290779792181077
20230827,136,2023,30.7,27.144809037763267,1.0014695,0,31.244000363089835
20230827,137,2023,29.8,27.96085324149635,0.8970066,0,31.872011307907968
20230827,138,2023,26.9,27.37652075847758,0.5703939,0,30.699776052462596
20230827,140,2023,30.4,27.647505117744426,0.81135833,0,31.404496354570018
20230827,143,2023,30.6,26.713871693259538,0.35663494,0,29.652360831763215
20230827,146,2023,30.2,25.884671954136714,0.7393914,0,29.51212268793725
20230827,152,2023,28.5,30.427243068063973,0.10492792,0,32.912659561797504
20230827,155,2023,31.1,28.656723317358647,0.6300656,0,32.087387671345034
20230827,156,2023,32.1,30.556680468549093,0.12194782,0,33.072732778141464
20230827,159,2023,30.4,29.628024936130892,0.011019025,0,31.944405419211645
20230827,162,2023,31.7,29.284403404777212,0.07675817,0,31.719114346409608
20230827,165,2023,30.0,30.426878437153746,0.1511749,0,32.995539500486906
20230827,168,2023,29.6,29.787677167329058,-0.060792234,0,31.97479738458263
20230827,169,2023,27.6,27.36610099959606,0.12803009,0,29.893101402423927
20230827,170,2023,29.5,29.108509271532082,0.2934635,0,31.933289806653647
20230827,172,2023,31.3,26.383767039579514,0.5949527,0,29.751228142204056
20230827,174,2023,29.7,30.12407363021196,0.101988286,0,32.604198782700315
20230827,177,2023,29.2,25.216799164757294,1.1113236,0,29.51372787392633
20230827,181,2023,29.7,25.525180771613623,0.7996696,0,29.261132331772956
20230827,184,2023,30.3,30.52567614280192,-0.038571253,0,32.7527941247323
20230827,185,2023,30.0,28.12010802293678,0.046905093,0,30.501083428232278
20230827,188,2023,29.9,28.972450834036835,-0.012028576,0,31.24734563554652
20230827,189,2023,29.9,29.023689861012713,-0.013879371,0,31.295253231520974
20230827,192,2023,30.3,26.878417625973675,0.28990865,0,29.696799429625134
20230827,201,2023,27.1,24.970584791874245,0.6869189,0,28.50358507573124
20230827,202,2023,28.0,24.231035907803346,0.9113961,0,28.16809510107654
20230827,203,2023,28.7,24.02488197534938,0.91073775,0,27.960756168679794
20230827,211,2023,28.1,23.53853650110278,1.1087104,0,27.83076147396658
20230827,212,2023,28.9,24.625503363111015,0.90445983,0,28.550077302573325
20230827,216,2023,23.3,21.775364115544665,1.1634545,0,26.16612851235103
20230827,217,2023,28.5,28.232806255761837,0.85193473,0,32.062835009658194
20230827,221,2023,28.6,26.413152762319502,0.6392566,0,29.86036087422139
20230827,226,2023,29.0,28.893294507838682,0.33629873,0,31.795178467032514
20230827,232,2023,29.3,24.913062745979236,0.87950075,0,28.79271032817226
20230827,235,2023,29.5,25.551409392524082,0.72204804,0,29.147642110177006
20230827,236,2023,30.1,25.93104612100818,0.9851122,0,30.00079430153647
20230827,238,2023,30.1,28.552687874831946,0.58257663,0,31.89787205141584
20230827,239,2023,30.8,27.52483207882248,0.66394556,0,31.016480317143433
20230827,243,2023,31.5,29.812022744374204,0.18064088,0,32.433722559786375
20230827,244,2023,30.1,27.609390584970903,0.19165847,0,30.250922063753205
20230827,245,2023,31.6,29.218638101603453,0.47405046,0,32.36847517173059
20230827,247,2023,30.5,30.410913910390597,0.08004883,0,32.851548041245806
20230827,248,2023,29.5,28.381700061937366,0.057738237,0,30.782175126771133
20230827,252,2023,31.4,30.439887162800492,0.1845491,0,33.06862176872856
20230827,253,2023,32.1,30.33409943595073,0.035823353,0,32.695127708778
20230827,254,2023,31.2,30.518130482787512,0.109893,0,33.01248412378075
20230827,255,2023,30.8,26.617711007035286,0.6536816,0,30.0908840823733
20230827,257,2023,32.8,30.25668473494099,0.10735764,0,32.74647473140584
20230827,258,2023,31.4,30.410285145701113,0.1302979,0,32.94136760242874
20230827,259,2023,30.7,30.878004040426653,0.115937896,0,33.38323849144225
20230827,260,2023,31.3,30.552114812044973,0.107629426,0,33.04239401661205
20230827,261,2023,29.9,26.81735278516044,0.81445277,0,30.57991400451472
20230827,262,2023,29.7,29.37096147146068,0.14450508,0,31.92761685995482
20230827,263,2023,32.4,30.484219314415448,0.1440551,0,33.04006472943127
20230827,264,2023,31.6,29.11591652783971,0.12011499,0,31.628669747165855
20230827,266,2023,30.2,30.046759127569366,0.28649494,0,32.858996258588604
20230827,268,2023,30.7,29.149157892142203,0.03242131,0,31.504062487328323
20230827,271,2023,27.2,23.472681698920894,1.2573932,0,28.032535770676905
20230827,272,2023,28.5,23.887294445370962,1.3207647,0,28.561217072958883
20230827,273,2023,29.4,27.60115616626496,0.78654665,0,31.313486369937017
20230827,276,2023,29.2,26.820899082330104,0.9373796,0,30.804728597926143
20230827,277,2023,25.8,24.360649707218858,1.025765,0,28.50357284120784
20230827,278,2023,30.7,27.539682295339226,0.73196024,0,31.153756960070854
20230827,279,2023,31.5,28.397676420460414,0.3829837,0,31.383593344360666
20230827,281,2023,29.2,26.933547192271014,0.6261205,0,30.357110344246294
20230827,283,2023,26.9,25.49767362514845,0.5569858,0,28.796794295129104
20230827,284,2023,29.2,30.269835829646524,0.07380089,0,32.69922367267901
20230827,285,2023,30.8,30.178542264072508,0.15188321,0,32.74847828863881
20230827,288,2023,31.6,25.657731849967796,0.97396624,0,29.70741732164141
20230827,289,2023,30.3,30.089777864443082,0.06993076,0,32.512199474222086
20230827,294,2023,28.3,27.621066010650264,0.5447025,0,30.898076695279354
20230827,295,2023,30.3,27.697596122357655,0.111298434,0,30.194479542427477
20230827,296,2023,32.5,31.844668809948892,0.074484125,0,34.27528647263679
20230828,90,2023,22.2,22.83606549783901,-0.94071376,0,23.439326962096853
20230828,93,2023,22.8,24.096878992944834,-0.9637517,0,24.65867221837211
20230828,95,2023,21.0,23.80793621780218,-0.98150164,0,24.33777950588586
20230828,98,2023,21.1,25.37270219155334,-1.1465188,0,25.60551454196536
20230828,99,2023,20.7,23.58262567687323,-1.462604,0,23.24648463239542
20230828,100,2023,18.5,20.26951164702014,-0.948623,0,20.858536482268736
20230828,101,2023,21.5,23.258086589649768,-0.94849133,0,23.84734842488692
20230828,102,2023,20.7,21.893737561692355,-0.8159086,0,22.72164830029941
20230828,104,2023,22.4,22.493388424576814,-0.84647447,0,23.266280618986787
20230828,105,2023,23.0,23.839697975215373,-0.93892545,0,24.44617841215617
20230828,106,2023,22.9,23.11163540002456,-1.2417959,0,23.172949022638118
20230828,108,2023,22.2,24.370748896626203,-1.2331877,0,24.44755731885371
20230828,112,2023,21.8,24.6651791631177,-0.8381164,0,25.453115867892205
20230828,114,2023,27.0,25.79095308597758,0.98402846,0,29.858750549533518
20230828,115,2023,25.7,22.636344929097355,1.4793648,0,27.595747722166845
20230828,119,2023,24.0,23.477137254147703,-0.4867531,0,24.897527901221096
20230828,121,2023,27.0,23.96490887601142,1.3159754,0,28.630210883825477
20230828,127,2023,28.7,23.996366750545626,1.4028199,0,28.817988758054508
20230828,129,2023,24.6,25.624384872412936,-0.1842896,0,27.589209822531604
20230828,130,2023,26.1,24.94594549145831,0.97574866,0,28.99883931426718
20230828,131,2023,29.4,25.65353018382203,0.8922673,0,29.556157538105968
20230828,133,2023,27.7,25.798107058282238,0.9959445,0,29.88735339631175
20230828,135,2023,25.6,24.51520715100493,0.663714,0,28.006438574044967
20230828,136,2023,29.6,29.766905298924954,0.55702984,0,33.06610525500408
20230828,137,2023,28.2,25.445393008489138,1.1387564,0,29.791700756468906
20230828,138,2023,26.1,24.278738816229282,-0.42378992,0,25.812463201152866
20230828,140,2023,29.5,28.288754011838584,0.35817775,0,31.23002020226792
20230828,143,2023,27.7,26.407599433835443,0.43448696,0,29.48622219164759
20230828,146,2023,30.8,28.62630705707215,0.97158045,0,32.6716980975362
20230828,152,2023,25.9,27.67491754815731,0.8218706,0,31.450830911276086
20230828,155,2023,29.9,25.289321795453453,1.3035984,0,29.932345160613092
20230828,156,2023,29.4,28.902014700715885,0.34932005,0,31.827337036097994
20230828,159,2023,29.3,27.689333220346175,1.112068,0,31.987601961139053
20230828,162,2023,27.4,26.690981735326922,1.2319056,0,31.204958016631885
20230828,165,2023,30.1,28.354984289666987,0.4336941,0,31.432179897706494
20230828,168,2023,26.0,25.928417474919698,0.3141242,0,28.790387267186194
20230828,169,2023,27.5,24.6700949714799,1.1976506,0,29.122412202797072
20230828,170,2023,28.4,28.21285302350225,0.3494359,0,31.13838387381318
20230828,172,2023,30.0,26.66597782241858,0.8189191,0,30.436578480497374
20230828,174,2023,26.3,26.188510746937403,0.9631252,0,30.21868239700915
20230828,177,2023,24.7,25.15367434917246,-0.0019185226,0,27.446767246502986
20230828,181,2023,27.2,25.821625035943793,0.86434823,0,29.67399809297126
20230828,184,2023,33.4,28.439528629244585,0.36975893,0,31.401640948137665
20230828,185,2023,29.0,28.193755007273356,0.489054,0,31.370598435308743
20230828,188,2023,30.0,28.3999865995959,1.112974,0,32.69988612346983
20230828,189,2023,30.3,26.938615305905177,1.2130237,0,31.41860413661047
20230828,192,2023,27.4,26.15000565754172,0.52088886,0,29.38415185261545
20230828,201,2023,20.9,24.194893873039224,-1.2410913,0,24.25747585865174
20230828,202,2023,23.4,23.20223349035483,-0.18596256,0,25.164047124412477
20230828,203,2023,24.1,23.491304019011444,0.89032626,0,27.39043752783258
20230828,211,2023,22.0,23.297226741908002,-0.62305117,0,24.472280880230482
20230828,212,2023,23.6,24.821655752083956,-0.075710505,0,26.98192308072359
20230828,216,2023,21.0,22.6325256113028,-0.40171474,0,24.20598531345661
20230828,217,2023,25.6,24.151278083686904,1.2953546,0,28.77946261026927
20230828,221,2023,26.3,25.287916380680606,1.1447726,0,29.64505338662546
20230828,226,2023,26.3,25.177413194789086,1.0360037,0,29.338766108784476
20230828,232,2023,26.5,24.938345093646067,1.068492,0,29.158177030621196
20230828,235,2023,28.9,27.136777275350717,1.0768033,0,31.37156950132731
20230828,236,2023,29.2,29.93130475189619,0.34190375,0,32.84327773301118
20230828,238,2023,27.6,25.25714045299059,1.1313926,0,29.59019336774892
20230828,239,2023,28.9,28.22389715826857,0.58321273,0,31.57022631623674
20230828,243,2023,30.6,28.550398030990213,0.6884995,0,32.086243387593484
20230828,244,2023,28.1,26.721068620820418,0.9738133,0,30.770478790560745
20230828,245,2023,29.6,27.816807107815254,0.8137286,0,31.578064773588295
20230828,247,2023,28.3,25.149941916232397,0.42187285,0,28.20585929193586
20230828,248,2023,26.7,24.1248317394302,0.057550803,0,26.52496942260303
20230828,252,2023,30.2,27.48456217105576,0.88743633,0,31.378493803713415
20230828,253,2023,29.5,26.745990230160324,1.4662979,0,31.68187262508986
20230828,254,2023,28.7,29.297361556905486,0.73186934,0,32.9112726068872
20230828,255,2023,29.6,26.261165425066558,1.2577,0,30.821571602726195
20230828,257,2023,29.3,26.238078561677522,1.115943,0,30.543322118792727
20230828,258,2023,28.9,27.440030919183364,1.1831658,0,31.866275576838728
20230828,259,2023,30.1,29.206732968195986,0.8478208,0,33.02935667944403
20230828,260,2023,28.7,28.192455660623764,0.69224554,0,31.735043876113753
20230828,261,2023,28.9,27.74489739027635,0.5227189,0,30.98233765988545
20230828,262,2023,27.8,25.734780964659556,1.3389645,0,30.44146323484849
20230828,263,2023,29.6,27.273211107117465,1.1840463,0,31.70104062843555
20230828,264,2023,27.2,26.303903510196733,-0.8420714,0,27.084721203092272
20230828,266,2023,26.6,26.10219350654731,0.62184954,0,29.518068911044104
20230828,268,2023,29.7,28.182412142617277,0.38158038,0,31.165803069355665
20230828,271,2023,25.7,23.584824825208408,1.0537993,0,27.77820975214325
20230828,272,2023,27.2,24.509281533781827,1.1035168,0,28.79215804263348
20230828,273,2023,27.4,25.376120162395274,1.073468,0,29.604908746289652
20230828,276,2023,27.5,23.638916811356466,1.4550654,0,28.554580714731742
20230828,277,2023,25.5,26.168411841254738,1.3185441,0,30.838337548257027
20230828,278,2023,29.1,27.39650009374867,0.5384372,0,30.662233269642105
20230828,279,2023,28.0,27.97204775500322,0.85583866,0,31.80910357465352
20230828,281,2023,27.8,25.298797973681527,1.1549708,0,29.674291588970863
20230828,283,2023,26.3,26.102766332936987,-0.03633574,0,28.333908238592258
20230828,284,2023,26.4,25.578709105107652,-0.39496624,0,27.164316102736468
20230828,285,2023,27.7,25.885125931614805,0.123244934,0,28.403513050510462
20230828,288,2023,29.9,26.08502027291489,1.2267102,0,30.58964487155689
20230828,289,2023,27.3,24.757443088315004,-0.75090826,0,25.70235446636069
20230828,294,2023,27.2,25.7033848915662,1.067069,0,29.920655426220463
20230828,295,2023,26.4,26.090235792734955,0.32282436,0,28.96786587691162
20230828,296,2023,29.8,27.651273064389077,1.2376581,0,32.17560395995185
20230829,90,2023,25.2,21.801430986025633,-0.60163677,0,23.015031042812772
20230829,93,2023,24.9,24.249940631428043,-1.386207,0,24.05131429737656
20230829,95,2023,24.3,23.13986988729883,-1.5891875,0,22.57587862023343
20230829,98,2023,24.0,24.00887183924266,-1.7597059,0,23.137947455264417
20230829,99,2023,24.2,24.994861654284563,-0.8507911,0,25.759983918331834
20230829,100,2023,23.6,18.843843265657924,-1.2724837,0,18.84991883208862
20230829,101,2023,24.6,24.268031978493383,-1.1737003,0,24.451917617822943
20230829,102,2023,23.5,22.019030653042158,0.69522524,0,25.566982320966687
20230829,104,2023,29.2,23.056169938212463,-0.2242215,0,24.94911748030348
20230829,105,2023,31.1,24.3470745328796,0.40064466,0,27.3647811589569
20230829,106,2023,30.0,22.536116458909024,0.93437743,0,26.51454207435858
20230829,108,2023,24.3,24.163326558061332,-1.6937551,0,23.411113526431418
20230829,112,2023,22.9,23.436358554353337,-0.5168779,0,24.802524591098056
20230829,114,2023,28.9,26.9582963943473,0.16887853,0,29.558823978323694
20230829,115,2023,28.2,27.023945386663087,0.702997,0,30.58588627663733
20230829,119,2023,23.5,24.693281754982447,-1.7166599,0,23.89984016671954
20230829,121,2023,25.3,21.76053995696888,0.08438382,0,24.2089770764129
20230829,127,2023,28.7,22.61223163638291,1.1358777,0,26.953357785699346
20230829,129,2023,23.5,25.617893277815522,-1.4943153,0,25.22467203600342
20230829,130,2023,28.0,25.648041739779657,1.433157,0,30.524270518757653
20230829,131,2023,28.6,23.548943909649996,-0.10959007,0,25.64822802450732
20230829,133,2023,26.8,22.39875698603479,-0.50231504,0,23.791136144193697
20230829,135,2023,25.9,23.322207026549428,-0.57306254,0,24.587240694252706
20230829,136,2023,27.7,23.260378576266422,0.23917538,0,25.987440497048162
20230829,137,2023,24.5,24.048923375863893,-0.22182143,0,25.946191044726838
20230829,138,2023,29.6,23.4950932864207,1.4692215,0,28.436238175437456
20230829,140,2023,25.7,24.93038776621453,-1.4227477,0,24.66598808812313
20230829,143,2023,26.8,23.714251283592084,-0.4510966,0,25.19882365187596
20230829,146,2023,27.2,23.698593092935027,-1.1214291,0,23.97656697670276
20230829,152,2023,27.0,22.289324045053952,1.4471316,0,27.190707223903775
20230829,155,2023,27.0,26.01767856143158,-0.8189149,0,26.84017799699527
20230829,156,2023,25.2,24.480381103846963,-0.092237495,0,26.610899851136747
20230829,159,2023,26.9,23.995129467559934,0.50516856,0,27.200979108545074
20230829,162,2023,26.0,24.5188929901298,0.3681348,0,27.47808186212919
20230829,165,2023,27.8,27.98005935962407,-0.28694844,0,29.76009840128212
20230829,168,2023,29.4,28.279977310942705,0.33884627,0,31.18644682831258
20230829,169,2023,24.5,23.978532927480675,0.50754327,0,27.188657044040305
20230829,170,2023,27.3,24.558999890222335,1.325842,0,29.24206176951924
20230829,172,2023,26.5,25.38501868462691,-1.5581975,0,24.876809425732592
20230829,174,2023,27.1,28.188443483053295,0.889112,0,32.08539131339237
20230829,177,2023,24.7,24.63970014187866,-1.6068457,0,24.04392405425662
20230829,181,2023,26.6,22.499624079943306,-0.4179607,0,24.043841051956427
20230829,184,2023,32.0,24.93789866621156,1.1206574,0,29.251628303496442
20230829,185,2023,27.9,25.712790351400088,1.084225,0,29.960941694884614
20230829,188,2023,31.0,29.85261629513153,0.19507635,0,32.50029995673129
20230829,189,2023,28.5,28.889920656355574,0.3224966,0,31.766960761837325
20230829,192,2023,28.3,27.57164665470801,0.6335,0,31.008492856743565
20230829,201,2023,23.6,24.30999784037863,0.72935444,0,27.91938207256174
20230829,202,2023,25.6,23.172388038252148,-1.1789386,0,23.346844747299116
20230829,203,2023,27.6,23.22344772180296,-0.032081872,0,25.462246589882746
20230829,211,2023,24.9,22.15824813451777,-0.7723627,0,23.064541496320473
20230829,212,2023,27.4,23.297543091277706,-0.24382326,0,25.15520746123814
20230829,216,2023,24.4,20.13283709739812,-0.35069853,0,21.798125980269397
20230829,217,2023,26.8,22.15215474115667,-1.0149163,0,22.621851637848597
20230829,221,2023,24.7,22.63395250788055,-0.19609848,0,24.577521487998
20230829,226,2023,25.8,21.853528065691737,-0.20777029,0,23.776087785393152
20230829,232,2023,26.1,22.000521309722046,-0.8481764,0,22.77034999228357
20230829,235,2023,23.4,25.26419391693089,-1.3748864,0,25.085944646630626
20230829,236,2023,25.7,25.14603227158839,-1.3389901,0,25.032396343573282
20230829,238,2023,26.8,23.84224450155462,0.37463552,0,26.81313467131402
20230829,239,2023,25.8,22.79354917428217,-0.75241905,0,23.735741114251834
20230829,243,2023,26.8,24.798364162453467,-1.2321572,0,24.877027385858955
20230829,244,2023,25.9,23.046712265579796,0.8637201,0,26.897954717863303
20230829,245,2023,26.5,24.18596433747473,-0.9932387,0,24.694680938031706
20230829,247,2023,26.9,23.48283969295388,0.2950825,0,26.310534448170127
20230829,248,2023,25.6,22.38846779327029,0.13457939,0,24.92725693387205
20230829,252,2023,26.7,25.894035426914034,-1.4747976,0,25.535945973355716
20230829,253,2023,27.0,24.26328641230379,-1.0066979,0,24.74777644273137
20230829,254,2023,25.5,24.34597865541785,0.6048299,0,27.731218726853427
20230829,255,2023,26.3,25.06723883785407,-0.40559265,0,26.633718305623344
20230829,257,2023,27.8,25.100208483824716,-0.4420862,0,26.600999579935664
20230829,258,2023,30.3,28.474687243497456,0.9358447,0,32.455753976519794
20230829,259,2023,26.8,25.067720823088912,0.75720906,0,28.727243373810683
20230829,260,2023,25.9,26.901412091926286,0.7047055,0,30.466428188180284
20230829,261,2023,26.9,25.5992264911596,-0.30789492,0,27.341561881627847
20230829,262,2023,29.5,28.397764817924696,0.79946727,0,32.1333521340998
20230829,263,2023,26.9,26.474310690336047,-0.707036,0,27.49819209535164
20230829,264,2023,26.8,23.434243887654404,-0.047396205,0,25.64547695608066
20230829,266,2023,29.0,28.664258423751654,0.47513926,0,31.81605533036179
20230829,268,2023,28.1,26.602320529497383,0.23326048,0,29.318735636171226
20230829,271,2023,26.3,21.60836961443227,0.223771,0,24.307703663080755
20230829,272,2023,24.3,22.5076382658293,-0.80126494,0,23.361907608867508
20230829,273,2023,24.2,23.670996980320258,-0.6015534,0,24.88474713352387
20230829,276,2023,28.2,23.87987937662304,0.61475533,0,27.282985213153374
20230829,277,2023,28.4,23.633942464443457,1.4171222,0,28.48130874323072
20230829,278,2023,27.4,24.04442823164368,-0.23133248,0,25.924576004094728
20230829,279,2023,25.8,23.945330077433514,-0.82904035,0,24.74960368816429
20230829,281,2023,27.2,23.34051313838168,0.48698893,0,26.513639453875868
20230829,283,2023,27.5,23.81008736193705,-0.30341172,0,25.560492500091684
20230829,284,2023,25.5,22.992201704961317,-0.80981916,0,23.831073451640272
20230829,285,2023,27.3,25.837647001416208,0.42992932,0,28.90806600837959
20230829,288,2023,27.0,24.56227465318535,-0.7450796,0,25.51767765272533
20230829,289,2023,27.1,24.750022982844765,-0.2928805,0,26.519384311347068
20230829,294,2023,27.0,26.456552618460783,-0.411697,0,28.012044256068005
20230829,295,2023,28.0,28.21537584560405,0.22811905,0,30.92253636558127
20230829,296,2023,27.6,24.472107884578673,-0.62489855,0,25.64383672745285
20230830,90,2023,23.9,22.621228378432598,0.14603245,0,25.180633031167
20230830,93,2023,24.1,23.07185303452804,1.3722727,0,27.838490186385066
20230830,95,2023,24.7,21.720030341429705,1.3508304,0,26.44807136386931
20230830,98,2023,24.2,23.127210540556995,1.0922177,0,27.389748609467244
20230830,99,2023,23.1,23.099713583360113,0.03655568,0,25.462060047924325
20230830,100,2023,20.7,18.993664673492518,-0.5423717,0,20.313941869085046
20230830,101,2023,24.7,22.57667543800178,1.0567566,0,26.77538358423594
20230830,102,2023,22.5,22.731549644236374,0.79985857,0,26.467841308498794
20230830,104,2023,22.9,22.15651698335983,-0.9029193,0,22.827808495034358
20230830,105,2023,24.2,23.239953877019868,0.29745266,0,26.071914900251024
20230830,106,2023,23.1,21.440727667540333,-0.6153611,0,22.629623935570148
20230830,108,2023,24.2,23.367436138955362,-0.8449299,0,24.143108603941812
20230830,112,2023,24.1,23.293234902652493,-0.61559397,0,24.481711995057463
20230830,114,2023,21.8,22.180640133267357,-1.5297321,0,21.723668576742728
20230830,115,2023,27.2,20.72608696168341,1.7642947,0,26.198363738136077
20230830,119,2023,23.5,24.11021894968006,-1.1553347,0,24.32716270782981
20230830,121,2023,22.5,21.480645505419538,-0.4920011,0,22.891589787851743
20230830,127,2023,21.3,21.64300266376737,-1.611689,0,21.038508753116766
20230830,129,2023,23.7,23.86426113469018,-0.99122995,0,24.376593460287594
20230830,130,2023,25.7,20.647565087877513,-0.024169937,0,22.900605439764867
20230830,131,2023,23.3,23.15804865420771,-1.544809,0,22.673938721447122
20230830,133,2023,22.6,23.860565171680545,-1.4831704,0,23.487404707532626
20230830,135,2023,22.0,22.21032630142826,-0.9818214,0,22.739593987457344
20230830,136,2023,24.2,22.743067624656668,-0.49181893,0,24.154339780318853
20230830,137,2023,22.5,22.505254595874593,-0.42689207,0,24.033395104426795
20230830,138,2023,28.5,22.436334659082767,1.9619397,0,28.264372343662266
20230830,140,2023,22.9,24.77840370396922,-1.643781,0,24.116144237936844
20230830,143,2023,24.8,23.332359470161464,-0.77034146,0,24.24229108756033
20230830,146,2023,22.6,23.905554150122377,-1.5337226,0,23.441399637855866
20230830,152,2023,27.7,23.356786396594078,1.6647677,0,28.649914570561087
20230830,155,2023,25.4,23.019996087688757,-0.45991707,0,24.4886916025066
20230830,156,2023,23.0,23.720297913887613,-1.3358462,0,23.612321017740488
20230830,159,2023,27.7,23.908051475576638,1.8051196,0,29.4538130542754
20230830,162,2023,26.4,23.790016359499443,-0.40854824,0,25.351175772976035
20230830,165,2023,23.6,25.651770086963637,0.6070947,0,29.04108679423677
20230830,168,2023,26.3,23.717431244451227,-0.28352505,0,25.50363239310009
20230830,169,2023,22.1,23.56908465201165,0.50731224,0,26.778792918885614
20230830,170,2023,24.4,23.872398591200604,0.20116031,0,26.53103339034309
20230830,172,2023,22.6,24.300808291185547,-0.9883327,0,24.818355689414794
20230830,174,2023,23.7,23.32185748973881,-0.329574,0,25.025170547777172
20230830,177,2023,23.1,23.983078844560286,-1.3222275,0,23.89961562219551
20230830,181,2023,22.2,23.793646402814975,-1.5964227,0,23.216631830810307
20230830,184,2023,23.3,24.141867760377778,-0.9669661,0,24.69787503180649
20230830,185,2023,24.0,26.477939529237467,-0.16874486,0,28.470745015578593
20230830,188,2023,25.0,25.517989888499006,-1.0540966,0,25.917162283390393
20230830,189,2023,27.2,24.701150870649776,-0.26762795,0,26.51596679066476
20230830,192,2023,25.2,24.635464790411593,-1.4844636,0,24.25997659799219
20230830,201,2023,22.9,22.472573888350546,-1.3210952,0,22.391148715683645
20230830,202,2023,22.4,22.310366838819142,-0.67783934,0,23.386802267100574
20230830,203,2023,22.6,22.983722488725288,-0.60502553,0,24.19122277305912
20230830,211,2023,24.3,21.68445847394279,1.2232168,0,26.182794901770276
20230830,212,2023,22.6,21.63921956042183,0.41497618,0,24.682722921785842
20230830,216,2023,23.3,19.289816647413183,-0.18247843,0,21.25790171530109
20230830,217,2023,23.5,22.484779361048414,0.17557034,0,25.097352209268887
20230830,221,2023,21.2,21.714158062714247,-0.90069145,0,22.389459691442763
20230830,226,2023,22.0,22.423265823427066,-1.5964783,0,21.8461510440936
20230830,232,2023,22.6,23.24960079515469,-1.4150176,0,22.999115344548947
20230830,235,2023,23.2,24.996037063001587,-1.1832277,0,25.162773516196808
20230830,236,2023,23.3,23.55337790254547,-1.5343834,0,23.088033991513395
20230830,238,2023,22.0,23.92042991962466,-1.2848445,0,23.904256025835018
20230830,239,2023,22.8,23.833974845600498,-1.5787213,0,23.28882277092554
20230830,243,2023,22.1,24.884096641578566,-1.5495119,0,24.391521442590253
20230830,244,2023,22.0,22.101583960560816,-1.289559,0,22.076923986601496
20230830,245,2023,22.8,24.626635798910357,-1.3817503,0,24.436031415580615
20230830,247,2023,22.8,24.637603291036882,-0.8245613,0,25.449939192912982
20230830,248,2023,22.3,22.312418788568277,-1.2255719,0,22.40293565920582
20230830,252,2023,22.9,24.759376801899567,-0.42565742,0,26.289739681553147
20230830,253,2023,27.6,23.815520259774953,-0.20395803,0,25.74494203573171
20230830,254,2023,22.9,23.52913280746462,-1.0420662,0,23.949959855905202
20230830,255,2023,26.3,24.036260181027263,-0.41218993,0,25.59086454389236
20230830,257,2023,27.6,24.737687137452447,-0.40121144,0,26.312052782523125
20230830,258,2023,25.3,23.963084665918334,0.2171475,0,26.65049640278398
20230830,259,2023,24.6,24.158906859196684,0.25954708,0,26.922637849507
20230830,260,2023,24.0,23.88789073749637,-0.20370767,0,25.81776317821181
20230830,261,2023,25.0,24.252391498337197,0.62089515,0,27.666549001604135
20230830,262,2023,24.1,23.378925277302084,0.011121275,0,25.695489810212678
20230830,263,2023,24.9,23.430998437956525,-1.2489632,0,23.479410849785168
20230830,264,2023,24.4,24.279457311868196,-1.3005055,0,24.235093615908752
20230830,266,2023,26.9,24.066525678723956,-0.62267625,0,25.242254660834583
20230830,268,2023,24.8,25.892500700310467,0.8839035,0,29.780073244547253
20230830,271,2023,24.5,21.16332759505726,0.7553478,0,24.81949985214271
20230830,272,2023,23.2,21.09100608632769,-0.4831348,0,22.517909673331044
20230830,273,2023,22.8,23.892413461218627,-0.5286022,0,25.237475770145814
20230830,276,2023,25.2,22.089527942581604,-0.48204744,0,23.51838879114731
20230830,277,2023,26.0,21.802348884098393,0.59234244,0,25.16511150754737
20230830,278,2023,24.0,23.04675643272575,-0.53551364,0,24.379378119800062
20230830,279,2023,22.2,23.00183216512978,-0.902325,0,23.67419344904781
20230830,281,2023,24.9,22.711145950648113,-0.28746498,0,24.49025523137324
20230830,283,2023,27.6,22.572934734014993,1.6999425,0,27.92937741737379
20230830,284,2023,23.9,23.962992894096132,-1.4461778,0,23.656419019761447
20230830,285,2023,24.6,23.734360102271047,-0.95722014,0,24.307910093540762
20230830,288,2023,24.9,24.955436381739336,-1.1630262,0,25.158535435261093
20230830,289,2023,24.8,23.32959385795342,-1.6250242,0,22.70109653696346
20230830,294,2023,27.3,23.27099977882132,-0.1002945,0,25.387015915844895
20230830,295,2023,26.1,23.67385786668313,-1.0752422,0,24.034968213616143
20230830,296,2023,28.1,24.07988354691169,-0.01567759,0,26.348210123134475
20240824,90,2024,30.3,28.68508950495525,0.0052649956,0,30.99111273515507
20240824,93,2024,31.2,25.01360654601122,0.042955305,0,27.387472333864828
20240824,95,2024,31.0,27.19688889218685,-0.10653958,0,29.30166389122901
20240824,98,2024,29.6,24.072363119657645,-0.23103647,0,25.953043712929503
20240824,99,2024,30.4,26.312448389170754,-0.0107045965,0,28.589726353506737
20240824,100,2024,29.7,23.69155787917431,-0.14095862,0,25.734378597482408
20240824,101,2024,30.6,25.56477767097636,0.049556386,0,27.950525403367127
20240824,102,2024,28.5,24.850224533445772,0.1221868,0,27.366707015719953
20240824,104,2024,30.6,28.555696901962246,-0.035531063,0,30.78828722730765
20240824,105,2024,32.5,31.04682549239073,-0.018796684,0,33.309537698878394
20240824,106,2024,31.4,26.99963527836502,-0.03900654,0,29.225969746809017
20240824,108,2024,28.1,25.38638939717829,-0.7122259,0,26.4009289900601
20240824,112,2024,29.2,24.940439361291308,-0.1036889,0,27.050345573700454
20240824,114,2024,30.5,24.56584234426383,0.035396833,0,26.92610288169925
20240824,115,2024,31.7,27.671332263684405,0.1476685,0,30.233681794162532
20240824,119,2024,29.9,26.28333727662378,-0.030327478,0,28.525294053545537
20240824,121,2024,31.4,28.50364130738846,-0.12787023,0,30.570021128112597
20240824,127,2024,31.3,28.692540998669237,-0.111625865,0,30.788160679570414
20240824,129,2024,30.3,26.938588188984273,-0.055462874,0,29.13530125301886
20240824,130,2024,29.7,27.53089261006772,-0.011568197,0,29.806616093463603
20240824,131,2024,26.7,27.760123506992613,-0.14007372,0,29.804537055124204
20240824,133,2024,32.1,30.64952718849447,-0.11513807,0,32.738824902747545
20240824,135,2024,32.2,29.64721210730172,-0.16924804,0,31.639111865302695
20240824,136,2024,34.2,31.552934429914387,-0.12069725,0,33.63222561358455
20240824,137,2024,32.9,29.61170652183479,-0.14015871,0,31.655967076764174
20240824,138,2024,33.0,31.013500869574532,0.025678692,0,33.35626875395297
20240824,140,2024,31.4,30.83796126180859,-0.08470464,0,32.982039152343596
20240824,143,2024,34.8,31.74781827932169,-0.09557937,0,33.872321649864816
20240824,146,2024,32.4,31.48658861079392,-0.1217743,0,33.56394110719917
20240824,152,2024,33.2,30.06767535362969,-0.013029076,0,32.34076925462793
20240824,155,2024,32.3,30.69883759798923,-0.0680096,0,32.87296655599574
20240824,156,2024,33.0,31.488874505812717,-0.10444606,0,33.597417834177215
20240824,159,2024,32.3,30.35419370798318,-0.021525584,0,32.61199389457731
20240824,162,2024,32.0,30.031347376211126,-0.0320801,0,32.27014943611964
20240824,165,2024,31.7,30.240424547462244,-0.06370149,0,32.422308107006934
20240824,168,2024,32.3,30.19527622029956,-0.07428101,0,32.35811664569136
20240824,169,2024,30.9,27.248797883362844,0.011622544,0,29.56626470132776
20240824,170,2024,33.5,29.650911990682097,-0.057728298,0,31.843547292351342
20240824,172,2024,33.0,29.861994236355354,-0.10732865,0,31.965348898435767
20240824,174,2024,31.6,30.716924573319652,-0.0996443,0,32.834111065424786
20240824,177,2024,29.8,28.878143921390926,-0.06904533,0,31.050408569788498
20240824,181,2024,22.8,27.2498658154229,-0.13906825,0,29.296089210909383
20240824,184,2024,32.0,30.39847743403762,-0.045218766,0,32.613629893797935
20240824,185,2024,30.4,28.657741198981842,-0.019836228,0,30.918582226052727
20240824,188,2024,31.5,29.673896597909334,-0.029396895,0,31.917528424419174
20240824,189,2024,31.7,29.778993403641817,-0.03890929,0,32.00550291975165
20240824,192,2024,33.4,31.213139250170045,-0.09692679,0,33.335217260033545
20240824,201,2024,28.7,24.740053679525754,-0.12719381,0,26.807651062210113
20240824,202,2024,29.3,27.080079067341593,-0.019802691,0,29.34098046087912
20240824,203,2024,30.0,26.03971799734569,-0.0797689,0,28.192680209033856
20240824,211,2024,30.9,27.982378467939903,-0.08019516,0,30.134573420328316
20240824,212,2024,30.8,28.38282979995089,-0.036276057,0,30.61407913478273
20240824,216,2024,30.9,27.207896336306472,-0.12855412,0,29.273045157203224
20240824,217,2024,33.7,29.873662534476914,-0.1275451,0,31.94062758638601
20240824,221,2024,30.3,30.150986463123196,-0.14673592,0,32.183408042503835
20240824,226,2024,30.4,28.188654026588598,-0.16741653,0,30.183850514511867
20240824,232,2024,28.0,27.779234242978667,-0.31258032,0,29.513135909997207
20240824,235,2024,31.6,29.539755785164356,-0.05054328,0,31.745324122028478
20240824,236,2024,32.6,30.78932938940408,-0.11138581,0,32.88538117417755
20240824,238,2024,31.5,29.23292553701243,-0.23385464,0,31.108533429306963
20240824,239,2024,31.0,30.17912838959987,-0.106705874,0,32.28360405411597
20240824,243,2024,32.2,30.69923754165005,-0.118967555,0,32.78164217990052
20240824,244,2024,31.8,29.318154013920196,-0.13946973,0,31.363654741831795
20240824,245,2024,32.9,30.517153251649468,-0.11373237,0,32.60898122777674
20240824,247,2024,33.5,31.119048754447213,-0.123987675,0,33.19241717804801
20240824,248,2024,29.6,29.734707681393573,-0.15986285,0,31.743500796433047
20240824,252,2024,32.5,30.25321783999429,-0.107148714,0,32.35689639222429
20240824,253,2024,32.9,31.010673994174535,-0.03945618,0,33.23619910604829
20240824,254,2024,32.3,30.343472830003236,-0.11271057,0,32.43714003708516
20240824,255,2024,34.3,31.729402423771226,-0.09916972,0,33.847443159214464
20240824,257,2024,35.5,30.656739271697703,-0.024958434,0,32.90836032933206
20240824,258,2024,32.8,30.097708200094203,-0.07302223,0,32.26281442155133
20240824,259,2024,32.4,31.046912465572127,-0.07635627,0,33.20601741870202
20240824,260,2024,33.1,30.607234069021988,-0.08998178,0,32.74181310408538
20240824,261,2024,33.0,30.54377144214643,-0.06141117,0,32.72977757706357
20240824,262,2024,34.0,30.685706276308686,-0.07234061,0,32.8520394206355
20240824,263,2024,35.0,32.212123058046146,-0.088945016,0,34.34856826685374
20240824,264,2024,34.0,30.919985641374133,-0.13316363,0,32.9768373437263
20240824,266,2024,34.2,31.171506588341636,-0.097364835,0,33.292796122632076
20240824,268,2024,31.8,29.43436028206783,-0.037251662,0,31.66385352771896
20240824,271,2024,31.4,28.530876172958685,-0.12816584,0,30.596723897058446
20240824,272,2024,32.1,29.844356850241734,-0.13977048,0,31.889316227907855
20240824,273,2024,32.0,29.48216123126373,-0.13189639,0,31.54129396462844
20240824,276,2024,34.5,30.86070396851284,-0.08266132,0,33.00845982474847
20240824,277,2024,33.4,28.744860729349632,-0.0041093556,0,31.034010127316204
20240824,278,2024,34.5,31.505476407818254,-0.11150322,0,33.6013168479324
20240824,279,2024,34.0,31.17099883602125,-0.13329847,0,33.22760782527966
20240824,281,2024,34.6,31.22662824543785,-0.06757051,0,33.401547569974774
20240824,283,2024,36.3,30.9139728458587,-0.017820764,0,33.17844170814372
20240824,284,2024,32.7,30.91299981434245,-0.1479691,0,32.94320167800863
20240824,285,2024,34.7,31.510060510186488,-0.11599275,0,33.59781980322593
20240824,288,2024,34.3,31.77262554642587,-0.051190566,0,33.97702876522153
20240824,289,2024,33.5,31.221093494329875,-0.12055444,0,33.30064174091203
20240824,294,2024,31.8,30.32254029642104,-0.035643175,0,32.55492881906568
20240824,295,2024,32.1,30.584353366906306,-0.07665699,0,32.742917023434906
20240824,296,2024,34.0,31.756133013429398,-0.016490087,0,34.02299709507024
20240825,90,2024,28.7,26.091669653676362,0.11091876,0,28.587869660300232
20240825,93,2024,31.4,28.292944875156167,0.012846098,0,30.612614090147208
20240825,95,2024,30.0,26.502291345521368,-0.0052004475,0,28.789476778079433
20240825,98,2024,31.7,29.63425244613186,0.0075336574,0,31.94435926747249
20240825,99,2024,31.3,29.27868021471837,0.02143908,0,31.613816795354282
20240825,100,2024,27.3,22.45521032122118,0.041870937,0,24.82712424545808
20240825,101,2024,32.0,29.684178432600692,0.009746757,0,31.998268833889863
20240825,102,2024,28.3,26.22467473937974,-0.025557306,0,28.475217827269297
20240825,104,2024,28.9,28.353878626255902,0.09546362,0,30.82225937788538
20240825,105,2024,30.8,29.079536451696264,0.14044549,0,31.62888456406068
20240825,106,2024,30.7,25.879104976758093,0.17587766,0,28.4922310037658
20240825,108,2024,31.5,29.088606823843225,-0.12798512,0,31.154779846252314
20240825,112,2024,31.6,30.466219026359557,0.004384483,0,32.77065733422334
20240825,114,2024,31.5,27.865194189185214,0.0200683,0,30.197863368867953
20240825,115,2024,30.2,27.541711019359095,0.4239204,0,30.60131396482574
20240825,119,2024,31.8,29.23430035144288,0.049648557,0,31.620213991872262
20240825,121,2024,32.3,28.420570595009963,-0.021049324,0,30.67922804913287
20240825,127,2024,32.4,28.74509367297212,-0.045362346,0,30.959987688482805
20240825,129,2024,30.9,28.886655280218264,0.027519671,0,31.23273692654624
20240825,130,2024,28.9,27.085916877256462,0.0944516,0,29.55247599322243
20240825,131,2024,32.4,30.529279547532514,-0.00044546137,0,32.82502395515757
20240825,133,2024,32.1,31.431982138261244,-0.014300828,0,33.70278688618277
20240825,135,2024,32.5,28.97656768140948,-0.07170258,0,31.144049280581246
20240825,136,2024,33.0,28.98950809975724,0.018023772,0,31.318497127739008
20240825,137,2024,32.9,29.870108085833934,-0.029540975,0,32.11348056955412
20240825,138,2024,27.5,29.487861052035246,0.12899178,0,32.01659249891714
20240825,140,2024,31.2,27.568523397467207,0.09051579,0,30.027998061817364
20240825,143,2024,35.1,28.727976878768857,-0.033663567,0,30.96392869597322
20240825,146,2024,30.3,26.917606326163266,-0.16199024,0,28.92257013185845
20240825,152,2024,31.8,31.06987367497684,0.10622649,0,33.557627593167446
20240825,155,2024,32.1,29.829399110095096,0.019390253,0,32.16084780420979
20240825,156,2024,32.8,28.243724414278468,-0.019787032,0,30.50465399447998
20240825,159,2024,32.3,29.72088078060589,0.060175147,0,32.12574228312395
20240825,162,2024,32.2,28.990535156399577,0.043147564,0,31.364747009565807
20240825,165,2024,30.9,30.2682021822767,0.03566638,0,32.62894790450082
20240825,168,2024,32.1,29.571319805608226,-0.015166054,0,31.84056714730545
20240825,169,2024,31.6,26.90257550407573,0.09825779,0,29.37598575970635
20240825,170,2024,34.1,29.696698360612846,0.0067719454,0,32.00543410040752
20240825,172,2024,31.1,27.50298627061516,0.06268424,0,29.912364137022205
20240825,174,2024,32.2,30.086828347506717,-0.013996249,0,32.35818133727451
20240825,177,2024,29.9,28.557896242656568,0.044933237,0,30.935322307584748
20240825,181,2024,30.8,30.53060809773001,0.008818017,0,32.84302676698837
20240825,184,2024,32.3,31.205153787860574,0.022594178,0,33.542369546516845
20240825,185,2024,29.3,28.842386095955508,0.05105832,0,31.230837307278655
20240825,188,2024,30.9,28.830385917154818,0.2955588,0,31.658938013660585
20240825,189,2024,30.9,26.646386223490484,0.17102545,0,29.250778280571357
20240825,192,2024,34.0,30.048161540364827,-0.02587792,0,32.29812752080998
20240825,201,2024,30.2,27.67327920741483,0.010306235,0,29.98837666922435
20240825,202,2024,31.0,29.65785734138762,0.014374686,0,31.980278015001172
20240825,203,2024,31.2,29.566585099554985,-0.014921367,0,31.83627287673626
20240825,211,2024,31.7,28.370426248389315,-0.034140702,0,30.60551922226711
20240825,212,2024,31.5,29.261283666899768,-0.014504423,0,31.531721942927216
20240825,216,2024,27.0,24.304313181606172,-0.0012555115,0,26.59859949892031
20240825,217,2024,32.6,26.827115844380423,0.027195042,0,29.172613158063463
20240825,221,2024,30.7,29.27439656961805,-0.062216144,0,31.458953748403264
20240825,226,2024,31.0,29.887945174579674,-0.05660626,0,32.08260014610952
20240825,232,2024,30.8,28.27197585025591,0.023610169,0,30.611020392662713
20240825,235,2024,32.3,29.0276505107365,0.018871086,0,31.358164703113836
20240825,236,2024,31.8,30.803075671995877,0.044857815,0,33.180365976914764
20240825,238,2024,30.7,27.031057291785515,0.0030188712,0,29.333037497998593
20240825,239,2024,31.7,29.91659916444395,-0.017140895,0,32.182291791297544
20240825,243,2024,30.6,29.751263199604782,0.05002088,0,32.13784702348415
20240825,244,2024,30.6,26.920043684075477,-0.009120444,0,29.200173123255382
20240825,245,2024,31.7,27.2560880319801,0.014507236,0,29.57874729479105
20240825,247,2024,33.0,30.588182689058435,-0.03184872,0,32.82740122897174
20240825,248,2024,30.1,29.000062985982566,-0.04587877,0,31.214027435020483
20240825,252,2024,31.1,28.846479712443497,0.040703677,0,31.216292568481716
20240825,253,2024,32.4,31.36463186507026,0.052529663,0,33.75573149628023
20240825,254,2024,28.6,29.455319026349198,-0.013360206,0,31.727816893565674
20240825,255,2024,34.0,32.115473160897366,0.012933569,0,34.435299823233954
20240825,257,2024,34.1,29.746520755792027,0.09705806,0,32.21777149788953
20240825,258,2024,33.5,29.888332782278432,0.004463603,0,32.19291350538261
20240825,259,2024,34.5,31.09279843433361,-0.0064427974,0,33.37774763715159
20240825,260,2024,34.1,29.865614939877666,0.007755532,0,32.17612113543509
20240825,261,2024,32.3,30.47654918819786,0.020494776,0,32.809986022806186
20240825,262,2024,35.1,29.44412115614547,-0.0007529624,0,31.73931206186093
20240825,263,2024,35.2,31.35205547805834,-0.018224284,0,33.615798004847655
20240825,264,2024,33.9,30.452040875264768,-0.03931198,0,32.67782555121041
20240825,266,2024,33.9,30.910049780257008,-0.03432924,0,33.14480338763919
20240825,268,2024,31.8,29.24054604586064,0.037376862,0,31.604370635579823
20240825,271,2024,30.8,24.661936372949256,0.08571423,0,27.11276822224595
20240825,272,2024,29.7,25.671561195248344,-0.0029638696,0,27.962772468053462
20240825,273,2024,31.6,30.169581994359444,-0.041147888,0,32.39206203457172
20240825,276,2024,33.0,28.97294529575554,0.057036527,0,31.372157281542105
20240825,277,2024,30.7,27.692765607227226,0.10941527,0,30.186259332010295
20240825,278,2024,35.1,30.25240139394348,-0.014208716,0,32.52337194261526
20240825,279,2024,33.9,29.644592151357685,0.036427848,0,32.00670851591603
20240825,281,2024,33.8,29.693195602274272,0.039114654,0,32.06014821767423
20240825,283,2024,33.6,29.420431432257054,0.056362286,0,31.818429785519605
20240825,284,2024,32.1,26.84138581254081,-0.059677873,0,29.030511879573034
20240825,285,2024,34.1,30.521210617008844,-0.03877912,0,32.74795443748717
20240825,288,2024,33.9,31.261075413860695,0.037346985,0,33.624846225289126
20240825,289,2024,33.8,30.140488175395475,-0.05565735,0,32.33685118433153
20240825,294,2024,31.4,28.835420913139906,0.047342915,0,31.21718439838264
20240825,295,2024,30.9,29.43570515938222,-0.014184669,0,31.70671899387837
20240825,296,2024,33.6,30.868372706971474,0.10181512,0,33.34818615995021
20240826,90,2024,27.5,24.497687547835614,0.5576551,0,27.798012958817395
20240826,93,2024,29.1,25.77986651048111,1.0086728,0,29.892023848762392
20240826,95,2024,29.5,26.785999487349038,0.57854795,0,30.123932043640266
20240826,98,2024,30.0,26.877368592582442,0.5861796,0,30.229038135987626
20240826,99,2024,30.6,29.71837322986098,0.41955832,0,32.77012443758996
20240826,100,2024,24.6,21.65883486104339,0.58576566,0,25.009759286784234
20240826,101,2024,28.7,24.968008758489354,1.068749,0,29.18830310829865
20240826,102,2024,25.8,24.215660089254246,0.14430594,0,26.771957027335638
20240826,104,2024,26.7,23.937516964303153,1.3107572,0,28.593426090723778
20240826,105,2024,28.2,25.56811142114903,1.2709463,0,30.152360934914014
20240826,106,2024,26.7,23.346328624943315,0.24712771,0,26.08770474421901
20240826,108,2024,29.7,25.919195850915408,0.8711297,0,29.78377553388129
20240826,112,2024,29.3,27.752891196425388,0.6263237,0,31.176820094421938
20240826,114,2024,30.1,27.91345224404949,0.90198886,0,31.833578437234948
20240826,115,2024,28.0,24.364373066176434,1.283898,0,28.9719356969687
20240826,119,2024,30.5,26.088313032342942,1.1731617,0,30.496550411555923
20240826,121,2024,27.9,25.548350080218995,0.5373369,0,28.812102712975832
20240826,127,2024,29.3,26.93723859730528,0.80195874,0,30.67731056695329
20240826,129,2024,30.5,26.523086151179847,0.87626535,0,30.396910013871373
20240826,130,2024,28.9,25.13520269921329,0.9723462,0,29.181972073245916
20240826,131,2024,31.3,26.86103593815705,0.9926822,0,30.944410169634434
20240826,133,2024,31.2,25.633727492352097,1.088131,0,29.88890944210646
20240826,135,2024,30.0,28.109177501851438,0.47601748,0,31.26255519516659
20240826,136,2024,32.3,30.789801726831328,0.31299707,0,33.649742696198956
20240826,137,2024,31.3,29.283344859236106,0.47508934,0,32.43505191184424
20240826,138,2024,27.0,29.364809654050955,0.6673679,0,32.86261806817223
20240826,140,2024,32.1,29.470989356062848,0.38875368,0,32.46729222242221
20240826,143,2024,33.6,31.828846177728096,0.23968346,0,34.55682265131764
20240826,146,2024,32.4,30.96024530553324,0.336273,0,33.86208296979947
20240826,152,2024,31.0,29.557127429109187,0.64082754,0,33.00716323304293
20240826,155,2024,32.8,30.148743170990496,0.17124224,0,32.75352543583885
20240826,156,2024,31.8,29.36130479031626,0.7089039,0,32.9338780641139
20240826,159,2024,31.8,30.304798993938313,0.25646052,0,33.062974163783544
20240826,162,2024,32.6,29.13952274848051,0.18735544,0,31.773308785468416
20240826,165,2024,30.8,27.402426233985203,1.1410512,0,31.752864583847906
20240826,168,2024,31.4,29.359308061105114,0.50886846,0,32.57181751978587
20240826,169,2024,30.2,27.451367520756246,0.24278781,0,30.18493181356443
20240826,170,2024,33.6,29.41840486056574,0.3299613,0,32.308881438463416
20240826,172,2024,31.8,29.47364534575049,0.42908922,0,32.54255217691545
20240826,174,2024,30.7,29.75709211183593,0.2291462,0,32.466101505309204
20240826,177,2024,30.1,26.88227483046324,1.0575044,0,31.082329016469433
20240826,181,2024,30.2,26.935224301738675,1.0155759,0,31.059807134213987
20240826,184,2024,32.0,29.136921417762462,0.23788582,0,31.86166212804062
20240826,185,2024,31.7,27.991372775386015,0.12564409,0,30.514078371495053
20240826,188,2024,31.7,29.518774495434595,0.20764717,0,32.18908564779325
20240826,189,2024,32.3,28.696727956510394,0.27477777,0,31.48787418067119
20240826,192,2024,33.1,30.478314024659202,0.11353023,0,32.97921468304794
20240826,201,2024,29.9,29.354443506075835,0.3593152,0,32.29775708029042
20240826,202,2024,29.2,25.132463513701158,1.0953009,0,29.4005513949283
20240826,203,2024,29.9,25.265802517695548,1.1132203,0,29.56614535707546
20240826,211,2024,29.4,25.31816874242061,1.025698,0,29.460971284292285
20240826,212,2024,29.5,24.62847590510814,1.0144964,0,28.751115745373063
20240826,216,2024,26.4,24.79526410000981,0.661391,0,28.282314173772352
20240826,217,2024,30.6,25.839059268220172,0.6151497,0,29.242874924544207
20240826,221,2024,28.7,24.709677256859177,0.91353357,0,28.650583918031693
20240826,226,2024,30.8,26.745473077796255,0.82211745,0,30.521830722016258
20240826,232,2024,30.3,25.448325562566612,1.1017019,0,29.727935140838127
20240826,235,2024,30.7,29.345267942880184,0.7051091,0,32.91101059591213
20240826,236,2024,31.6,26.38038574913765,0.9613552,0,30.407371364053144
20240826,238,2024,30.8,29.25574367398895,0.5800508,0,32.59638139900424
20240826,239,2024,29.2,25.59793694670975,1.1722772,0,30.004582166651492
20240826,243,2024,31.0,27.51116142969297,0.86026037,0,31.3561763290857
20240826,244,2024,31.5,29.67005793543607,0.2398325,0,32.39830268357128
20240826,245,2024,33.5,29.1810774282418,0.26748416,0,31.959095151225764
20240826,247,2024,33.6,30.294309243606953,0.1641525,0,32.88632998711589
20240826,248,2024,31.3,29.56018926353321,0.2708783,0,32.344316414922936
20240826,252,2024,31.6,29.842567196219022,0.5317095,0,33.09619052027529
20240826,253,2024,32.5,30.169706109455547,0.30632925,0,33.017644998144235
20240826,254,2024,32.6,29.961215450118793,0.17727679,0,32.57685991045894
20240826,255,2024,32.4,31.80752352388786,0.18570916,0,34.43834625635611
20240826,257,2024,34.4,30.215444832436052,0.29857445,0,33.0494250762578
20240826,258,2024,32.9,30.18458708552414,0.21564683,0,32.869297623335065
20240826,259,2024,32.9,29.7595214683596,0.6807569,0,33.28143017420985
20240826,260,2024,32.5,29.608098232991992,0.6101275,0,33.002873986628956
20240826,261,2024,31.2,27.770444682948714,0.9284764,0,31.73824842883421
20240826,262,2024,32.2,28.189703004208393,0.15906292,0,30.772562501894427
20240826,263,2024,35.0,32.0281694758748,0.14793228,0,34.590993810992735
20240826,264,2024,33.0,30.64284832950593,0.15972611,0,33.22690157113613
20240826,266,2024,33.3,30.234269348720325,0.103474215,0,32.71706917321624
20240826,268,2024,31.1,29.433721291022234,0.2669167,0,32.21071757516914
20240826,271,2024,28.8,26.983976262008277,0.45594704,0,30.101227174813484
20240826,272,2024,29.8,29.221037861487407,0.7485542,0,32.86498171309724
20240826,273,2024,29.9,29.11501801747818,0.6293895,0,32.54446539959033
20240826,276,2024,33.9,29.72801217324025,0.36232954,0,32.676751588071056
20240826,277,2024,29.9,29.631222296587026,0.38302112,0,32.61720654393355
20240826,278,2024,33.1,31.859363233106222,0.34943837,0,34.78489853588411
20240826,279,2024,32.4,31.238645945239153,0.189996,0,33.877184990711896
20240826,281,2024,32.5,30.389395382865462,0.4759231,0,33.542603185061616
20240826,283,2024,32.7,28.961022931671142,1.0723486,0,33.18779664015353
20240826,284,2024,31.5,30.37505269154328,0.15712713,0,32.95442775832016
20240826,285,2024,33.9,30.672902069147668,0.13839135,0,33.218552729562965
20240826,288,2024,33.9,30.589188638101888,0.27676794,0,33.38391716697879
20240826,289,2024,32.9,30.81105276628523,0.07783473,0,33.24770152346461
20240826,294,2024,29.6,29.489841687170994,0.116789564,0,31.99660914133801
20240826,295,2024,32.0,29.552177390258155,0.113108255,0,32.05231848728701
20240826,296,2024,31.1,30.081796692063396,0.0892929,0,32.5390701479413
20240827,90,2024,25.6,23.300900832793644,-1.0152645,0,23.769970950882968
20240827,93,2024,26.2,24.457901534813704,-1.1263075,0,24.72709429542012
20240827,95,2024,27.2,25.301182523131548,0.5527428,0,28.592665763874834
20240827,98,2024,26.7,23.585163642056962,0.1001187,0,26.061923534182693
20240827,99,2024,27.2,24.484394688290706,0.8376455,0,28.288702774348017
20240827,100,2024,21.2,19.44982858008278,-0.94056153,0,20.053364058813585
20240827,101,2024,25.4,24.78367485080482,-1.2510554,0,24.828321441176556
20240827,102,2024,27.3,24.55618347665345,0.08862121,0,27.01224788658476
20240827,104,2024,24.5,22.330454782157283,-0.71959627,0,23.331727740097985
20240827,105,2024,25.9,23.523407693824897,-1.0144384,0,23.993964828592077
20240827,106,2024,24.8,23.111873656020393,-1.0133172,0,23.584448884850378
20240827,108,2024,27.4,24.027742341028624,-0.014796114,0,26.297655574641407
20240827,112,2024,28.1,26.18762412951115,0.6382226,0,29.63297100293342
20240827,114,2024,25.7,23.15045551377397,-1.2925323,0,23.120443567234695
20240827,115,2024,23.9,22.2027035978195,1.4690015,0,27.143452592785657
20240827,119,2024,26.4,22.871774410776222,-1.3666924,0,22.708274285983773
20240827,121,2024,24.0,23.776575301674377,-1.1379341,0,24.024840180086272
20240827,127,2024,25.2,23.37602148644855,-1.037742,0,23.80463209087363
20240827,129,2024,24.9,24.029019380110874,-1.5488993,0,23.537546890892767
20240827,130,2024,24.9,24.652388277183242,-0.43249524,0,26.170443089753462
20240827,131,2024,27.4,23.392042394976713,-0.85409904,0,24.151210369587645
20240827,133,2024,28.2,24.430136542603968,-0.2409085,0,26.293047474330073
20240827,135,2024,26.8,22.878996820961024,-0.0025300647,0,25.170988942645508
20240827,136,2024,24.1,24.662503280937962,-1.2872531,0,24.641993864496648
20240827,137,2024,28.0,24.339190195621246,-0.5755141,0,25.599811093053223
20240827,138,2024,25.6,24.837530955095367,-0.75860983,0,25.76857949678012
20240827,140,2024,28.9,24.101069991324636,-0.4123996,0,25.655296967381336
20240827,143,2024,27.2,25.270169460609637,-0.03175935,0,27.509548866008608
20240827,146,2024,30.2,24.591985129532695,0.7874785,0,28.305992679434308
20240827,152,2024,25.8,26.05324445503674,0.38011998,0,29.034006656007993
20240827,155,2024,30.8,28.278635688592736,0.79924464,0,32.01382228274102
20240827,156,2024,31.2,27.734873046555606,0.56841964,0,31.05457462817261
20240827,159,2024,31.4,26.758171573721356,0.7462277,0,30.397927638752055
20240827,162,2024,31.6,26.53707239191505,0.71783286,0,30.125717783995007
20240827,165,2024,30.7,28.54555951146095,0.35484293,0,31.480823025403318
20240827,168,2024,31.2,27.667119201219112,0.5689245,0,30.98772951525036
20240827,169,2024,30.2,26.506986049606045,0.37509286,0,29.478699442956295
20240827,170,2024,34.9,29.57231881837741,0.18428971,0,32.20058653218226
20240827,172,2024,31.1,26.588984026829806,1.030274,0,30.740023525297854
20240827,174,2024,30.4,28.910872583786773,0.42296496,0,31.96875575047725
20240827,177,2024,25.6,24.55853804775977,-1.141281,0,24.8007784701475
20240827,181,2024,25.5,23.389938878981297,-0.86316407,0,24.13278979598267
20240827,184,2024,31.3,28.26547120125297,0.28179705,0,31.06925213191096
20240827,185,2024,30.3,26.011045331254422,0.11355995,0,28.51199947289092
20240827,188,2024,31.4,28.309711345514085,0.55954754,0,31.61344316194478
20240827,189,2024,33.2,28.72078209527801,0.41628236,0,31.76663657377612
20240827,192,2024,31.8,26.155461355178947,0.63520527,0,29.595377077211143
20240827,201,2024,27.8,23.854613954402726,0.6554391,0,27.330950534341262
20240827,202,2024,25.7,23.95383849077374,-1.5344713,0,23.488336436698148
20240827,203,2024,24.9,23.242100220523117,-1.5240048,0,22.79543778799141
20240827,211,2024,25.4,22.978052417771785,-1.2633046,0,23.00065039173422
20240827,212,2024,25.3,22.794057824153725,-1.3115178,0,22.729871959844065
20240827,216,2024,20.4,21.27597251531219,-0.9023428,0,21.948301720010402
20240827,217,2024,24.9,23.196695024236412,-1.1566224,0,23.411320924643853
20240827,221,2024,23.9,22.27409829066938,-1.1788098,0,22.448786957151952
20240827,226,2024,27.2,22.839724945035066,-0.11569936,0,24.928012338207456
20240827,232,2024,26.5,23.230956172424754,-0.95727044,0,23.804415612318127
20240827,235,2024,28.5,24.839455167852517,-0.8017773,0,25.692802260143043
20240827,236,2024,28.0,24.230643628478685,-0.43251097,0,25.74867011692171
20240827,238,2024,28.9,24.40519481881415,1.1142288,0,28.70735297725534
20240827,239,2024,27.1,23.814081373516764,-0.6626989,0,24.917769547426555
20240827,243,2024,29.7,25.290770193019796,-0.09567339,0,27.41510432958513
20240827,244,2024,29.2,23.998198252280734,0.15759617,0,26.57841759798923
20240827,245,2024,31.4,26.462022168771906,0.6951843,0,30.009900129592708
20240827,248,2024,28.4,23.630789505075573,0.59159356,0,26.99220415756202
20240827,252,2024,30.7,26.517328161290614,0.9032814,0,30.43978090257559
20240827,253,2024,30.3,24.871085263812432,1.0826201,0,29.11634776089956
20240827,254,2024,30.6,24.846597624701086,0.68610996,0,28.378141790928076
20240827,255,2024,30.9,26.952475548575347,1.1322157,0,31.287010115593503
20240827,257,2024,30.0,27.46808988602391,0.81727386,0,31.235729063485184
20240827,258,2024,33.2,29.872584126936303,0.2014082,0,32.531665138370506
20240827,259,2024,33.3,30.470366511720044,0.19194895,0,33.11242086032771
20240827,260,2024,32.9,30.087727827829916,0.1757428,0,32.70061111492177
20240827,261,2024,32.9,28.88276588166355,0.24588352,0,31.62190246370017
20240827,262,2024,31.6,29.725834332589237,0.2541998,0,32.47994021584961
20240827,263,2024,32.6,26.497511437224016,0.66268355,0,29.986888059086077
20240827,264,2024,31.7,27.392544321072037,0.5439904,0,30.66827323165709
20240827,266,2024,31.6,28.17005038347838,0.5415048,0,31.44130526213823
20240827,268,2024,29.2,29.056356844860264,0.2718096,0,31.842160376884298
20240827,271,2024,24.7,21.98908576281226,-0.40027347,0,23.56513975116945
20240827,272,2024,26.7,23.371146668241295,-0.8148108,0,24.2010334438738
20240827,273,2024,27.8,24.04597346630337,-0.85050654,0,24.811607924984123
20240827,276,2024,25.3,24.08594147512931,-0.35471156,0,25.74400690090258
20240827,277,2024,24.0,24.07686527654556,0.13474664,0,26.615955468287154
20240827,278,2024,28.7,24.51495065966256,-0.100129336,0,26.631264092733346
20240827,279,2024,28.6,23.983270796823717,0.5662327,0,27.299035861202103
20240827,281,2024,27.0,25.41667404998944,0.645935,0,28.87590328625427
20240827,283,2024,25.9,25.620781952852848,-0.54650515,0,26.933618915214787
20240827,284,2024,30.3,24.442711939684017,0.51009053,0,27.657421131622066
20240827,285,2024,31.4,26.723976789016856,0.5610378,0,30.030391029039166
20240827,288,2024,31.2,26.89287350868331,0.7632568,0,30.56328196562456
20240827,289,2024,30.7,27.884248570837304,0.5233457,0,31.122817084846428
20240827,294,2024,30.7,27.956291948292204,0.6913773,0,31.497317294233397
20240827,295,2024,31.0,27.90186252802985,0.68791884,0,31.436662681424195
20240827,296,2024,30.1,26.033426783708318,0.8334163,0,29.830122331427923
20240828,90,2024,29.4,27.775801296945776,0.4689658,0,30.916485972539753
20240828,93,2024,31.9,28.39273634385412,0.3118734,0,31.2506547130478
20240828,95,2024,31.4,26.812158130188052,0.28602168,0,29.623543391624164
20240828,99,2024,31.1,27.898770566240493,0.2625665,0,30.66793651667769
20240828,100,2024,22.4,21.21299509207307,0.34354243,0,24.127917698441735
20240828,101,2024,31.2,29.525107080646716,0.3233591,0,32.403699702350465
20240828,102,2024,29.3,24.458333318811253,0.20248315,0,27.11934922218462
20240828,104,2024,26.4,25.401278870363463,0.5259591,0,28.644551442542905
20240828,105,2024,27.9,26.07294863577534,0.61381954,0,29.47437004504432
20240828,106,2024,25.3,21.879773794900164,0.5360165,0,25.141149775893084
20240828,108,2024,32.5,28.842482870325295,0.22957191,0,31.552258544092034
20240828,112,2024,32.7,28.564890010378587,0.21193972,0,31.242927748602266
20240828,114,2024,31.0,27.366649662693565,0.34777918,0,30.289198433021735
20240828,115,2024,26.8,26.5480266499398,0.5750615,0,29.879683588154705
20240828,119,2024,31.3,28.517872226414127,0.24176839,0,31.24960156639104
20240828,121,2024,29.8,27.03315777180967,0.3395461,0,29.940887015465478
20240828,127,2024,31.3,27.59732107393804,0.28528473,0,30.407379822083747
20240828,129,2024,31.0,27.492968384786394,0.20474973,0,30.158064142648133
20240828,130,2024,26.1,24.846476324977644,0.5391953,0,28.113574101529494
20240828,131,2024,31.5,28.3374619142873,0.32871053,0,31.225687099582053
20240828,133,2024,29.4,27.262687219723425,0.3288092,0,30.151090020899144
20240828,135,2024,26.8,26.021850014430868,0.28184763,0,28.825721979262823
20240828,136,2024,30.1,26.992691113432027,0.3638536,0,29.944173837999088
20240828,137,2024,28.9,26.07207290153464,0.38884923,0,29.068547751136034
20240828,138,2024,27.0,24.985241937988,0.49858657,0,28.179243993533458
20240828,140,2024,32.5,30.084311067251186,0.18195996,0,32.70838522772752
20240828,143,2024,29.1,25.915374068897183,0.3762794,0,28.889223251641813
20240828,146,2024,33.3,29.995341001627633,0.23118705,0,32.708023921745614
20240828,152,2024,27.1,26.48737686881585,0.414545,0,29.530104106179316
20240828,155,2024,28.9,26.680016566245865,0.22272627,0,29.377470091331915
20240828,156,2024,31.9,31.080106032940282,0.19715695,0,33.731534782521265
20240828,159,2024,29.8,26.18828494983924,0.3770161,0,29.16346016307665
20240828,162,2024,30.8,28.401584056190348,0.2680157,0,31.180558576774104
20240828,165,2024,32.7,28.819134879788663,0.20407495,0,31.4830160261201
20240828,168,2024,30.2,29.222099336405364,0.19987415,0,31.878419040480825
20240828,169,2024,30.5,27.16349144517282,0.13436636,0,29.701897137173813
20240828,170,2024,31.5,29.5386164056908,0.15536013,0,32.11481088219573
20240828,172,2024,33.5,29.80528352070463,0.18652199,0,32.437569344546326
20240828,174,2024,30.4,29.842814882367797,0.17444108,0,32.45335507213051
20240828,177,2024,31.3,28.564991247625784,0.21521652,0,31.24892721711739
20240828,181,2024,29.3,27.060015315104717,0.28506932,0,29.869686323115232
20240828,184,2024,29.0,26.435936008264026,0.1938648,0,29.08143887300214
20240828,185,2024,29.3,28.332596237587804,0.18201065,0,30.956761646814826
20240828,188,2024,29.5,29.62838457452625,0.17085558,0,32.232470859779426
20240828,189,2024,31.4,29.656699361267535,0.17506403,0,32.26836084850893
20240828,192,2024,30.6,29.229603629616854,0.26506215,0,32.00326174371219
20240828,201,2024,30.2,26.687557794436053,0.21687548,0,29.37447989404603
20240828,202,2024,31.5,28.014463992415877,0.28073087,0,30.81632580252371
20240828,203,2024,31.5,28.515248778031637,0.2685575,0,31.29519849616903
20240828,211,2024,29.3,27.00860267645344,0.41046485,0,30.043985650024865
20240828,212,2024,32.4,28.46394646367631,0.28964934,0,31.281861509315
20240828,216,2024,23.2,21.194192814184955,0.33653384,0,24.096499972317158
20240828,217,2024,28.6,26.719992930827217,0.35989282,0,29.664346236544336
20240828,221,2024,29.0,28.16968149198506,0.26888236,0,30.950215985331877
20240828,226,2024,28.1,27.61136707401229,0.3508687,0,30.539476975579397
20240828,232,2024,31.6,28.084784132250327,0.25188032,0,30.8347149426023
20240828,235,2024,33.3,28.83452529107781,0.20343907,0,31.49726185835632
20240828,236,2024,32.0,29.763543050603907,0.21668252,0,32.450117830968544
20240828,238,2024,30.6,28.280804977288376,0.21057211,0,30.956381010900277
20240828,239,2024,29.7,27.78258022207112,0.26668563,0,30.559160602888184
20240828,243,2024,32.8,30.082514959216272,0.19883169,0,32.73695824350909
20240828,244,2024,30.8,28.65253566971489,0.15013851,0,31.219331229856103
20240828,245,2024,34.2,30.02994967101363,0.18174447,0,32.65363595724432
20240828,247,2024,30.1,29.643674903494695,0.17365627,0,32.25280242741345
20240828,248,2024,28.3,27.43383100569827,0.20592923,0,30.101049866105747
20240828,252,2024,32.8,28.105300450212432,0.21421388,0,30.78743166854628
20240828,253,2024,29.8,26.079927830712393,0.40055576,0,29.097474436199864
20240828,254,2024,31.5,29.81946448211337,0.15786703,0,32.4001713729545
20240828,255,2024,30.3,26.257614968896426,0.35594705,0,29.194865892430467
20240828,257,2024,28.2,26.003332365199483,0.12887946,0,28.53186162716584
20240828,258,2024,32.4,29.618274478006718,0.17092542,0,32.22248647839642
20240828,259,2024,34.3,30.516549255292492,0.19065203,0,33.15626914328404
20240828,260,2024,32.5,29.98910724689447,0.17088157,0,32.59324030987286
20240828,261,2024,33.1,29.814882279898157,0.17674601,0,32.4295713373872
20240828,262,2024,31.7,28.54406576156075,0.19269748,0,31.187467464222866
20240828,263,2024,31.3,26.74633308214474,0.353868,0,29.679841734017025
20240828,264,2024,29.7,27.625932840583232,0.29591572,0,30.45512737979225
20240828,266,2024,30.9,30.023648789583486,0.18968767,0,32.66163283236687
20240828,268,2024,33.1,29.55007509712509,0.18483303,0,32.17932079798095
20240828,271,2024,27.9,25.369956305664598,0.34979364,0,28.296131100715822
20240828,272,2024,29.3,27.611397781797894,0.32729104,0,30.49706789478506
20240828,273,2024,28.8,25.398304319992675,0.35865492,0,28.34042940739276
20240828,276,2024,28.0,25.262721914987814,0.42083883,0,28.31677805221166
20240828,277,2024,28.5,26.99340624857596,0.48965615,0,30.171333557274263
20240828,278,2024,30.6,27.0557215519093,0.4070327,0,30.084926647100904
20240828,279,2024,29.5,25.484328018416004,0.36082482,0,28.430358938583577
20240828,281,2024,28.8,26.087528159982597,0.412524,0,29.126617624547524
20240828,283,2024,25.6,25.595660792971447,0.3836668,0,28.58280729512831
20240828,284,2024,27.9,26.34163406824287,0.31090093,0,29.19780197418925
20240828,285,2024,28.9,27.430796456064297,0.33220255,0,30.32530729089709
20240828,288,2024,29.4,27.75636025031796,0.42416486,0,30.816403238995587
20240828,289,2024,28.5,27.455206328062697,0.19555373,0,30.10374928896456
20240828,294,2024,27.2,25.709173967412596,0.23660138,0,28.43160269398619
20240828,295,2024,29.2,28.609675358697046,0.24600291,0,31.34902683931994
20240828,296,2024,28.3,26.77374257854233,0.29977122,0,29.609877011712296
20240829,90,2024,26.8,23.63244870495979,0.75588906,0,27.289595247647807
20240829,93,2024,30.4,27.983889295449373,0.47005638,0,31.12653702617717
20240829,95,2024,30.0,27.067711519506176,0.4528385,0,30.179367076085416
20240829,98,2024,30.8,28.298258472532417,0.42883646,0,31.366710347404275
20240829,99,2024,30.8,28.448136770041874,0.4081947,0,31.47943345182329
20240829,100,2024,21.0,20.200688061034896,0.32989985,0,23.091054024632797
20240829,101,2024,30.0,30.390359523912075,0.47053975,0,33.53387730960012
20240829,102,2024,27.8,24.44180378851591,0.29547155,0,27.270198814861764
20240829,104,2024,24.1,22.47520404893791,0.33361608,0,25.372259227242232
20240829,105,2024,25.0,23.77123428466664,0.34411696,0,26.68719104354309
20240829,106,2024,23.5,22.03771715002386,0.23728779,0,24.761381409358073
20240829,108,2024,33.0,30.17698277431286,0.412809,0,33.21658523817398
20240829,112,2024,32.1,29.773813809610125,0.34043378,0,32.683140845176105
20240829,114,2024,31.7,25.746568814682604,0.48181862,0,28.910388562269457
20240829,115,2024,26.1,26.531496815496737,0.9930835,0,30.615593312217655
20240829,119,2024,32.0,30.198711087598333,0.38054022,0,33.18022972515596
20240829,121,2024,27.2,25.628396745505746,0.5062906,0,28.8362660898791
20240829,127,2024,31.9,28.629403184192068,0.44859967,0,31.733428821719183
20240829,129,2024,32.0,28.042340584278644,0.31456807,0,30.905109352966495
20240829,130,2024,27.0,25.268122095711796,0.79046506,0,28.987505436209414
20240829,131,2024,33.0,30.299631970460055,0.39636815,0,33.309640871241335
20240829,133,2024,30.8,25.563954198334514,0.4603295,0,28.6890935414967
20240829,135,2024,29.2,27.81311083719211,0.35296214,0,30.74498892056006
20240829,136,2024,29.7,29.241725101136648,0.53748834,0,32.505750353617756
20240829,137,2024,31.5,26.748536367582354,0.40309423,0,29.770652223415055
20240829,138,2024,28.1,28.76664049162897,0.81794304,0,32.53548419551465
20240829,140,2024,33.5,30.26645510318146,0.23958188,0,32.99424873058246
20240829,143,2024,32.3,29.947476547261957,0.5573556,0,33.24726283423174
20240829,146,2024,33.8,28.23527488541587,0.30557337,0,31.081853196759663
20240829,152,2024,28.6,27.42532483909768,0.74447215,0,31.061920940043755
20240829,155,2024,31.4,27.166974846941365,0.69195235,0,30.709035310985584
20240829,156,2024,33.6,31.13007184835613,0.24739857,0,33.87193551276446
20240829,159,2024,32.4,30.10087528896893,0.57632,0,33.43479751362945
20240829,162,2024,33.1,29.0778908206392,0.48904458,0,32.25471729711361
20240829,165,2024,31.1,29.76552097519454,0.2155395,0,32.450038313490126
20240829,168,2024,31.0,26.751329549953923,0.51082677,0,29.96736396772205
20240829,169,2024,29.0,26.193269129649362,0.17207359,0,28.79954782572922
20240829,170,2024,35.0,28.162242940351895,0.28584474,0,30.973309716289577
20240829,172,2024,33.2,29.459412546389288,0.22697358,0,32.16451122547467
20240829,174,2024,31.2,29.39527783861862,0.29832998,0,32.22881803922938
20240829,177,2024,31.0,29.32783782019755,0.30273739,0,32.1693113513442
20240829,181,2024,30.9,30.112242031695523,0.37265748,0,33.07957172992019
20240829,184,2024,32.3,28.72346637450682,0.25051832,0,31.470945592175003
20240829,185,2024,30.4,28.440725635570093,0.1848848,0,31.07006451636713
20240829,188,2024,32.0,29.144816280836626,0.24506891,0,31.882486552848984
20240829,189,2024,33.5,29.569355663958714,0.20456274,0,32.234114831411176
20240829,192,2024,32.2,30.014513366721065,0.4530764,0,33.12659711114744
20240829,201,2024,30.0,27.177952430855218,0.3688345,0,30.13840076091964
20240829,202,2024,32.2,29.197496847788642,0.44588208,0,32.29663083344693
20240829,203,2024,31.4,29.74825957191616,0.42492706,0,32.809674510504905
20240829,211,2024,28.3,24.893296091610406,0.5796906,0,28.233285365774254
20240829,212,2024,30.0,28.64564762319947,0.5368241,0,31.9084772541901
20240829,216,2024,21.7,20.870551205406873,0.10545155,0,23.356910227388237
20240829,217,2024,27.3,25.863016227785494,0.50030285,0,29.060107598030122
20240829,221,2024,27.8,24.072459031836704,0.37538233,0,27.044693471110186
20240829,226,2024,30.1,24.928318135736863,0.36933827,0,27.88967326702504
20240829,232,2024,31.9,29.774874650951265,0.35832202,0,32.71640053285742
20240829,235,2024,32.9,28.510003296040345,0.2620818,0,31.278296777529174
20240829,236,2024,33.0,29.9724903450823,0.2794101,0,32.771974752407694
20240829,238,2024,31.1,29.48637677073437,0.32511815,0,32.36813568653602
20240829,239,2024,32.2,27.44507498819048,0.32410192,0,30.325004691088154
20240829,243,2024,33.9,30.123660111438248,0.23839667,0,32.84932036343298
20240829,244,2024,31.4,26.188315141080096,0.20470601,0,28.85333220292934
20240829,245,2024,33.4,29.594048624396322,0.28802994,0,32.40904875256598
20240829,247,2024,33.2,30.251732599909147,0.26919633,0,33.0328322346954
20240829,248,2024,29.9,29.02377809474296,0.26392654,0,31.795392097348046
20240829,252,2024,33.5,29.67516520289319,0.22044513,0,32.36851266830879
20240829,253,2024,31.3,30.494901237818162,0.6693567,0,33.996289542667434
20240829,254,2024,33.5,30.23063308205366,0.24437512,0,32.967054544370775
20240829,255,2024,33.5,31.127608819649584,0.6092765,0,34.52085271007396
20240829,257,2024,32.2,28.76323047939431,0.72415686,0,32.36325905924511
20240829,258,2024,32.3,29.806711331100306,0.28580952,0,32.617714699616876
20240829,259,2024,34.6,30.672991572311364,0.25133324,0,33.42193763644561
20240829,260,2024,34.3,30.167387946719426,0.25819677,0,32.92868837286463
20240829,261,2024,34.1,29.836813826349776,0.23082317,0,32.54884177784841
20240829,262,2024,34.7,29.574386345002708,0.41701913,0,32.621567014926136
20240829,263,2024,32.8,30.937176740374753,0.49789283,0,34.12993006669123
20240829,264,2024,31.6,27.843535780965446,0.44459838,0,30.94035909720159
20240829,266,2024,32.3,26.614219261245108,0.49047187,0,29.793614864802343
20240829,268,2024,30.9,29.78566917743777,0.20779487,0,32.45624619035399
20240829,271,2024,28.0,23.343338424906037,0.39389786,0,26.34890081322661
20240829,272,2024,29.2,25.322868188837028,0.51172495,0,28.54051933491097
20240829,273,2024,28.9,25.553243952385998,0.3644771,0,28.505848966849072
20240829,276,2024,30.6,28.239121265067283,0.6410893,0,31.689628279480765
20240829,277,2024,27.2,26.905394221194793,0.754397,0,30.55985501435202
20240829,278,2024,32.0,30.5559367568412,0.52733153,0,33.801679750811715
20240829,279,2024,32.9,29.099228911798622,0.51770675,0,32.32764730316523
20240829,281,2024,31.2,30.594477758586976,0.5970319,0,33.96568140109417
20240829,283,2024,28.4,26.2862259677316,0.6728815,0,29.79395887707306
20240829,284,2024,30.3,26.051889646218868,0.4310279,0,29.124286084956385
20240829,285,2024,32.5,29.799592041818755,0.54665935,0,33.08012511061456
20240829,288,2024,31.8,29.19062369871861,0.69494927,0,32.73807862153358
20240829,289,2024,30.3,28.49876600814413,0.4695188,0,31.640446105147717
20240829,294,2024,30.9,27.062050003315193,0.59623355,0,30.431816625520575
20240829,295,2024,30.7,28.945598185029716,0.44568148,0,32.044371091710424
20240829,296,2024,31.7,30.32358121010161,0.7288078,0,33.93198150072969
20240830,90,2024,27.2,25.53694643020199,0.83653295,0,29.339251979008782
20240830,93,2024,31.6,28.763571057688463,0.70513576,0,32.3293616686176
20240830,95,2024,31.0,27.52923852348892,0.6225881,0,30.946443338061858
20240830,98,2024,32.0,28.29105572692348,0.6132657,0,31.69148021274581
20240830,99,2024,30.9,28.272214946112058,0.61350805,0,31.673075666408568
20240830,100,2024,23.7,21.283867948240584,0.5244602,0,24.52444254001613
20240830,101,2024,32.4,30.76402371204606,0.68325853,0,34.29043531039051
20240830,102,2024,27.0,22.307785959797712,0.5989022,0,25.68235620377205
20240830,104,2024,27.3,26.855214703790786,0.77113265,0,30.539799708259352
20240830,105,2024,28.1,27.275597243176446,0.89251566,0,31.178671668058982
20240830,106,2024,29.0,24.899870076293247,0.9004759,0,28.8172729690217
20240830,108,2024,32.7,29.499353935515327,0.6005379,0,32.876868386681124
20240830,112,2024,31.5,29.703382243624226,0.54451054,0,32.9800474597322
20240830,114,2024,32.3,28.473124422986125,0.68367285,0,32.000281782725075
20240830,115,2024,25.7,24.076079368695634,0.9103025,0,28.01117014241698
20240830,119,2024,32.1,29.59172752889694,0.6101006,0,32.98645489548327
20240830,121,2024,32.0,28.19284298595485,0.6412063,0,31.643560607420184
20240830,127,2024,33.1,27.89439867484483,0.61268103,0,31.293770769138074
20240830,129,2024,31.5,28.029445254755135,0.5256729,0,31.272202735515357
20240830,130,2024,29.2,27.04451791841356,0.70262426,0,30.605787826980638
20240830,131,2024,32.6,29.927624071377004,0.613584,0,33.32862147704491
20240830,133,2024,33.0,30.39361509241531,0.5071469,0,33.603025741376975
20240830,135,2024,29.7,25.74242517100774,0.5940248,0,29.10821600843453
20240830,136,2024,32.7,30.768218662176146,0.6599766,0,34.25272278314175
20240830,137,2024,32.8,29.43875058764531,0.57077175,0,32.76268598254814
20240830,138,2024,29.9,29.79042424072235,0.62436855,0,33.21083386591464
20240830,140,2024,31.8,28.404636347701416,0.46650448,0,31.540890657732955
20240830,143,2024,33.0,31.27914145612485,0.535687,0,34.53992434706039
20240830,146,2024,32.5,30.432719746371177,0.47334078,0,33.581279387632875
20240830,152,2024,30.0,27.946378692539543,0.9899017,0,32.0247480292835
20240830,155,2024,33.8,29.2443246344515,0.4865127,0,32.41659371594453
20240830,156,2024,32.0,30.810243149627116,0.42350924,0,33.86910601998237
20240830,159,2024,33.5,30.207952502994022,0.5973078,0,33.57965278332242
20240830,162,2024,33.3,29.31308973717382,0.43589464,0,32.39424632419816
20240830,165,2024,29.9,29.244819107395486,0.3461828,0,32.16449437356182
20240830,168,2024,33.6,30.03933063910473,0.38232896,0,33.02406900036384
20240830,169,2024,29.4,25.991533020614035,0.39863303,0,29.00561871816541
20240830,170,2024,34.8,29.82855504494126,0.31076208,0,32.68447302265163
20240830,172,2024,31.7,29.342044566196773,0.40455243,0,32.366785178127266
20240830,174,2024,30.7,30.067646243600795,0.37979192,0,33.047817929435325
20240830,177,2024,31.0,28.270588853464297,0.6262227,0,31.694336004978
20240830,181,2024,30.8,29.434415821624455,0.61857426,0,32.844395730706516
20240830,184,2024,32.4,30.099261544210854,0.32202345,0,32.975449994686194
20240830,185,2024,29.2,27.745236890641372,0.2603032,0,30.510328887450026
20240830,188,2024,31.9,28.76007160952363,0.27507767,0,31.551757655070766
20240830,189,2024,33.6,29.60709520678528,0.25477135,0,32.36222987813541
20240830,192,2024,33.7,30.853566653174752,0.46324974,0,33.98396242863178
20240830,201,2024,30.2,26.98006698011371,0.580807,0,30.322065765271514
20240830,202,2024,32.2,28.398696333236888,0.6308618,0,31.830793845144115
20240830,203,2024,33.3,27.996503530771864,0.69876087,0,31.55081932967021
20240830,211,2024,32.3,28.284447251299152,0.64505273,0,31.742088405250446
20240830,212,2024,31.8,28.864915282550168,0.63166374,0,32.298456252060845
20240830,216,2024,24.9,25.06460724886693,0.61032283,0,28.459734586461565
20240830,217,2024,30.4,28.346819339260968,0.6098038,0,31.741012409811535
20240830,221,2024,32.4,27.14460660688376,0.6675444,0,30.64273280912912
20240830,226,2024,31.8,28.9552694546389,0.5523525,0,32.246050171197005
20240830,232,2024,31.8,28.525824637826368,0.58010125,0,31.86655312879472
20240830,235,2024,33.9,27.9799511889182,0.46150592,0,31.107208082453464
20240830,236,2024,32.9,28.600783175698904,0.57409,0,31.93069142092446
20240830,238,2024,32.8,29.779268832949747,0.47945723,0,32.938838083910696
20240830,239,2024,32.0,28.417871594801593,0.63353926,0,31.85478849986678
20240830,243,2024,31.4,29.98917959303737,0.4250473,0,33.05081098589361
20240830,244,2024,31.4,28.414085215737174,0.43246362,0,31.48906596286054
20240830,245,2024,32.4,27.59194496199031,0.47250807,0,30.739005731210312
20240830,247,2024,32.9,29.924319869617307,0.4612674,0,33.05114744877764
20240830,248,2024,30.9,28.7317224717233,0.38676775,0,31.724450650840154
20240830,252,2024,31.5,29.24209486100356,0.38225025,0,32.226691547982504
20240830,253,2024,34.0,30.920289234439547,0.54913324,0,34.20527530664187
20240830,254,2024,32.3,29.835099983141433,0.40703857,0,32.864315646236555
20240830,255,2024,34.0,31.403268429036427,0.49382052,0,34.58869159998029
20240830,257,2024,33.6,30.59547209568363,0.57361984,0,33.9245340503208
20240830,258,2024,33.8,29.46642667060811,0.34457326,0,32.3832047755291
20240830,259,2024,34.3,30.341790662536127,0.34536484,0,33.25999361053
20240830,260,2024,33.1,30.161056099280657,0.34163842,0,33.072551486258455
20240830,261,2024,32.7,29.784427365147554,0.3318359,0,32.678278215630144
20240830,262,2024,34.7,30.037687425708167,0.35789147,0,32.97843831014156
20240830,263,2024,33.9,31.5105257465676,0.47334105,0,34.65908587062692
20240830,264,2024,33.4,28.812322783570487,0.4807289,0,31.97418103170475
20240830,266,2024,33.8,29.024480031694,0.46454412,0,32.15720568118973
20240830,268,2024,30.3,29.504690921423048,0.32162723,0,32.38016617252133
20240830,271,2024,28.1,24.55555400511985,0.68815756,0,28.09078384839838
20240830,272,2024,31.0,29.020672854573395,0.60870147,0,32.4128817341831
20240830,273,2024,32.3,28.772833789397083,0.55630887,0,32.07073598546645
20240830,276,2024,32.5,29.825840586317202,0.57237154,0,33.15265560081842
20240830,277,2024,29.8,28.605032805779214,0.64682984,0,32.065872762201664
20240830,278,2024,33.2,28.95753512655897,0.6609063,0,32.44371273137315
20240830,279,2024,33.7,30.09548729568424,0.5676943,0,33.413883285241155
20240830,281,2024,34.1,28.37885028320387,0.6106089,0,31.774492497641006
20240830,283,2024,31.5,30.862325471770458,0.5799853,0,34.20284528687745
20240830,284,2024,32.4,30.20481087865283,0.42794064,0,33.27165026310911
20240830,285,2024,34.1,30.914619397706776,0.47292286,0,34.06242678662816
20240830,288,2024,33.5,31.8489403064801,0.52287775,0,35.086666499570185
20240830,289,2024,33.5,30.105094204964317,0.4570149,0,33.22426724239377
20240830,294,2024,31.9,29.755171287192894,0.488243,0,32.930554949794015
20240830,295,2024,34.0,30.68497734992122,0.3880755,0,33.68005948931371
20240830,296,2024,34.2,31.928500445020816,0.58688504,0,35.281439746173646
