Date,STN_ID,year,actual_TA,catboost_TA,residual_lstm_TA,sequence_missing_cells,prediction_TA
20220824,90,2022,23.7,26.501187414798697,-0.42331353,0,28.100079516372727
20220824,93,2022,26.6,27.34909152973811,0.27828318,0,30.05650642853905
20220824,95,2022,26.9,28.22500565361363,-0.47781482,0,29.7377857089459
20220824,98,2022,26.5,27.368129087701153,0.020232955,0,29.6678246328784
20220824,99,2022,27.9,28.35701695707504,0.21824649,0,30.969573887187966
20220824,100,2022,17.7,23.510790560156316,-1.0846224,0,24.064814671117364
20220824,101,2022,27.4,27.71489675107918,0.65302074,0,31.014396995863624
20220824,102,2022,26.6,27.640765760948753,0.035581622,0,29.964712200426643
20220824,104,2022,22.1,26.673032733059088,-1.2816315,0,26.915782487178095
20220824,105,2022,23.8,26.72692846671319,-1.2052474,0,27.09036504753813
20220824,106,2022,23.4,26.16493129858402,-1.0113622,0,26.834706506747366
20220824,108,2022,27.1,27.646689431845303,-0.21948934,0,29.567623757230482
20220824,112,2022,26.0,27.344512362953857,-0.89177513,0,28.203235131904407
20220824,114,2022,24.9,27.81552031408028,-0.70821214,0,28.964272613556037
20220824,115,2022,22.5,23.64327486470593,-0.8019401,0,24.643937009057023
20220824,119,2022,27.0,28.0039643623568,0.74791765,0,31.453401729009375
20220824,121,2022,24.4,28.02314697640556,-1.0635296,0,28.61049766789105
20220824,127,2022,25.5,29.03842667981114,-1.0246179,0,29.687257857689605
20220824,129,2022,26.3,29.03691064426123,-0.13658321,0,31.08883665026851
20220824,130,2022,24.5,24.27197342496633,-0.5124372,0,25.73005008672007
20220824,131,2022,25.8,27.78574630049353,-0.33867502,0,29.518367241822617
20220824,133,2022,24.1,28.15379127742736,-0.3488943,0,29.87026576275326
20220824,135,2022,20.5,27.75950141634266,-0.7174095,0,28.89372189599801
20220824,136,2022,24.2,25.3278865241861,-0.3914653,0,26.977098816547446
20220824,137,2022,23.2,27.096820080178123,-0.6450373,0,28.345388632839153
20220824,138,2022,21.8,27.101743196317695,-0.26328865,0,28.95347461044513
20220824,140,2022,24.2,28.242646895978066,-0.36859497,0,29.927994312903582
20220824,143,2022,21.7,27.375613146735045,-0.20160937,0,29.324797813535632
20220824,146,2022,24.0,28.13373761928625,-0.42215666,0,29.734457570009987
20220824,152,2022,22.3,28.728402105458045,-0.6146711,0,30.02494922619616
20220824,155,2022,22.6,28.27114530236841,-0.25868094,0,30.13015689396987
20220824,156,2022,29.9,30.76737365331894,-0.498234,0,32.24789140362992
20220824,159,2022,23.3,27.427955780253765,0.081886366,0,29.825063714836084
20220824,162,2022,24.5,29.52048008682173,-0.6248926,0,30.800877267069126
20220824,165,2022,27.9,31.370367739939343,-0.4157254,0,32.981249068450666
20220824,168,2022,24.1,29.18360535023351,-0.3310281,0,30.928308422471567
20220824,169,2022,26.4,28.21648055363883,-0.10380536,0,30.320195556104167
20220824,170,2022,29.4,29.561198377068795,0.30940154,0,32.317780289634115
20220824,172,2022,29.0,30.43842062145829,-0.6424384,0,31.691095407239285
20220824,174,2022,26.5,28.72280782057521,-0.6648904,0,29.940008451407014
20220824,177,2022,25.3,28.131413704100645,-0.48106882,0,29.639052445164804
20220824,181,2022,24.4,28.392376480500758,-0.4928461,0,29.88140711638227
20220824,184,2022,30.5,31.281976323573666,-0.6390487,0,32.54000686086909
20220824,185,2022,27.4,28.998225256143048,0.101698056,0,31.426635660694163
20220824,188,2022,29.3,28.432431506048207,0.47499955,0,31.45065826660261
20220824,189,2022,28.7,27.682743080021645,0.7141746,0,31.078866468955866
20220824,192,2022,21.6,28.400989059346617,-0.3169666,0,30.16790931827405
20220824,201,2022,26.8,27.490846539103092,-0.69969296,0,28.65305913139501
20220824,202,2022,25.9,28.064754251793936,-0.11739114,0,30.147003728036086
20220824,203,2022,26.3,29.022973251215674,-0.65784836,0,30.25130032161886
20220824,211,2022,25.8,28.290220178304104,0.29598966,0,31.02561132119703
20220824,212,2022,26.0,27.514585504371457,-0.6339215,0,28.78071700430574
20220824,216,2022,18.7,23.2941038230293,-1.048987,0,23.90443179036318
20220824,217,2022,24.0,27.31206539120711,-0.9189993,0,28.127773950887182
20220824,221,2022,24.2,30.38269026733505,-1.1671319,0,30.806349340378006
20220824,226,2022,22.8,28.20108129426742,-0.5320834,0,29.62811701096806
20220824,232,2022,25.2,28.15255264417375,-0.26036185,0,30.008908397047257
20220824,235,2022,26.3,27.787025140209188,0.21386085,0,30.392652766616422
20220824,236,2022,24.9,28.203344248928218,-0.2942039,0,30.006229551758047
20220824,238,2022,23.0,28.30886854938941,-0.66616905,0,29.524048930854455
20220824,239,2022,24.8,28.702202092905754,-0.46987787,0,30.227522536345326
20220824,243,2022,26.1,30.386339330477437,-0.4305831,0,31.9737455252121
20220824,244,2022,23.9,27.45188159025424,-0.50213027,0,28.926243239934465
20220824,245,2022,27.6,30.090340203351257,-0.6346493,0,31.355321822399464
20220824,247,2022,24.4,28.4810744801819,-0.47892937,0,29.992093550854975
20220824,248,2022,23.4,27.353400382399737,-0.57528913,0,28.712171032953528
20220824,252,2022,29.4,30.403535883592365,-0.2931249,0,32.20812599549183
20220824,253,2022,23.7,29.258099604782796,-0.8775735,0,30.139260966644112
20220824,254,2022,25.5,28.34398693825792,-0.3192067,0,30.107367805429295
20220824,255,2022,22.9,29.006388482004155,-0.5024049,0,30.48031617172344
20220824,257,2022,24.3,29.32821692056419,-0.5116272,0,30.78757342517148
20220824,258,2022,26.4,28.313046960593756,-0.10466184,0,30.415408734072827
20220824,259,2022,30.9,30.7099864891794,-0.42785603,0,32.30170144109999
20220824,260,2022,27.5,30.26921635577842,-0.43472174,0,31.850083485867312
20220824,261,2022,29.4,30.6609454950217,-0.20484245,0,32.60502190309807
20220824,262,2022,25.8,28.834095935642367,-0.017777368,0,31.073735169815752
20220824,263,2022,21.8,27.719657655150993,-0.2541137,0,29.585885479171466
20220824,264,2022,22.5,27.62985154724114,-0.5035571,0,29.101958827662486
20220824,266,2022,24.3,28.273143053184636,-0.44433573,0,29.838820077835297
20220824,268,2022,27.9,29.89439180548878,-0.22924927,0,31.79990543711881
20220824,271,2022,21.8,25.077313758340765,-1.2205185,0,25.41662205232717
20220824,272,2022,22.4,26.943217931445,-1.10032,0,27.472439836843456
20220824,273,2022,23.1,27.82718536811818,-0.8374411,0,28.77175592730997
20220824,276,2022,23.9,25.75929277157138,-0.3520629,0,27.470760848801923
20220824,277,2022,23.0,25.50421415804315,-0.10524632,0,27.605652448150487
20220824,278,2022,25.0,28.337233858510448,-0.20593444,0,30.279584927293342
20220824,279,2022,23.3,28.12832579800141,-0.29298002,0,29.93314485014936
20220824,281,2022,20.9,27.29183433862813,-0.35710078,0,28.995342574964926
20220824,283,2022,22.5,27.97204897300723,-0.45802537,0,29.516096370906943
20220824,284,2022,20.9,27.42230845556757,-0.7678492,0,28.476834184913933
20220824,285,2022,21.7,27.579483544088607,-0.27501047,0,29.412694483186097
20220824,288,2022,23.1,28.25006168989127,-0.28705722,0,30.06423875709965
20220824,289,2022,21.9,27.618120907616394,-0.40791783,0,29.24133821666227
20220824,294,2022,23.3,29.03468532245373,-0.43906483,0,30.60869036648496
20220824,295,2022,22.9,28.748462820677616,-0.3857222,0,30.40674923654074
20220825,90,2022,23.5,24.176043676454995,-0.48907402,0,25.67103419864899
20220825,93,2022,22.5,25.369146594257654,-2.1050377,0,24.310914521594434
20220825,95,2022,22.3,25.06706155229547,-1.9442763,0,24.262832422671192
20220825,98,2022,22.3,24.89381514399736,-2.639934,0,22.99044680081107
20220825,99,2022,23.2,25.967600983291323,-1.6710532,0,25.595064449148914
20220825,100,2022,19.1,21.26922947990718,-1.2902269,0,21.498398396776434
20220825,101,2022,23.4,25.42587412368733,-1.738385,0,24.946953359884887
20220825,102,2022,22.4,23.812002899565943,-1.719506,0,23.362910855856274
20220825,104,2022,23.7,24.11000527318471,0.04457069,0,26.448154436761758
20220825,105,2022,26.9,24.821469003478672,0.00512664,0,27.09729657128262
20220825,106,2022,23.2,22.374306349417786,0.2612201,0,25.05476157982082
20220825,108,2022,22.5,25.00694323546332,-2.5830858,0,23.193395186657217
20220825,112,2022,22.2,25.87246193885377,-2.1572835,0,24.731681414766907
20220825,114,2022,23.3,24.843610507325746,-2.039571,0,23.888815729622547
20220825,115,2022,25.0,23.389237450314578,2.1123385,0,28.99445982444396
20220825,119,2022,23.1,25.324788703469533,-0.7018472,0,26.483597610668525
20220825,121,2022,23.9,25.143888492241768,-2.5024464,0,23.457750635925287
20220825,127,2022,24.4,27.049103594327725,-0.29375347,0,28.85270058019245
20220825,129,2022,24.1,25.543157898250946,0.43822712,0,28.503284219495274
20220825,130,2022,23.7,23.91362760012758,0.69720113,0,27.28293286619803
20220825,131,2022,27.5,25.832507076051055,1.3340548,0,30.208041180088426
20220825,133,2022,28.5,28.364496734553324,0.11969431,0,30.821341216605738
20220825,135,2022,26.5,26.228526417567544,1.0792278,0,30.201433825971982
20220825,136,2022,27.4,27.816752555629645,0.7873777,0,31.32853682179165
20220825,137,2022,29.1,27.362491692532174,1.3515763,0,31.76570976749774
20220825,138,2022,29.1,31.59991584298987,-0.542613,0,33.010314732698475
20220825,140,2022,26.2,26.510649830101084,0.6127119,0,29.746462118552365
20220825,143,2022,29.6,29.620035449378722,-0.37360984,0,31.29745937709125
20220825,146,2022,27.5,29.573164836136698,-0.8864795,0,30.440254707233397
20220825,152,2022,28.9,30.10617257264802,-0.2851208,0,31.92340920826155
20220825,155,2022,28.8,27.063136011479834,2.037692,0,32.55041695837838
20220825,156,2022,29.1,31.515017212484796,-0.6527326,0,32.7514271638618
20220825,159,2022,28.0,29.963960495483924,0.07506555,0,32.350291545808446
20220825,162,2022,27.2,28.850057415574888,0.29311082,0,31.580899983781762
20220825,165,2022,26.9,30.49840266878836,-0.47868672,0,32.009805127265466
20220825,168,2022,26.9,29.97571367078012,-0.35243544,0,31.686593152143505
20220825,169,2022,26.5,27.945973627220457,0.24707018,0,30.60407198536292
20220825,170,2022,29.9,29.942124325353916,-0.5698974,0,31.30941388869991
20220825,172,2022,28.0,31.35665677873687,-1.2685237,0,31.620116819949992
20220825,174,2022,28.4,30.193564487642686,-1.0224745,0,30.845782210702428
20220825,177,2022,25.1,25.18951275874289,1.3456681,0,29.583395797430683
20220825,181,2022,25.8,25.898878672897318,1.8989574,0,31.166958796488828
20220825,184,2022,30.4,30.984178614048364,0.11143092,0,33.42796694497892
20220825,185,2022,28.3,27.68678084334527,0.5507531,0,30.82469824387236
20220825,188,2022,29.7,29.90357404056342,0.25348306,0,32.571804746945304
20220825,189,2022,29.0,29.965898874077126,0.09630546,0,32.38578897674979
20220825,192,2022,28.4,30.600354583541126,-0.41950423,0,32.20526538392669
20220825,201,2022,23.9,25.49004950500977,-0.32734415,0,27.240573225321977
20220825,202,2022,22.3,25.311119948457087,-2.272967,0,23.987559406517438
20220825,203,2022,23.8,24.976318202058657,-1.3528575,0,25.106530874936055
20220825,211,2022,21.8,24.88859873618653,-2.430265,0,23.316507591791744
20220825,212,2022,22.1,25.4487458619168,-2.2651253,0,24.137575404243815
20220825,216,2022,21.2,22.422580919060984,-0.7900307,0,23.442059861145385
20220825,217,2022,23.7,25.27329363570233,-1.5484353,0,25.094493289971634
20220825,221,2022,22.6,24.305842401485254,-1.0971899,0,24.84000983062257
20220825,226,2022,26.6,25.167289038976918,2.0117419,0,30.613568680295327
20220825,232,2022,25.8,24.750928997976253,1.6926732,0,29.693080140263593
20220825,235,2022,25.2,25.301217603397053,2.0058715,0,30.73822210395313
20220825,236,2022,27.3,25.23203498152565,1.827868,0,30.387793873751956
20220825,238,2022,27.1,25.38526679084708,2.161565,0,31.068267070440633
20220825,239,2022,26.9,24.85437714707909,2.2879577,0,30.737077739287088
20220825,243,2022,27.6,29.768725515655774,-1.0353436,0,30.400610029677733
20220825,244,2022,26.1,27.70878980058941,0.70421374,0,31.089174983613905
20220825,245,2022,27.8,29.294533016288966,-0.71099544,0,30.43888770414668
20220825,247,2022,27.4,27.439153430538262,1.2018702,0,31.605835827593975
20220825,248,2022,25.9,26.369595070932643,0.9945656,0,30.20873620488487
20220825,252,2022,27.8,29.822413086387833,-0.50001633,0,31.30011475863199
20220825,253,2022,28.9,29.06232695763881,0.7953651,0,32.58673128424469
20220825,254,2022,28.2,28.561922373952488,-0.027133316,0,30.7867792112729
20220825,255,2022,29.5,31.61942375562013,-0.861696,0,32.525671544216365
20220825,257,2022,30.3,31.957777136401063,-0.045516863,0,34.15358796841285
20220825,258,2022,28.1,29.519721881872417,-0.48804083,0,31.01634483938822
20220825,259,2022,29.7,30.061158069398655,-0.4098172,0,31.68137438710008
20220825,260,2022,29.4,29.946892035400957,-0.8402419,0,30.887037295425113
20220825,261,2022,28.2,29.2469887358406,0.49110848,0,32.29066760597027
20220825,262,2022,28.1,30.96994090151822,-1.0970762,0,31.504288017201862
20220825,263,2022,29.6,30.70217971408353,-0.6944531,0,31.872671260404534
20220825,264,2022,29.2,30.233888142175406,-0.71025145,0,31.379418326611336
20220825,266,2022,29.1,28.845512075526653,-0.7306198,0,29.958860286505246
20220825,268,2022,27.2,29.866105764863637,-0.010194741,0,32.117725550071235
20220825,271,2022,24.1,25.442077936830152,-0.6147628,0,26.73848021589728
20220825,272,2022,24.7,27.939908267886732,-1.3422889,0,28.086819358427704
20220825,273,2022,26.7,26.54353080348475,1.5789992,0,31.30607695528976
20220825,276,2022,27.1,28.817094562498447,-0.04528755,0,31.01326771058222
20220825,277,2022,27.5,29.01562761699812,-0.44411978,0,30.581645838901053
20220825,278,2022,27.7,28.021461932631162,-0.12516381,0,30.091430591543432
20220825,279,2022,28.2,30.438226365085054,-0.6415788,0,31.69225934760143
20220825,281,2022,28.2,30.055278389522368,-0.6851207,0,31.24051515698137
20220825,283,2022,30.2,30.09679907926806,-0.4774172,0,31.6102073782851
20220825,284,2022,28.1,28.842344774635368,-0.6432457,0,30.0937440496284
20220825,285,2022,28.9,30.615612386484553,-0.22086826,0,32.534368012495534
20220825,288,2022,29.2,31.05582586845259,-0.076175466,0,33.203196108175405
20220825,289,2022,28.9,30.775954190120977,-0.99221766,0,31.475977763686547
20220825,294,2022,27.5,28.512585526181883,0.331263,0,31.303708551527773
20220825,295,2022,27.3,27.736807173846582,0.9609288,0,31.5228021505341
20220826,90,2022,26.9,27.632263803611984,0.42793107,0,30.57612237101682
20220826,93,2022,26.7,28.352354752430436,0.38936487,0,31.235278720793332
20220826,95,2022,27.9,29.04098406729077,-1.0946907,0,29.57910026838167
20220826,98,2022,26.6,28.712376843197177,-0.43262535,0,30.296556261212743
20220826,99,2022,26.6,28.92457079569009,-0.044302598,0,31.122300167702793
20220826,100,2022,23.7,24.65154137149177,0.24833135,0,27.31163238562674
20220826,101,2022,28.2,30.227596481868957,-0.38575342,0,31.885833549854578
20220826,102,2022,25.2,25.693150470939898,-0.3669043,0,27.38116917134892
20220826,104,2022,25.2,26.701246477986313,1.0862664,0,30.685274863792483
20220826,105,2022,30.6,29.85103945117039,0.21875717,0,32.46440325204185
20220826,106,2022,26.0,28.543503965709554,0.1138041,0,30.991041923068
20220826,108,2022,27.4,27.696070583713855,0.49297944,0,30.742705570639068
20220826,112,2022,26.3,29.71233877593439,-0.2503528,0,31.584508828391336
20220826,114,2022,26.3,28.945215014869692,-0.50547767,0,30.414287777525992
20220826,115,2022,26.4,26.67702551251565,0.5509888,0,29.815315282332136
20220826,119,2022,27.4,30.693547499586217,-0.46037284,0,32.233885895944795
20220826,121,2022,26.0,28.805312502555804,0.2937171,0,31.537112975220722
20220826,127,2022,26.0,29.639782374561662,-0.030298576,0,31.85963810114952
20220826,129,2022,27.6,27.802589673688615,0.87904096,0,31.459201861241155
20220826,130,2022,26.6,27.3967179436629,0.39724174,0,30.292087371391638
20220826,131,2022,27.6,30.258389728699274,0.00454716,0,32.533301717973984
20220826,133,2022,28.0,30.842877058198866,-0.02477558,0,33.07145911876251
20220826,135,2022,25.8,28.98344105428863,0.026848132,0,31.293588578805
20220826,136,2022,28.2,31.355808995135792,-0.1528868,0,33.38197533845529
20220826,137,2022,28.3,30.512918373487835,-0.13756615,0,32.56329133398387
20220826,138,2022,27.0,31.81502020159621,-0.06189043,0,33.984960797300616
20220826,140,2022,26.5,29.50190411024442,0.11785577,0,31.95584370688557
20220826,143,2022,27.6,29.841385306644526,0.18040998,0,32.394160555756265
20220826,146,2022,26.1,30.739980761106793,0.12969069,0,33.21261953048315
20220826,152,2022,27.1,30.893220655437208,0.14255233,0,33.38618081484634
20220826,155,2022,27.7,29.575995928221623,0.09812942,0,31.998767890435225
20220826,156,2022,28.6,32.00240063530702,-0.117483675,0,34.08450390433577
20220826,159,2022,27.9,29.789614249131176,0.049632117,0,32.13576047051865
20220826,162,2022,27.9,28.782557274981237,0.15786883,0,31.29971750638086
20220826,165,2022,27.3,31.442451787151754,0.038222972,0,33.770571559678466
20220826,168,2022,26.7,29.52136112317775,-0.009360138,0,31.774299580908252
20220826,169,2022,26.0,27.251443156071165,0.33706728,0,30.051736928816386
20220826,170,2022,28.0,29.933262656067193,-0.042303458,0,32.1341506689414
20220826,172,2022,27.2,30.447901944752438,0.36521283,0,33.292665689154454
20220826,174,2022,28.0,29.22997703639805,-0.033179343,0,31.445281151145185
20220826,177,2022,27.5,29.265764526393035,0.19555272,0,31.84246530283899
20220826,181,2022,26.8,29.875449888471135,0.08070863,0,32.27069700076327
20220826,184,2022,28.1,27.452945951121986,0.09904047,0,29.87715737161639
20220826,185,2022,25.2,26.126278270706973,0.7390597,0,29.56172005191796
20220826,188,2022,26.2,27.66245016301397,0.3113736,0,30.42214791374934
20220826,189,2022,25.9,26.92331411742583,0.68048596,0,30.266209416550634
20220826,192,2022,28.6,30.873190781368482,0.02178685,0,33.17534148056979
20220826,201,2022,26.3,27.97591419832692,0.052163195,0,30.326059522500575
20220826,202,2022,26.2,28.78735895922966,0.2192135,0,31.401443766494552
20220826,203,2022,27.3,28.63599807046254,0.40581286,0,31.54490986481516
20220826,211,2022,26.4,28.152316923837674,0.2655275,0,30.83957782927046
20220826,212,2022,26.8,28.578952455628702,0.1104185,0,31.021141159571087
20220826,216,2022,24.3,24.258734742338618,0.3477575,0,27.07591905043845
20220826,217,2022,28.4,27.531157675058697,0.31851432,0,30.30213777263874
20220826,221,2022,26.8,28.875974625869784,-0.1213305,0,30.951999912711262
20220826,226,2022,26.0,28.945222121206424,-0.27299133,0,30.781623296991576
20220826,232,2022,27.3,29.582085430504147,-0.09077306,0,31.70639147054091
20220826,235,2022,26.8,28.807196795687485,0.18718015,0,31.37066890356292
20220826,236,2022,27.5,29.805628092612256,0.21713558,0,32.41642978276165
20220826,238,2022,26.7,29.60073204792509,-0.014996201,0,31.844765526948155
20220826,239,2022,26.4,29.294513595113617,0.7842599,0,32.80137173765654
20220826,243,2022,27.3,30.084892255336786,0.18237482,0,32.640771947402584
20220826,244,2022,26.3,29.263867120328307,0.05118336,0,31.61246430788025
20220826,245,2022,27.8,29.968870426533936,0.16259974,0,32.493505495832764
20220826,247,2022,27.4,29.884500465792485,-0.021390289,0,32.11843128535167
20220826,248,2022,26.0,28.314007185677948,0.09111039,0,30.72568908354476
20220826,252,2022,26.8,29.510579735853774,0.23994072,0,32.157413546290584
20220826,253,2022,29.4,31.904057942322403,0.013686597,0,34.19341024241805
20220826,254,2022,27.3,29.22418381753068,0.30367944,0,31.971724803401127
20220826,255,2022,29.3,31.99483424554426,-0.083964646,0,34.12989758136836
20220826,257,2022,30.7,31.42373450346027,0.08774045,0,33.83009189248128
20220826,258,2022,28.5,29.56359895600596,0.12607549,0,32.03052570856142
20220826,259,2022,29.6,31.38800366738071,0.06837922,0,33.76377031655549
20220826,260,2022,28.5,30.671096620166082,0.055362485,0,33.026296823304754
20220826,261,2022,28.6,30.478958773902658,0.13999009,0,32.96787059448132
20220826,262,2022,27.6,30.511341018507537,-0.018141262,0,32.750405300465964
20220826,263,2022,29.0,30.455969745570204,0.0821814,0,32.853543836307395
20220826,264,2022,29.6,29.443434138356423,0.07395557,0,31.828011420207087
20220826,266,2022,29.1,31.554837147405507,-0.1315495,0,33.614716402032826
20220826,268,2022,27.3,29.52695545760609,0.05619401,0,31.883469471465805
20220826,271,2022,25.5,27.22621428981732,0.2206872,0,29.842627535245015
20220826,272,2022,27.1,29.216128539538616,-0.17797989,0,31.2026477951053
20220826,273,2022,27.3,28.859522823528106,0.09884313,0,31.283422441247843
20220826,276,2022,28.8,28.768047368912672,0.20122126,0,31.3537044319678
20220826,277,2022,27.0,28.718960473658488,0.267168,0,31.408813366939558
20220826,278,2022,27.4,29.74214362747238,0.04205127,0,32.07631211131388
20220826,279,2022,28.4,29.265633020710997,0.17683576,0,31.812760998547216
20220826,281,2022,27.5,30.139555395757835,0.096759826,0,32.56016339703775
20220826,283,2022,29.8,30.449128792434074,0.18545823,0,33.0098802689485
20220826,284,2022,27.3,29.40544432573246,0.008807257,0,31.687087267791586
20220826,285,2022,28.0,29.749821313327953,0.15943903,0,32.269462452763804
20220826,288,2022,29.2,30.917031414172662,0.24796693,0,33.576546640286544
20220826,289,2022,28.8,29.55236153636339,-0.022366948,0,31.784749234137646
20220826,294,2022,27.4,31.171104828025722,-0.0073944815,0,33.42714902362119
20220826,295,2022,28.1,29.37995147306635,0.014548965,0,31.670666313734877
20220827,90,2022,23.7,25.738557684978794,0.9511212,0,29.509056674727834
20220827,93,2022,25.0,26.807594033893473,0.257074,0,29.481498427733396
20220827,95,2022,23.2,26.26847052711959,0.265984,0,28.956452721471827
20220827,98,2022,24.4,26.999564108625208,0.10208718,0,29.428589325103403
20220827,99,2022,24.0,26.573172657758008,0.24256633,0,29.22415493895421
20220827,100,2022,22.0,23.164223039986194,0.50568676,0,26.230935596992165
20220827,101,2022,25.6,29.009591322430204,-0.28416803,0,30.828333303745904
20220827,102,2022,22.1,24.443722107472556,0.68636477,0,27.79590592025779
20220827,104,2022,23.5,25.683483701219927,0.47766247,0,28.705917886295776
20220827,105,2022,26.0,26.580684270954922,0.3904831,0,29.465375062848015
20220827,106,2022,23.2,26.3151754418335,0.32595012,0,29.097904101272672
20220827,108,2022,24.4,29.14355157545666,-0.29496306,0,30.94523741408456
20220827,112,2022,23.7,28.030203139067908,0.0030002706,0,30.30267104286383
20220827,114,2022,23.6,28.70226841948068,-0.078818396,0,30.8454628305082
20220827,115,2022,22.2,25.18252144166501,1.0328935,0,29.082220708742543
20220827,119,2022,25.0,29.333623879749116,-0.2571514,0,31.195052151805783
20220827,121,2022,25.2,27.921630341064144,0.15379447,0,30.432353075920837
20220827,127,2022,25.2,29.15661979227398,-0.115466386,0,31.241910378554888
20220827,129,2022,23.9,26.14384263508673,0.45471245,0,29.130015783170506
20220827,130,2022,23.8,25.82947107671066,0.6423682,0,29.112140304954575
20220827,131,2022,25.8,29.22477909889196,-0.14203978,0,31.268083729338482
20220827,133,2022,25.4,29.785409372285656,-0.32613808,0,31.5378386834897
20220827,135,2022,23.7,27.33822525686036,0.14939484,0,29.84199658035059
20220827,136,2022,26.2,29.623100795507813,-0.089345664,0,31.74966212301301
20220827,137,2022,26.5,29.12992563194874,-0.12139079,0,31.20585566043508
20220827,138,2022,27.5,26.73878293000963,-0.39639455,0,28.380207016032095
20220827,140,2022,25.8,26.43761734363722,1.0681881,0,30.393081972500642
20220827,143,2022,27.4,28.269689660360736,-0.7445055,0,29.361098407723915
20220827,146,2022,25.4,25.470900179752398,1.2312245,0,29.683962424334663
20220827,152,2022,27.4,29.008539302369492,-0.6865734,0,30.1914808284726
20220827,155,2022,28.9,29.041531857773226,-0.5864581,0,30.3826555566516
20220827,156,2022,25.8,25.922122453323613,0.8782433,0,29.577474386493066
20220827,159,2022,28.8,28.762797536768087,-0.4545754,0,30.312295897449708
20220827,162,2022,27.6,28.359333266404594,0.15358129,0,30.869719183162264
20220827,165,2022,25.3,29.828429223985978,-1.6518141,0,29.48629041733304
20220827,168,2022,28.4,28.04669834770689,0.37503472,0,30.906980681128683
20220827,169,2022,24.5,26.507244051410158,0.20580624,0,29.100145387591407
20220827,170,2022,28.8,29.29533790330496,-0.6767099,0,30.49386375281429
20220827,172,2022,25.3,26.629018648534156,1.4164836,0,31.13479027708096
20220827,174,2022,25.5,26.30129946296967,-0.55922306,0,27.685454511030173
20220827,177,2022,24.5,27.844997833673837,0.03770879,0,30.172305196754902
20220827,181,2022,24.1,27.99772429035847,0.033230066,0,30.317955271398557
20220827,184,2022,30.0,31.007653126526385,-0.41596746,0,32.61815200898707
20220827,185,2022,26.8,29.422860470671736,-0.08733994,0,31.552590845413377
20220827,188,2022,28.8,29.622056750108605,-0.08086178,0,31.76202261862943
20220827,189,2022,28.4,29.805111947957663,-0.1411903,0,31.849758741788143
20220827,192,2022,27.6,29.749835013863503,-0.92393494,0,30.557745290443446
20220827,201,2022,23.9,25.9390381995898,0.27295047,0,28.63802741918389
20220827,202,2022,24.7,26.743154767241055,0.41869533,0,29.672420865907334
20220827,203,2022,25.4,28.73567957625308,-0.08539052,0,30.868490026079883
20220827,211,2022,24.1,26.136065330059502,0.6745714,0,29.469615610320627
20220827,212,2022,24.4,26.329041778515744,0.39767715,0,29.225099157094018
20220827,216,2022,24.1,25.074128182129964,0.74428225,0,28.5178216065218
20220827,217,2022,25.6,26.06470914454769,0.58470416,0,29.256269194725352
20220827,221,2022,24.7,29.051788906779088,-0.07777968,0,31.196624487891082
20220827,226,2022,24.6,27.888193126682292,0.15424082,0,30.399621093563177
20220827,232,2022,24.7,27.825259162479608,0.04921241,0,30.170742248219305
20220827,235,2022,25.5,27.203962545045222,0.2244349,0,29.826297159071856
20220827,236,2022,25.5,28.17598434032213,0.07868801,0,30.568038873315057
20220827,238,2022,24.7,27.091511927187277,0.3212127,0,29.866755483615318
20220827,239,2022,24.8,29.33868837942946,-0.16415016,0,31.347058597336975
20220827,243,2022,24.8,26.285254103699586,1.0724381,0,30.24743381091689
20220827,244,2022,24.5,26.483817375088062,0.3596546,0,29.31979912788909
20220827,245,2022,24.9,26.385659331794805,0.3238421,0,29.16505733911625
20220827,247,2022,25.6,24.589987084705427,1.6655104,0,29.4892210183212
20220827,248,2022,23.6,26.07326015912253,0.008425038,0,28.354299195935994
20220827,252,2022,24.7,25.69283900995554,2.01454,0,31.143539618376
20220827,253,2022,28.5,30.26271844391688,-1.019039,0,30.920364245151212
20220827,254,2022,25.3,26.236218433568578,0.013414949,0,28.525141529557892
20220827,255,2022,28.5,30.87772478477533,-1.0336008,0,31.5123629857022
20220827,257,2022,30.1,30.048386137517024,-0.6222638,0,31.332936826904433
20220827,258,2022,27.9,26.908853008391862,-0.32022628,0,28.670622959306332
20220827,259,2022,28.2,30.519358991065367,-0.9681077,0,31.257476300802658
20220827,260,2022,27.8,29.54318250858051,-0.96847653,0,30.28071706132165
20220827,261,2022,27.7,29.91653141936375,-0.76551414,0,30.97474656178079
20220827,262,2022,27.0,29.390415318933073,-0.42975193,0,30.979134741678866
20220827,263,2022,28.5,30.37857721831787,-0.777341,0,31.418105901670426
20220827,264,2022,26.0,24.95058579557963,0.28752,0,27.67259485827522
20220827,266,2022,28.4,28.604418782705714,-0.9852222,0,29.315495150727767
20220827,268,2022,24.8,28.52518359734821,0.21836634,0,31.137929890523516
20220827,271,2022,25.2,26.04755684444657,0.3393248,0,28.851417508146763
20220827,272,2022,24.9,28.201457778504498,0.050151084,0,30.548423966908548
20220827,273,2022,25.0,27.49567055575472,0.2775783,0,30.201971736999656
20220827,276,2022,27.0,27.622120855064882,0.17175654,0,30.161223657866103
20220827,277,2022,25.5,26.190255066351178,0.57901204,0,29.372821560029358
20220827,278,2022,26.9,26.644487540949623,0.25887543,0,29.32123819605244
20220827,279,2022,26.4,27.495696189327457,-0.088890955,0,29.622975956948107
20220827,281,2022,27.1,27.422273731344376,-0.6200366,0,28.710343376439333
20220827,283,2022,27.5,26.601527420724768,-0.7901391,0,27.620835152043327
20220827,284,2022,26.5,27.30064816411798,-0.6217915,0,28.585945098889606
20220827,285,2022,26.6,27.344312789253113,-0.39988813,0,28.98021702323338
20220827,288,2022,27.2,27.7491582595954,-0.23023546,0,29.653113713158223
20220827,289,2022,27.7,25.43363307410493,-0.12368083,0,27.50594483898901
20220827,294,2022,27.9,28.754371668048428,-0.42010388,0,30.358335017438545
20220827,295,2022,28.1,27.354229757360002,0.09203041,0,29.767365286896098
20220828,90,2022,24.7,26.878678609301897,0.68487024,0,30.22850106964344
20220828,93,2022,26.3,28.333894402709493,0.20906782,0,30.93194903697071
20220828,95,2022,25.2,27.9750382913166,-0.037249617,0,30.183911372303427
20220828,98,2022,26.7,28.101588028580142,-0.30617973,0,29.885551528173963
20220828,99,2022,26.0,27.216907810544598,-0.07872848,0,29.360244285070614
20220828,100,2022,20.2,23.599825343598233,0.8441186,0,27.20126020018001
20220828,101,2022,26.7,29.87586638774527,-0.2928617,0,31.68087237794063
20220828,102,2022,23.7,24.691313491105756,0.7755326,0,28.184382480549623
20220828,104,2022,23.9,26.984039635074105,0.38518846,0,29.860364878714137
20220828,105,2022,26.8,28.029607078416355,0.37648052,0,30.89217377594242
20220828,106,2022,23.5,26.7655214689823,0.22034308,0,29.381391016635586
20220828,108,2022,26.7,29.526761557329174,-1.1062876,0,30.04655462781247
20220828,112,2022,26.6,28.866158482792127,-0.64854395,0,30.109186511924104
20220828,114,2022,25.6,26.827565219061373,1.6037353,0,31.629194513146963
20220828,115,2022,23.5,25.765261391321488,0.80386996,0,29.303103408662235
20220828,119,2022,27.1,29.862973255041062,-1.261364,0,30.13774563794425
20220828,121,2022,25.7,28.264610536668915,0.19859569,0,30.846119199596153
20220828,127,2022,26.6,29.24734125141936,-0.4184609,0,30.853900496934315
20220828,129,2022,27.2,28.544203958348792,-1.359435,0,28.66402419424499
20220828,130,2022,25.0,26.18823956365112,0.4850454,0,29.22233877706063
20220828,131,2022,27.5,29.365983733488452,-0.7558266,0,30.439505193711735
20220828,133,2022,27.4,29.50316207731394,-1.0139217,0,30.168893208080895
20220828,135,2022,24.5,28.18868891874495,-0.25076854,0,30.06020209821415
20220828,136,2022,27.0,29.885204248077326,-0.24524933,0,31.765437781388304
20220828,137,2022,26.7,29.81928662189367,-0.7557049,0,30.893000388158672
20220828,138,2022,24.8,29.808894959028063,-0.11583042,0,31.893610369427588
20220828,140,2022,26.8,27.065508137157654,-0.9261768,0,27.869876290896716
20220828,143,2022,26.6,29.887073938754845,-0.2652852,0,31.735650808648007
20220828,146,2022,27.6,29.450622513072148,-1.7039081,0,29.026175213758687
20220828,152,2022,25.1,30.546302449199796,-0.36888963,0,32.23118431033822
20220828,155,2022,27.3,26.60398995764063,1.4904052,0,31.226557652948447
20220828,156,2022,27.6,28.72552272614702,-0.28180763,0,30.547994145052364
20220828,159,2022,25.9,28.023491482795166,0.24908961,0,30.684780548501983
20220828,162,2022,27.1,27.877593033960917,0.7757112,0,31.370944172719664
20220828,165,2022,25.5,27.52238969022544,0.85367966,0,31.138931024544643
20220828,168,2022,25.0,28.182366727501456,0.75554645,0,31.64385759576002
20220828,169,2022,22.5,25.47820147884519,1.6936736,0,30.42193326001803
20220828,170,2022,25.3,28.309991317243117,0.30148616,0,31.05406693317376
20220828,172,2022,27.5,28.270899509470365,-0.7687676,0,29.323974185197343
20220828,174,2022,25.1,26.760981004284385,1.7085191,0,31.728168660377115
20220828,177,2022,26.8,28.355930215530012,-1.49229,0,28.265839460234346
20220828,181,2022,26.2,28.904469820312425,-0.6744435,0,30.106576592902194
20220828,184,2022,27.0,29.574056630451906,-0.514487,0,31.028894602306202
20220828,185,2022,26.4,29.331022449103543,-0.32963106,0,31.077932850018776
20220828,188,2022,28.0,29.706893135470672,-0.63008094,0,30.97909272918166
20220828,189,2022,27.7,29.575229716691958,-0.39792028,0,31.214243149480893
20220828,192,2022,26.8,27.9251589664449,1.8408164,0,33.101376320909516
20220828,201,2022,25.5,26.853863278407218,-0.77941895,0,27.890108821100444
20220828,202,2022,25.6,27.09536951740476,1.1306585,0,31.149537435300164
20220828,203,2022,27.1,29.482618196177807,-0.92448664,0,30.289656785822327
20220828,211,2022,26.3,27.56590683428389,0.46577996,0,30.569566647616536
20220828,212,2022,26.6,27.77765728128229,0.17382118,0,30.3200222236423
20220828,216,2022,21.7,24.424707888691916,1.0595442,0,28.366515209930522
20220828,217,2022,27.5,27.266138015007613,0.51594484,0,30.349058336162294
20220828,221,2022,25.4,29.632545252207183,-0.42720106,0,31.22529504983758
20220828,226,2022,25.0,28.53869742344679,-0.40249375,0,30.170484782493816
20220828,232,2022,26.5,28.634702674448274,-0.5003183,0,30.11192725442635
20220828,235,2022,26.6,27.779025185035067,-0.98481405,0,28.490746465776844
20220828,236,2022,26.9,28.215591522687305,-0.94777393,0,28.985836184185462
20220828,238,2022,27.0,28.843028340278888,-0.72901917,0,29.958905535804146
20220828,239,2022,26.7,29.142239433693163,-0.92216015,0,29.952953875159583
20220828,243,2022,27.4,29.33977902347699,-1.9547989,0,28.51892417955065
20220828,244,2022,25.1,28.414802903227866,-1.1348464,0,28.889472990255502
20220828,245,2022,28.1,29.38854572250002,-1.6987828,0,28.972196372214576
20220828,247,2022,26.1,27.558653216914514,-0.16036016,0,29.573011644367643
20220828,248,2022,24.4,27.736341383372103,-1.1139842,0,28.24397378071392
20220828,252,2022,26.7,27.36240568754165,-1.0847105,0,27.916290607352032
20220828,253,2022,26.3,27.49435342766564,1.4469252,0,32.0482226619177
20220828,254,2022,27.3,28.366327410783953,-1.4264544,0,28.38025689579514
20220828,255,2022,27.9,27.567294372509867,0.80440974,0,31.10598924171829
20220828,257,2022,27.8,27.905640639633603,1.210401,0,32.08580178787187
20220828,258,2022,25.5,26.40849781701293,1.8697706,0,31.63046291413044
20220828,259,2022,25.1,26.185128500398257,1.0184423,0,30.061994768246358
20220828,260,2022,24.8,25.9240643999279,1.1575314,0,30.020691457647217
20220828,261,2022,24.4,26.05240225425321,1.5471827,0,30.764678363638787
20220828,262,2022,24.7,26.60089372565715,1.4461576,0,31.153550169896857
20220828,263,2022,26.7,26.423037501497518,1.8319088,0,31.58518091663871
20220828,264,2022,26.3,27.024447005621685,0.55463254,0,30.168493902246336
20220828,266,2022,26.9,28.642710747716592,-0.28293017,0,30.46340856246735
20220828,268,2022,24.7,25.977503291047945,1.7187315,0,30.960826572979908
20220828,271,2022,24.8,26.72384773128798,0.4014611,0,29.625883737071145
20220828,272,2022,25.5,28.87347354305244,-0.2501848,0,30.745909028701636
20220828,273,2022,26.0,28.00666721775117,0.13039082,0,30.48041219420027
20220828,276,2022,25.9,27.30748019877483,0.39311668,0,30.196332033835038
20220828,277,2022,25.2,27.378158783414435,0.28176618,0,30.091076818134944
20220828,278,2022,28.1,28.925392816439054,-0.110846296,0,31.01798314512061
20220828,279,2022,26.6,30.048870140243427,-0.4673628,0,31.578164406276684
20220828,281,2022,25.8,28.80462848288191,-0.14651069,0,30.84086906825683
20220828,283,2022,27.0,28.415170083884632,0.122168705,0,30.87592411386204
20220828,284,2022,25.2,27.94103636966867,-1.0107923,0,28.6117120824211
20220828,285,2022,26.5,27.736462998719954,-0.19963033,0,29.68877454574906
20220828,288,2022,28.1,31.39925287311598,-0.64160573,0,32.653243288379244
20220828,289,2022,26.3,27.247404857384474,0.42420912,0,30.185382739936706
20220828,294,2022,26.0,27.355118984257533,0.47426754,0,30.372189177476805
20220828,295,2022,26.5,28.709721927246225,-0.29885748,0,30.505254584678866
20220829,90,2022,22.4,24.167769016096013,0.50618076,0,27.2352620983095
20220829,93,2022,20.6,25.48024237908938,-1.547122,0,25.303517092772594
20220829,95,2022,20.4,25.48330750958128,-2.0167994,0,24.564491854993623
20220829,98,2022,20.4,25.109921445372205,-1.864663,0,24.43148137395639
20220829,99,2022,21.7,25.413555810483242,-1.6900975,0,25.010929313858384
20220829,100,2022,16.6,21.192899678649454,-1.2157679,0,21.539713935484524
20220829,101,2022,21.2,24.966914574284807,-1.4801203,0,24.896051974602084
20220829,102,2022,17.1,23.98622521667183,-2.3025475,0,22.61592771432111
20220829,104,2022,21.3,23.707152174423854,-0.41154447,0,25.324639384983787
20220829,105,2022,23.0,24.406024947940264,-0.12343304,0,26.478728223251345
20220829,106,2022,22.0,23.184626741864022,0.0915221,0,25.596959132339382
20220829,108,2022,21.5,24.93191507012599,-1.0101079,0,25.60367210411789
20220829,112,2022,21.3,25.734665019057893,-1.64919,0,25.39667237586855
20220829,114,2022,19.4,24.562045161943956,-1.5945034,0,24.310457261949193
20220829,115,2022,23.7,22.77546659354723,0.8998959,0,26.465029602022618
20220829,119,2022,21.3,25.136321189979537,-0.8984281,0,25.984532295970034
20220829,121,2022,19.3,24.728066482019994,-2.1457157,0,23.605563130975426
20220829,127,2022,20.2,25.10950417216042,-1.9786897,0,24.25090196895826
20220829,129,2022,20.9,25.242920442961275,-1.8468281,0,24.592659516404776
20220829,130,2022,23.7,23.44874040341509,0.31475383,0,26.213778931786035
20220829,131,2022,21.2,25.494896711317732,-1.7214739,0,25.042695374624056
20220829,133,2022,19.5,25.725568914069775,-1.795764,0,25.155989318670958
20220829,135,2022,18.7,24.71991963277914,-1.6048273,0,24.452019999061687
20220829,136,2022,20.6,25.411694475402328,-1.5532534,0,25.22528156033951
20220829,137,2022,19.2,24.766023035673353,-1.6180224,0,24.477275053815188
20220829,138,2022,24.7,24.191774689174483,-1.3135846,0,24.38403855099765
20220829,140,2022,20.4,25.425733932829374,-1.1305493,0,25.9071934967285
20220829,143,2022,23.9,24.76257859036489,-0.89379394,0,25.61811164059214
20220829,146,2022,22.1,25.545608119867037,-0.9413167,0,26.326055172512806
20220829,152,2022,24.7,25.256785759712365,1.5131454,0,29.915283041907543
20220829,155,2022,25.3,24.99080980315194,2.8348508,0,31.737601524662914
20220829,156,2022,22.4,25.92495214185443,-0.7247777,0,27.047530854484787
20220829,159,2022,28.4,26.133078113841286,1.1716855,0,30.252068612551053
20220829,162,2022,26.9,25.271451183175913,2.2201874,0,31.047074791932065
20220829,165,2022,25.0,25.199590556537824,0.20733924,0,27.79491403534393
20220829,168,2022,24.8,26.12254048381271,2.9382873,0,33.03276182797383
20220829,169,2022,23.4,25.308366619467712,-1.8445257,0,24.661743497896257
20220829,170,2022,26.5,24.268588627176463,1.6113367,0,29.082228102212216
20220829,172,2022,23.3,25.60354420738897,-0.75638044,0,26.676190590364637
20220829,174,2022,24.1,25.5597882578283,-0.03377711,0,27.774147899875075
20220829,177,2022,20.2,25.790386068873318,-2.2191322,0,24.551884692888258
20220829,181,2022,20.2,25.483669105608925,-1.773363,0,24.949483051069333
20220829,184,2022,27.1,27.819460631989546,0.8401538,0,31.414631133388674
20220829,185,2022,27.9,27.81942772700581,0.08457935,0,30.22079057402414
20220829,188,2022,27.7,29.327564781052843,0.09329625,0,31.742700335801704
20220829,189,2022,27.7,28.320635215464605,1.2468259,0,32.558347666612725
20220829,192,2022,24.4,25.16318188055461,1.6619223,0,30.056746647128602
20220829,201,2022,21.9,26.10767782088606,-3.332203,0,23.110524697197448
20220829,202,2022,20.5,24.821736254195923,-1.2499657,0,25.114517975478016
20220829,203,2022,20.0,24.84954927541359,-1.6714244,0,24.47642621726148
20220829,211,2022,20.9,25.237095459441132,-0.9148741,0,26.059321894315755
20220829,212,2022,20.1,24.89401408792081,-0.99504125,0,25.589576387339346
20220829,216,2022,17.7,22.176000347156073,-1.1589054,0,22.612657312101952
20220829,217,2022,19.5,24.437054267154366,-1.6376448,0,24.117303010378595
20220829,221,2022,18.9,24.38343887939067,-2.7773955,0,22.262881486483614
20220829,226,2022,18.5,25.977784182586426,-2.426653,0,24.411400063719594
20220829,232,2022,20.6,25.26817128228753,-2.1992269,0,24.061120325728435
20220829,235,2022,20.2,25.02127953561623,-2.574201,0,23.221769262803473
20220829,236,2022,19.2,25.783960362543105,-1.3303118,0,25.9497952340022
20220829,238,2022,20.1,24.576481187084013,-1.3647667,0,24.687877250578783
20220829,239,2022,18.9,25.331379615695926,-1.8056375,0,24.74619987543398
20220829,243,2022,22.5,26.011359977185304,-0.83437383,0,26.960776799308917
20220829,244,2022,21.1,24.727962671409635,-1.1361923,0,25.20050627928841
20220829,245,2022,23.1,26.807812892475056,-1.0333976,0,27.442772231307043
20220829,247,2022,22.7,24.48317497492395,-1.1196588,0,24.981841503315877
20220829,248,2022,20.5,25.035039780983027,-1.2982377,0,25.25155172067561
20220829,252,2022,23.0,26.565038611663372,-0.41808835,0,28.172186500133154
20220829,253,2022,27.1,25.133923295862292,2.5450516,0,31.42283226018638
20220829,254,2022,22.9,25.84520015631735,-1.7928704,0,25.280192396913254
20220829,255,2022,25.8,25.165844701508966,2.934969,0,32.070823116211464
20220829,257,2022,28.2,25.072851788955855,3.0944107,0,32.22974810469748
20220829,258,2022,26.8,27.13964323111089,0.58171415,0,30.32647906959574
20220829,259,2022,27.1,26.019135061228166,0.5476342,0,29.15212454880474
20220829,260,2022,26.6,26.82358871222346,0.32416028,0,29.603489427503128
20220829,261,2022,27.0,25.64502139782438,0.41111192,0,28.562305709405123
20220829,262,2022,25.5,26.498254026532628,1.0665846,0,30.45118515043313
20220829,263,2022,24.5,25.678134493915305,2.4682193,0,31.845648432986092
20220829,264,2022,23.1,24.8563589333438,-0.7006401,0,26.01707507950306
20220829,266,2022,25.2,25.80418676415397,1.6890951,0,30.740684560856444
20220829,268,2022,26.8,25.026378482138423,0.8996537,0,28.715558762037155
20220829,271,2022,20.2,22.994432466008274,-1.4605646,0,22.95446785321444
20220829,272,2022,19.5,24.493082821305663,-1.626888,0,24.190327199562546
20220829,273,2022,19.7,25.211200069128395,-2.1058877,0,24.15162505613467
20220829,276,2022,21.8,24.924289815100135,-1.0306777,0,25.56354656298974
20220829,277,2022,22.8,24.857480651648498,-0.37677366,0,26.529905752380433
20220829,278,2022,20.7,25.405596714728034,-1.118681,0,25.90580828372741
20220829,279,2022,20.7,25.176672192279447,-1.4227874,0,25.196395532480913
20220829,281,2022,23.0,23.85008703247771,-0.34013632,0,25.580399124114454
20220829,283,2022,24.6,25.056177863680947,0.6576904,0,28.363056181204037
20220829,284,2022,21.4,24.683987939462334,-0.587651,0,26.023226813111066
20220829,285,2022,23.2,25.21733655690267,0.6596066,0,28.527242423215736
20220829,288,2022,25.8,25.90024517969488,2.4715126,0,32.072962494582015
20220829,289,2022,22.8,25.396343263327694,0.3214852,0,28.17201734231681
20220829,294,2022,26.4,28.79480643099228,1.3741958,0,33.2337632936089
20220829,295,2022,25.0,25.170707630553135,2.5915692,0,31.533114419546106
20220830,90,2022,19.2,24.687701912145478,-2.1516335,0,23.55584845676894
20220830,93,2022,18.8,25.240772182632462,-3.5352628,0,21.92278439841376
20220830,95,2022,18.6,24.35499826327225,-4.0649834,0,20.20005201824575
20220830,98,2022,19.0,24.282958181997373,-2.6670372,0,22.336766805478256
20220830,99,2022,18.5,24.62758598815939,-3.05789,0,22.063847361846268
20220830,100,2022,16.7,21.20938218489157,-1.7031759,0,20.786091735439257
20220830,101,2022,19.2,24.7028814332347,-3.8581617,0,20.87471344271717
20220830,102,2022,19.9,22.949491980500753,-2.1769872,0,21.777579726334235
20220830,104,2022,19.1,23.69205729692441,-1.509631,0,23.57456773362627
20220830,105,2022,21.0,24.869147270144502,-1.5356377,0,24.710567123045095
20220830,106,2022,19.4,23.49887889043309,-3.2357497,0,20.65412180670725
20220830,108,2022,19.3,24.759003869486797,-4.3145027,0,20.209817054391937
20220830,112,2022,19.4,24.206417235091198,-4.095693,0,20.00294959533508
20220830,114,2022,19.2,24.626206083408317,-3.3527813,0,21.59653911236863
20220830,115,2022,18.9,23.509433475119533,-2.3090615,0,22.128843738348035
20220830,119,2022,19.9,25.328175620902208,-3.7148569,0,21.726429253614658
20220830,121,2022,18.7,24.894218373796303,-3.80398,0,21.151657273003504
20220830,127,2022,19.1,25.6388063563465,-3.2116609,0,22.832109670722463
20220830,129,2022,19.8,25.43396461757399,-4.2676277,0,20.95884030247913
20220830,130,2022,19.8,24.02168896155444,-3.3277795,0,21.03152477810478
20220830,131,2022,19.8,25.679875398962796,-3.1078877,0,23.03714023830214
20220830,133,2022,20.0,25.428211535523957,-2.342432,0,23.994896416901263
20220830,135,2022,18.7,24.984257851545653,-2.8352096,0,22.772354147069382
20220830,136,2022,20.2,24.804704791982974,-1.3965589,0,24.865869236596517
20220830,137,2022,19.5,25.876963837673202,-3.4880147,0,22.633628091075046
20220830,138,2022,20.7,26.033242471503186,-2.307631,0,24.65491294286157
20220830,140,2022,19.9,25.716125543048655,-2.8648512,0,23.457388065913083
20220830,143,2022,20.5,26.81904383794798,-2.557166,0,25.046448876948578
20220830,146,2022,23.6,25.43027295568237,-1.8820456,0,24.72436834187764
20220830,152,2022,21.3,24.38928414654953,-2.5897703,0,22.56517452185384
20220830,155,2022,21.2,28.424819604981966,-3.3893197,0,25.33742202118746
20220830,156,2022,26.7,25.040837084498396,-0.6761395,0,26.24026419199951
20220830,159,2022,24.7,26.82060785852028,-2.1983488,0,25.61494429305158
20220830,162,2022,25.6,25.589568015853427,-0.97899663,0,26.310480809656728
20220830,165,2022,28.5,24.804883414579226,2.1293695,0,30.43701469659893
20220830,168,2022,21.6,26.16239720330147,-2.300293,0,24.795661788963447
20220830,169,2022,24.3,24.400856588246995,-1.6948954,0,23.99064935355451
20220830,170,2022,26.8,26.363007086463707,0.80586255,0,29.903997385378702
20220830,172,2022,26.7,25.202030065306634,-1.5232444,0,25.063031419691143
20220830,174,2022,22.7,25.919033860708446,-3.2398858,0,23.067741761876402
20220830,177,2022,19.8,25.2033098550777,-4.232778,0,20.783247977040332
20220830,181,2022,19.0,25.433940924055698,-3.3010082,0,22.48607540565273
20220830,184,2022,30.1,28.011651573396925,0.71889377,0,31.415231200600953
20220830,185,2022,29.7,24.958346636693005,2.8007438,0,31.651249345867246
20220830,188,2022,31.9,30.152247297764053,-0.32839763,0,31.90110651605161
20220830,189,2022,29.5,29.49780183187781,-0.25578067,0,31.361395854199596
20220830,192,2022,21.1,27.380482859405184,-2.9041502,0,25.05965294452547
20220830,201,2022,19.2,24.426575008285436,-1.6262603,0,24.124811241209983
20220830,202,2022,18.9,25.136053806981895,-3.7075121,0,21.545912101635874
20220830,203,2022,19.2,25.139837335066513,-3.4875908,0,21.89717136347751
20220830,211,2022,18.0,24.128527207776834,-2.8182356,0,21.943442379567042
20220830,212,2022,18.6,24.011225302819653,-3.0497618,0,21.460329179100523
20220830,216,2022,17.0,21.929400331400792,-3.804981,0,18.185257838319785
20220830,217,2022,18.4,24.32733094674395,-3.1561224,0,21.608384958255836
20220830,221,2022,18.3,25.365312441035545,-2.771684,0,23.253779305788402
20220830,226,2022,20.0,25.522152024891916,-2.1935096,0,24.324134366825252
20220830,232,2022,19.7,25.18910329271108,-3.7729604,0,21.495553298409373
20220830,235,2022,20.1,25.48268550671303,-3.8329344,0,21.694376663267338
20220830,236,2022,19.5,25.02118268283994,-2.4558637,0,23.408645490662252
20220830,238,2022,20.4,25.680707137898168,-2.1430125,0,24.562474826816366
20220830,239,2022,19.4,25.891586767866965,-3.1277637,0,23.217447522047006
20220830,243,2022,21.6,25.772381041185028,-1.143917,0,26.23271971351311
20220830,244,2022,23.6,25.37827768786044,-2.7301698,0,23.332336922646558
20220830,245,2022,23.7,25.307946799157346,-2.573301,0,23.50985857395964
20220830,247,2022,24.4,26.66941740617528,-1.7091274,0,26.236723549149268
20220830,248,2022,23.1,24.946130476098045,-2.5993972,0,23.106810404090954
20220830,252,2022,27.2,24.909764911606327,-1.847615,0,24.258260682227714
20220830,253,2022,23.8,25.480132573873867,-2.9520872,0,23.083562331159072
20220830,254,2022,26.0,24.526158097896026,-0.67496526,0,25.72744045957042
20220830,255,2022,22.5,26.822792923158676,-3.1039932,0,24.186211179131625
20220830,257,2022,23.5,26.359427272287018,-2.9434996,0,23.976425435677264
20220830,258,2022,24.3,26.412128383568646,-2.4520118,0,24.805677178482025
20220830,259,2022,26.9,25.024428447230775,0.620173,0,28.272029227884815
20220830,260,2022,26.9,24.945678170689458,-0.25076103,0,26.817203216251336
20220830,261,2022,28.9,24.736570559212403,2.3045514,0,30.645489189025685
20220830,262,2022,23.4,27.14497590816368,-2.1580412,0,26.002998227170686
20220830,263,2022,21.2,25.709642821701415,-2.797912,0,23.55666952379558
20220830,264,2022,22.8,26.338730388000634,-2.1631973,0,25.188606163504833
20220830,266,2022,23.1,27.737078281636382,-3.3518934,0,24.708814146442645
20220830,268,2022,27.4,24.720827762851414,3.2209315,0,32.07762705653646
20220830,271,2022,19.2,23.77773849146717,-3.365369,0,20.72818281898858
20220830,272,2022,19.7,25.30212365957505,-3.8349493,0,21.51063131297842
20220830,273,2022,19.7,24.708341561402666,-3.4033923,0,21.598709180130438
20220830,276,2022,20.8,24.548040939249248,-1.0560099,0,25.147272791470822
20220830,277,2022,20.3,24.89401725643016,-2.8470292,0,22.663438582280733
20220830,278,2022,21.2,26.027212520084145,-1.621822,0,25.732461237082333
20220830,279,2022,19.7,25.40906458061074,-3.0389113,0,22.875312135556772
20220830,281,2022,19.5,26.180558088422988,-2.7100098,0,24.16647005968219
20220830,283,2022,20.0,26.94884169778415,-2.8919497,0,24.647288721342854
20220830,284,2022,20.8,25.903558656042094,-3.204055,0,23.10887912034329
20220830,285,2022,19.8,28.417435119375842,-3.444432,0,25.242960003766758
20220830,288,2022,21.6,26.89257569310592,-2.9956326,0,24.427203584813427
20220830,289,2022,21.5,27.675460216917003,-3.480688,0,24.443700502957395
20220830,294,2022,24.4,25.477135850061355,-1.9014063,0,24.740641391076114
20220830,295,2022,21.0,25.583814029921363,-3.164239,0,22.85204399720565
20230824,90,2023,22.7,23.338695108326874,-0.76872206,0,24.391841734012655
20230824,93,2023,23.5,25.545029759312907,-0.94597936,0,26.318109851910002
20230824,95,2023,23.6,26.23767103705945,-0.85201967,0,27.15920743849825
20230824,98,2023,25.2,26.695815642049027,-0.7121649,0,27.838322609760564
20230824,99,2023,25.5,26.345018788992984,-0.5001153,0,27.822564130174825
20230824,100,2023,22.2,20.531077182877684,0.05675158,0,22.888472154057734
20230824,101,2023,22.9,24.8638644665607,-0.9020139,0,25.70640998417229
20230824,102,2023,26.3,24.137586476139976,0.04784439,0,26.480908090706507
20230824,104,2023,23.3,23.2224011539048,-0.76865816,0,24.275648735553716
20230824,105,2023,24.5,25.26484079169319,-0.56700766,0,26.636696163812225
20230824,106,2023,22.7,22.755399982641972,0.18210876,0,25.31085929953945
20230824,108,2023,27.4,29.673670427464547,-0.11539157,0,31.759079227339416
20230824,112,2023,26.5,25.25210495294246,-0.048702694,0,27.44288217195791
20230824,114,2023,27.5,26.754803193868124,-0.111652136,0,28.846120295513682
20230824,115,2023,27.3,23.636028955991513,0.707273,0,27.021247782452438
20230824,119,2023,27.8,28.505647077629675,-0.02932378,0,30.727042980080146
20230824,121,2023,25.5,24.661769030766884,0.35394186,0,27.488724642401227
20230824,127,2023,28.1,24.978268005329852,1.2366502,0,29.199902842647404
20230824,129,2023,30.5,29.769746082749464,-0.18182246,0,31.75019406612176
20230824,130,2023,24.2,24.010439682752924,-0.13326307,0,26.06761151411049
20230824,131,2023,28.4,26.02492782815903,0.74991417,0,29.47751969195821
20230824,133,2023,27.4,24.862379379535117,0.98099566,0,28.680079990816598
20230824,135,2023,25.7,25.3516514798673,-0.5630666,0,26.729733725384165
20230824,136,2023,28.8,24.743076189533124,0.43387583,0,27.696327475610712
20230824,137,2023,25.0,25.39436625789785,-0.3405647,0,27.124001511375035
20230824,138,2023,24.7,25.157863433618314,0.057885043,0,27.517049278355692
20230824,140,2023,29.3,26.00477673216455,0.8853704,0,29.671389398938434
20230824,143,2023,29.1,27.270676870211012,-0.014069886,0,29.516173926702027
20230824,146,2023,25.5,25.211501939345453,0.2374164,0,27.85434733001107
20230824,152,2023,26.8,26.313880897381324,-0.3226486,0,28.071823562529193
20230824,155,2023,28.1,25.619263821843237,0.029032644,0,27.932862875467595
20230824,156,2023,25.2,25.57970873953623,-0.85272014,0,26.500138392394096
20230824,159,2023,28.2,25.41057253379644,0.4105476,0,28.326965240357616
20230824,162,2023,27.0,25.975556330697092,0.8466853,0,29.58104656571591
20230824,165,2023,27.1,26.377969248302296,-0.12061143,0,28.455130666430396
20230824,168,2023,26.2,25.04106851768871,-0.37063083,0,26.723199281744048
20230824,169,2023,27.1,26.95909863100222,-0.17701635,0,28.94714027800739
20230824,170,2023,26.2,25.720604308221674,-0.3717011,0,27.401044059894506
20230824,172,2023,28.4,25.994561535503816,0.4257351,0,28.934950447990932
20230824,174,2023,24.2,24.90768855917139,-0.6822015,0,26.097537658020773
20230824,177,2023,29.8,26.77961831028753,-0.030538209,0,28.99909541669788
20230824,181,2023,28.6,25.832223769590676,0.7232809,0,29.2427350784277
20230824,184,2023,28.3,27.377731122741626,-0.27875954,0,29.205018527207386
20230824,185,2023,27.9,27.443693844670356,-0.333806,0,29.184007828158528
20230824,188,2023,26.9,25.92004015122627,-0.12659208,0,27.98775213358386
20230824,189,2023,28.2,25.758811018993097,0.3005773,0,28.501450649358556
20230824,192,2023,24.7,24.640524080572018,0.35822573,0,27.47424821506498
20230824,201,2023,24.2,26.228767294008417,-1.0014973,0,26.914129085786115
20230824,202,2023,24.0,25.67328114929681,-0.8390006,0,26.615387704925674
20230824,203,2023,26.2,26.884836711569136,-0.37796578,0,28.555378258438502
20230824,211,2023,23.8,24.10064255395941,-0.27447608,0,25.93469782205642
20230824,212,2023,24.8,26.744081961836894,-0.3290755,0,28.49187017108457
20230824,216,2023,21.1,21.08804817145939,-1.2741287,0,21.342652340518278
20230824,217,2023,24.1,25.671823213850107,-0.69826496,0,26.83629205890768
20230824,221,2023,26.2,24.72760311271394,0.35450533,0,27.555449010913108
20230824,226,2023,25.9,24.7504917831518,1.1565645,0,28.845591128525996
20230824,232,2023,28.9,27.386434098792435,-0.03370533,0,29.600907151490897
20230824,235,2023,29.8,28.809020128732445,-0.064249635,0,30.975233182125898
20230824,236,2023,29.4,26.16259515639089,1.0306901,0,30.058812949545693
20230824,238,2023,28.7,24.730921749124377,0.5923588,0,27.93457617300504
20230824,239,2023,29.6,25.581953327571185,0.30218902,0,28.327139459096312
20230824,243,2023,28.1,26.008014453468427,1.2175984,0,30.199547462210845
20230824,244,2023,25.8,24.56549022659901,-0.8429836,0,25.50130360939157
20230824,245,2023,27.8,25.99521536581285,0.6827946,0,29.34175826415793
20230824,247,2023,25.2,24.801639082552448,-0.770203,0,25.852445827771767
20230824,248,2023,25.2,23.83807803212832,-1.0455587,0,24.45382277659614
20230824,252,2023,27.5,26.42674671101134,0.83002996,0,30.00592153112461
20230824,253,2023,29.4,25.428725120992485,-0.27200943,0,27.266677694220455
20230824,254,2023,24.9,25.739078287100995,-0.24752435,0,27.61571728899508
20230824,255,2023,28.7,26.988609437139736,-0.4136426,0,28.60278162868817
20230824,257,2023,29.9,26.656275555372662,-0.263097,0,28.508309790301833
20230824,258,2023,27.1,25.89410234587104,-0.09275371,0,28.01527896294514
20230824,259,2023,27.0,26.15111010236235,-0.6396717,0,27.408156319017213
20230824,260,2023,26.1,25.889674942397875,-0.46562293,0,27.421718186569105
20230824,261,2023,26.4,25.82941648303278,-0.55458045,0,27.220906848228143
20230824,262,2023,26.0,25.178713637534898,-0.22490677,0,27.091088413469205
20230824,263,2023,28.0,25.172436935866635,1.4321128,0,29.702902656687147
20230824,264,2023,26.2,24.69035738971263,-0.71188915,0,25.8333000125412
20230824,266,2023,25.8,25.069501097604224,-0.19798365,0,27.024414403173004
20230824,268,2023,26.9,26.536812034859526,-0.1965162,0,28.49404391372438
20230824,271,2023,25.0,23.00938692520828,-0.31447542,0,24.780243242418564
20230824,272,2023,23.3,25.198647238596504,-1.4071528,0,25.243073335202844
20230824,273,2023,24.1,24.118659158958042,0.02318411,0,26.423017528222136
20230824,276,2023,27.9,24.390942688941227,0.71593344,0,27.78984500377114
20230824,277,2023,24.4,23.737247614157354,0.6182251,0,26.981770744741205
20230824,278,2023,30.2,27.820390822118462,0.04702441,0,30.16241686654988
20230824,279,2023,27.8,24.34312390795029,0.35914734,0,27.178304181530926
20230824,281,2023,27.3,25.39482517366145,0.4346997,0,28.34937819835884
20230824,283,2023,27.3,25.082427441509918,0.06796935,0,27.457546493967815
20230824,284,2023,25.4,23.992816405150236,-0.8092936,0,24.981859949609667
20230824,285,2023,27.2,24.957145229567864,0.89384806,0,28.637152643122143
20230824,288,2023,28.9,26.03776176185424,-0.09235669,0,28.159565669087804
20230824,289,2023,24.9,24.47705089124905,-0.24287425,0,26.361037052826838
20230824,294,2023,26.2,25.138554228653952,0.16858433,0,27.672644949295652
20230824,295,2023,26.0,25.121212139054677,-0.3342013,0,26.86090155169629
20230824,296,2023,29.6,26.130915136904548,0.07429915,0,28.516035268951573
20230825,90,2023,25.6,27.917303489421037,0.081912614,0,30.314452896468158
20230825,93,2023,30.6,27.631899717693507,0.19612399,0,30.20950309412983
20230825,95,2023,27.6,26.774386399004797,0.107286684,0,29.21162683635158
20230825,98,2023,29.2,27.698298524783734,0.04355286,0,30.034839520846578
20230825,99,2023,28.7,27.959342653828877,0.058312185,0,30.31920338258754
20230825,100,2023,25.7,24.00654070288245,-0.14933123,0,26.038324840596445
20230825,101,2023,30.3,29.350129567458364,0.076296434,0,31.73840540915948
20230825,102,2023,27.5,24.68341446913345,-0.08768015,0,26.81260730281345
20230825,104,2023,25.3,26.515947723587217,0.0742049,0,28.90091894087985
20230825,105,2023,26.7,28.72491960951396,0.07125235,0,31.105225804314188
20230825,106,2023,24.6,26.678469703976784,0.030215356,0,28.99393744353211
20230825,108,2023,29.5,27.149487685780837,0.0021651434,0,29.42063608860518
20230825,112,2023,27.3,28.342982359577,-0.040159173,0,30.547258342034485
20230825,114,2023,29.4,27.826792484336636,-0.02311325,0,30.058001024466385
20230825,115,2023,26.6,26.40917926735414,0.7542323,0,29.86859375774405
20230825,119,2023,28.7,28.09971351836297,0.026084442,0,30.408654412522733
20230825,121,2023,28.7,27.37975416829316,-0.041547906,0,29.581835953647268
20230825,127,2023,29.8,27.437456345494407,0.008612143,0,29.71879100752513
20230825,129,2023,29.1,27.648282893711425,0.020320598,0,29.948116914895362
20230825,130,2023,25.4,27.752595732019294,0.16675735,0,30.283799813721615
20230825,131,2023,31.0,27.561223031893068,0.040571712,0,29.89305381307282
20230825,133,2023,30.0,28.438338133031827,-0.022927172,0,30.66984067679722
20230825,135,2023,29.6,27.0772005875583,-0.067763135,0,29.237862310802576
20230825,136,2023,30.7,29.29467556414809,-0.07701723,0,31.44071581264948
20230825,137,2023,31.2,28.103133349949307,-0.07501252,0,30.252341044706377
20230825,138,2023,31.4,30.01947650908973,-0.11481603,0,32.105794654263605
20230825,140,2023,28.7,28.504914820270674,-0.03144152,0,30.722964693536383
20230825,143,2023,30.0,29.137496396167865,-0.011893816,0,31.386431642713028
20230825,146,2023,29.8,28.81635102417662,-0.058702588,0,30.991328411295047
20230825,152,2023,30.3,28.125059116783728,0.10656497,0,30.561159243813233
20230825,155,2023,31.3,28.83339557753277,-0.08722552,0,30.96330673360905
20230825,156,2023,30.5,29.080329619030486,-0.11149374,0,31.171896991638757
20230825,159,2023,30.1,27.637537097432585,-0.109397665,0,29.732416263547
20230825,162,2023,29.8,27.834952226038165,-0.117417224,0,29.9171604887977
20230825,165,2023,29.2,28.192827429950498,-0.09203604,0,30.315137965190758
20230825,168,2023,29.6,27.95160443405583,-0.11655854,0,30.035169422061077
20230825,169,2023,28.4,26.014857084728003,-0.112293094,0,28.105161471868364
20230825,170,2023,30.0,27.45174458400537,-0.08759449,0,29.581072771190986
20230825,172,2023,29.7,28.123062557586373,-0.074730076,0,30.272716513958006
20230825,174,2023,30.5,28.41125918235064,-0.100570664,0,30.520085009818168
20230825,177,2023,29.7,28.278818321580616,0.007445613,0,30.55830986628484
20230825,181,2023,29.7,27.6890942524125,0.057254836,0,30.047284369521407
20230825,184,2023,30.9,28.886381845128863,-0.18194036,0,30.866643549681122
20230825,185,2023,28.6,26.389278752815198,-0.17159748,0,28.38588220947937
20230825,188,2023,28.5,27.79830826472982,-0.22142063,0,29.716191144332814
20230825,189,2023,29.3,28.00076619303065,-0.14825474,0,30.034251184450053
20230825,192,2023,31.1,28.986763360457267,-0.086496875,0,31.117825774733955
20230825,201,2023,27.5,26.991144334625904,0.040763084,0,29.323277483388576
20230825,202,2023,30.0,27.9047106194407,0.09547045,0,30.323281408020964
20230825,203,2023,30.3,28.10417860806287,0.0677107,0,30.47888898663828
20230825,211,2023,30.0,27.77761293415287,-0.012633403,0,30.025379633965517
20230825,212,2023,30.6,28.309460203527625,0.06273848,0,30.67631447534492
20230825,216,2023,27.5,25.796633843643974,-0.038028523,0,28.004276253075997
20230825,217,2023,31.0,27.726295516653767,0.01433252,0,30.01666837429454
20230825,221,2023,27.8,28.252336787276793,-0.08289718,0,30.389086721014397
20230825,226,2023,29.3,28.19783017665104,-0.041483916,0,30.400013065117246
20230825,232,2023,29.5,27.896232095828903,-0.005763324,0,30.15485352023129
20230825,235,2023,29.5,27.56638951323383,0.0013305778,0,29.836219302394852
20230825,236,2023,30.8,28.59151740817363,-0.009210595,0,30.84469214447159
20230825,238,2023,30.0,28.837065369025677,-0.083429664,0,30.972973975602685
20230825,239,2023,30.2,28.19796505158244,-0.05552817,0,30.377958017119838
20230825,243,2023,29.6,28.71770584011479,-0.013602628,0,30.96394116357304
20230825,244,2023,29.1,26.800924631664955,-0.11698935,0,28.88380893209367
20230825,245,2023,29.8,28.010089287132246,-0.097969085,0,30.123025609153817
20230825,247,2023,29.2,28.00658425177994,-0.054581814,0,30.188072462714427
20230825,248,2023,28.2,27.200079736926075,-0.10722746,0,29.298387827124202
20230825,252,2023,29.7,27.957073004511482,-0.0668772,0,30.119134502903197
20230825,253,2023,31.0,29.693550260954048,-0.15546916,0,31.715636457722418
20230825,254,2023,31.1,28.315979565834226,-0.08939933,0,30.442456100218802
20230825,255,2023,30.4,29.698364749827533,-0.080141455,0,31.83946872731709
20230825,257,2023,32.3,28.735685316748032,-0.10752777,0,30.83351891627381
20230825,258,2023,30.7,28.314494501968017,-0.03326951,0,30.529656152971466
20230825,259,2023,32.1,28.566559443696306,-0.07777539,0,30.71140180543269
20230825,260,2023,31.1,28.450421760481362,-0.06994353,0,30.607638455659004
20230825,261,2023,30.7,27.87180194832185,-0.08475127,0,30.005622416884776
20230825,262,2023,29.7,28.494014881179297,-0.079867214,0,30.635552159402422
20230825,263,2023,33.1,29.60956025223902,-0.049227115,0,31.799508887194396
20230825,264,2023,31.0,28.723204671041827,-0.084971786,0,30.85667672616715
20230825,266,2023,31.2,28.82253723377371,-0.11746878,0,30.904664034865228
20230825,268,2023,29.8,27.674437010952495,-0.09195899,0,29.796869279590002
20230825,271,2023,28.3,26.791864414668137,-0.011848713,0,29.040870923986425
20230825,272,2023,29.1,26.976988357115122,-0.0030085985,0,29.239962247832537
20230825,273,2023,29.6,28.158499312511108,-0.02884412,0,30.38065307922821
20230825,276,2023,30.2,30.170267740979146,-0.038564265,0,32.37706367892269
20230825,277,2023,30.9,27.25355650049503,-0.05002397,0,29.44224610534672
20230825,278,2023,31.7,28.4051140266003,-0.057863127,0,30.58141776153174
20230825,279,2023,31.3,28.57124050879708,-0.021258779,0,30.805379114469286
20230825,281,2023,29.9,27.484754236254318,-0.0074421735,0,29.740723078335385
20230825,283,2023,31.6,29.434840998958887,0.16148832,0,31.957720027803806
20230825,284,2023,29.5,27.41446971968804,-0.08335759,0,29.550492207793422
20230825,285,2023,32.0,28.849085997070087,0.002692814,0,31.12106811945344
20230825,288,2023,32.3,30.09973836844084,-0.062359728,0,32.26893747461563
20230825,289,2023,31.6,28.650610017651218,-0.094518445,0,30.76899835015534
20230825,294,2023,29.3,28.329916140368116,-0.1402534,0,30.376043252804497
20230825,295,2023,31.1,28.43188076390667,-0.07510296,0,30.58094555935911
20230825,296,2023,29.8,30.224928825644174,-0.049435686,0,32.41454791754544
20230826,90,2023,27.3,24.643044995282168,1.6523105,0,29.521423046730124
20230826,93,2023,29.3,27.401079597245612,0.28811488,0,30.12402857690955
20230826,95,2023,28.6,26.148974800657594,1.2128758,0,30.33304610896056
20230826,98,2023,28.9,25.041464236388897,1.1152962,0,29.071359779177488
20230826,99,2023,28.7,26.789876542598613,0.81557953,0,30.346219681937193
20230826,100,2023,24.4,21.32479868086861,1.4410368,0,25.869364333406043
20230826,101,2023,29.7,27.707444467767946,0.39694238,0,30.60234089985784
20230826,102,2023,25.3,25.039615353961143,0.04951923,0,27.38558321314299
20230826,104,2023,28.1,27.020554212160906,0.24818447,0,29.680413154717375
20230826,105,2023,30.4,28.56864860271051,0.4698015,0,31.578662426148288
20230826,106,2023,27.8,26.065201170416053,0.061114743,0,28.429489941199087
20230826,108,2023,29.8,27.13518809356652,0.41413096,0,30.057242480230045
20230826,112,2023,27.5,26.87919762373167,0.13587163,0,29.361602281560565
20230826,114,2023,28.7,26.879974282859255,1.1789049,0,31.010371486948507
20230826,115,2023,29.2,26.19135475851528,0.036227632,0,28.516321893858322
20230826,119,2023,28.8,26.883011393104535,0.9051008,0,30.580798168860504
20230826,121,2023,29.4,27.597900284657353,0.75745046,0,31.06239948993679
20230826,127,2023,29.7,25.889876417306358,0.47913966,0,28.914644549802325
20230826,129,2023,29.9,29.28683735452719,0.1055325,0,31.721306176338953
20230826,130,2023,27.6,26.715320543112334,0.03223796,0,29.033983993296886
20230826,131,2023,29.3,26.031080021992217,0.45847428,0,29.02319685823021
20230826,133,2023,29.7,29.09886285278913,-0.10455291,0,31.201396731699756
20230826,135,2023,29.0,27.38731541176761,0.39982465,0,30.28676583362553
20230826,136,2023,31.2,27.128845189553424,0.5925424,0,30.33278967347742
20230826,137,2023,31.0,27.94122552828207,-0.003902786,0,30.202786602774868
20230826,138,2023,28.3,29.076063578888437,-0.08009767,0,31.217236739936222
20230826,140,2023,29.1,28.272010468225414,-0.145978,0,30.309092698602697
20230826,143,2023,31.7,29.872275741465806,-0.024198148,0,32.10177014328143
20230826,146,2023,29.7,29.710652877691373,-0.10893985,0,31.806255392810776
20230826,152,2023,30.0,29.662568921961054,-0.08638656,0,31.793805631245924
20230826,155,2023,30.6,28.68051033673839,-0.01957447,0,30.917310149132856
20230826,156,2023,30.9,29.921923432501718,-0.17676961,0,31.91035491832162
20230826,159,2023,30.2,29.182430802018544,-0.07024025,0,31.339178680587995
20230826,162,2023,31.2,28.70832408958003,-0.022216335,0,30.940949756663382
20230826,165,2023,29.3,29.049916759496003,-0.1922537,0,31.013883399360534
20230826,168,2023,29.4,27.636371631895358,0.05272329,0,29.987401904069326
20230826,169,2023,26.9,26.113864711489235,-0.27433276,0,27.94814642418826
20230826,170,2023,29.7,27.920697343369785,-0.030874418,0,30.13964323906705
20230826,172,2023,29.8,27.83877863799286,-0.20074472,0,29.789329459344952
20230826,174,2023,29.5,28.244947542079213,0.21394049,0,30.85070098673901
20230826,177,2023,29.0,28.70289689398488,0.03715123,0,31.029323311517533
20230826,181,2023,27.9,26.550187962967932,0.41446978,0,29.472777689344554
20230826,184,2023,29.5,28.657908784439332,-0.09713919,0,30.772156345018004
20230826,185,2023,27.9,27.270430090967274,-0.11060968,0,29.363394272199812
20230826,188,2023,30.1,27.894204817015368,-0.10343252,0,29.99850890976839
20230826,189,2023,28.5,28.37841057196766,-0.12337676,0,30.45120277234235
20230826,192,2023,31.6,28.468603254335875,0.024762955,0,30.775456198832234
20230826,201,2023,27.1,26.63608329214026,0.08214368,0,29.033597781659942
20230826,202,2023,28.7,26.930860502166453,0.10514396,0,29.364715430260688
20230826,203,2023,28.7,26.419298055702324,0.09701285,0,28.840305831295215
20230826,211,2023,29.4,26.54388148722803,1.1287459,0,30.595027506853782
20230826,212,2023,29.1,28.051106780036935,0.28587723,0,30.770520276221372
20230826,216,2023,25.9,24.05364307274532,0.3567146,0,26.884979626962746
20230826,217,2023,31.7,28.754006312440858,0.34030902,0,31.55942204642208
20230826,221,2023,28.3,24.2990538840009,1.7695109,0,29.362608527322028
20230826,226,2023,29.4,26.883961425654935,0.42391127,0,29.821468714039458
20230826,232,2023,28.3,27.531648944387275,-0.0464274,0,29.726021130380555
20230826,235,2023,28.7,28.352371638504604,-0.065603316,0,30.516445875779816
20230826,236,2023,29.9,27.740241604534912,-0.10429816,0,29.843177988843337
20230826,238,2023,29.1,27.734145687528127,0.039691675,0,30.06458601103302
20230826,239,2023,28.7,27.945150125033425,-0.044897057,0,30.14194025107707
20230826,243,2023,30.1,27.997358288673233,-0.15829884,0,30.014973605410017
20230826,244,2023,29.9,27.122338792627453,0.08274097,0,29.520797001444784
20230826,245,2023,29.8,27.27820847413511,-0.18577923,0,29.25240476890782
20230826,247,2023,30.3,26.51712229431433,1.2725923,0,30.7955456142979
20230826,248,2023,29.7,26.94486642970673,0.17050172,0,29.481986629732855
20230826,252,2023,30.2,28.14551181533315,-0.20395817,0,30.090985385191313
20230826,253,2023,31.7,29.680645955772885,-0.014121912,0,31.92606081043658
20230826,254,2023,30.4,27.62723312432893,0.25761628,0,30.30199432540076
20230826,255,2023,31.5,30.735389224463812,-0.057178207,0,32.91277513409872
20230826,257,2023,32.7,28.93974590320577,-0.006551191,0,31.197122497379763
20230826,258,2023,31.1,28.36849932075785,0.17541555,0,30.913383359253952
20230826,259,2023,30.8,27.632047042380783,0.19025849,0,30.200382929801048
20230826,260,2023,30.0,28.095024515159484,-0.09297482,0,30.21585177704259
20230826,261,2023,31.8,27.998416374165615,-0.18445817,0,29.97469994760244
20230826,262,2023,29.5,28.490196653888678,-0.08192008,0,30.62849040395433
20230826,263,2023,33.4,30.470174979501877,0.016437877,0,32.76387430140078
20230826,264,2023,31.2,27.808662707456925,0.22938226,0,30.43881415712542
20230826,266,2023,31.2,28.779305514157535,-0.0072518075,0,31.035575134612678
20230826,268,2023,29.4,27.854157164938997,-0.19909307,0,29.807317584927716
20230826,271,2023,29.3,26.304602019853434,0.119592115,0,28.761285038287568
20230826,272,2023,30.3,25.562497969730682,0.79610705,0,29.088074590953266
20230826,273,2023,29.4,26.829282372811278,0.26865456,0,29.52148404612832
20230826,276,2023,30.4,28.73183247481185,-0.004103043,0,30.99307714297455
20230826,277,2023,28.3,27.74746187972317,0.011635544,0,30.033573515180233
20230826,278,2023,31.1,28.318077478526796,0.088329375,0,30.725365366982274
20230826,279,2023,31.1,29.964490702712986,0.010174293,0,32.24829356205219
20230826,281,2023,30.5,29.411278390234525,-0.011789395,0,31.660378623144233
20230826,283,2023,30.9,29.49976233558519,0.090302646,0,31.910167992805164
20230826,284,2023,29.4,27.159447708185294,0.14140844,0,29.650600525124734
20230826,285,2023,31.0,29.33740974118148,0.016509421,0,31.631222102916674
20230826,288,2023,32.3,30.97137969968759,0.03152886,0,33.28892277529688
20230826,289,2023,31.2,29.68126915018393,0.09929906,0,32.10588913861356
20230826,294,2023,30.5,28.808252956265846,-0.059283167,0,30.982313028497227
20230826,295,2023,31.0,28.737231531059884,0.020761348,0,31.03776193767213
20230826,296,2023,32.4,30.94250558433775,-0.035992123,0,33.15336550598991
20230827,90,2023,24.2,23.075099718851273,2.0776887,0,28.625575331658634
20230827,93,2023,28.2,25.038320138974996,1.3234476,0,29.397094799729285
20230827,95,2023,27.3,25.480153089487054,1.0393516,0,29.39005606616694
20230827,98,2023,27.7,24.75915002652717,1.070888,0,28.71888060988507
20230827,99,2023,27.2,23.833262008980995,1.1192734,0,27.869441495422695
20230827,100,2023,22.3,24.628108291756792,0.8207449,0,28.192612665951025
20230827,101,2023,28.8,24.66919584953102,1.3522034,0,29.073404649060183
20230827,102,2023,26.2,23.307359872301284,1.234503,0,27.525602137215884
20230827,104,2023,26.0,26.608073276878983,0.88007534,0,30.266319783260105
20230827,105,2023,27.8,28.07751257606711,1.2224779,0,32.276755154740556
20230827,106,2023,25.2,23.135108461684315,1.6096427,0,27.946071473592934
20230827,108,2023,28.7,23.987216420464343,1.2454233,0,28.222712737541112
20230827,112,2023,27.9,23.85887287263421,1.036017,0,27.76350711581266
20230827,114,2023,29.6,27.443817024090198,0.9733325,0,31.249409888770575
20230827,115,2023,28.1,26.951681321975872,0.4874422,0,29.98956746701933
20230827,119,2023,29.3,24.640745179856786,1.0632993,0,28.588485547436335
20230827,121,2023,28.2,24.933328597138384,1.1777315,0,29.0618718655091
20230827,127,2023,29.8,25.105677813545327,1.0069733,0,28.96442305106277
20230827,129,2023,30.5,25.379535273333012,1.3191907,0,29.731584119744806
20230827,130,2023,27.0,26.470871768563654,0.9840989,0,30.29347552468156
20230827,131,2023,30.6,25.839066475093233,1.0741976,0,29.804026238310293
20230827,133,2023,31.1,27.686360463067288,0.82059944,0,31.250635049434983
20230827,135,2023,28.8,28.34871622848654,0.29472655,0,31.082111654688447
20230827,136,2023,30.7,27.295953883561403,1.2247707,0,31.498819010815023
20230827,137,2023,29.8,28.031534410812107,0.97198546,0,31.834998912836845
20230827,138,2023,26.9,27.187644441049656,0.51502395,0,30.269109753220725
20230827,140,2023,30.4,27.504910590820625,0.8442919,0,31.10661930928747
20230827,143,2023,30.6,26.496027463273773,0.37470797,0,29.355793527488565
20230827,146,2023,30.2,26.001096253294925,0.9845476,0,29.824408961362906
20230827,152,2023,28.5,30.777247955183995,0.0002927091,0,33.04543791184465
20230827,155,2023,31.1,28.84175069084007,0.4444474,0,31.811705056260497
20230827,156,2023,32.1,30.313906990829345,-0.003058726,0,32.576801680086874
20230827,159,2023,30.4,29.7727751970193,-0.0070945164,0,32.02929333736445
20230827,162,2023,31.7,29.464299516335377,0.0065431707,0,31.742365202266313
20230827,165,2023,30.0,30.222915658410987,-0.09921447,0,32.333884269132895
20230827,168,2023,29.6,29.8402610730146,-0.0854313,0,31.973007095137785
20230827,169,2023,27.6,27.45660991851541,-0.16355093,0,29.465926928191003
20230827,170,2023,29.5,28.985877367482907,-0.04532598,0,31.181989796017024
20230827,172,2023,31.3,26.606173046192815,0.5432298,0,29.732203635463495
20230827,174,2023,29.7,30.245350420458678,-0.08665223,0,32.37616737848684
20230827,177,2023,29.2,25.041142765875314,1.403931,0,29.52708125643307
20230827,181,2023,29.7,25.88896661455767,1.096921,0,29.889829218865884
20230827,184,2023,30.3,30.480038082939895,-0.13532868,0,32.53394624438941
20230827,185,2023,30.0,28.52092276775539,-0.19365634,0,30.482673226460903
20230827,188,2023,29.9,29.243079246916544,-0.12747087,0,31.309402755167344
20230827,189,2023,29.9,29.01945553656701,-0.16983767,0,31.018839496563796
20230827,192,2023,30.3,26.941287777678447,0.35476694,0,29.769547011439368
20230827,201,2023,27.1,25.25808180748359,0.97776175,0,29.07067284158612
20230827,202,2023,28.0,24.036231911745123,1.4225756,0,28.551628824963707
20230827,203,2023,28.7,23.873107129095715,1.3535972,0,28.279518124746094
20230827,211,2023,28.1,23.510982118276523,1.7340239,0,28.518467401818288
20230827,212,2023,28.9,25.04993106640569,1.3630422,0,29.471265274584297
20230827,216,2023,23.3,21.214490609486308,1.827183,0,26.369167238719754
20230827,217,2023,28.5,28.331107750175647,1.1729795,0,32.452142795489564
20230827,221,2023,28.6,26.34814023542588,0.88881063,0,30.020188514401454
20230827,226,2023,29.0,28.957130087173336,0.3892071,0,31.839804773414574
20230827,232,2023,29.3,25.02907703964882,1.1961215,0,29.186676413633243
20230827,235,2023,29.5,25.646465220870713,0.71862864,0,29.049625956168004
20230827,236,2023,30.1,25.898587196774244,1.1626322,0,30.00327359163269
20230827,238,2023,30.1,28.702520504767357,0.76594174,0,32.18043592880442
20230827,239,2023,30.8,27.81663234370511,0.8325757,0,31.399829392536184
20230827,243,2023,31.5,29.674117480454505,0.1647914,0,32.20221537695899
20230827,244,2023,30.1,27.222428957350974,0.10804085,0,29.660860971715067
20230827,245,2023,31.6,29.180254462542774,0.45342717,0,32.164396860709516
20230827,247,2023,30.5,30.37831089848839,-0.063454635,0,32.545780050778106
20230827,248,2023,29.5,28.18438827976422,0.08336397,0,30.58383083276595
20230827,252,2023,31.4,30.343960011088353,-0.048843186,0,32.534515252944416
20230827,253,2023,32.1,30.271876885324772,-0.044387277,0,32.469472463610906
20230827,254,2023,31.2,30.44844486128152,-0.090766035,0,32.57276200223634
20230827,255,2023,30.8,26.472522885909285,0.60766435,0,29.700360029974274
20230827,257,2023,32.8,30.10808886406283,0.012923637,0,32.39623568744976
20230827,258,2023,31.4,30.559601622742534,-0.06358072,0,32.72687155887505
20230827,259,2023,30.7,30.905977898865714,-0.2058655,0,32.84843788142786
20230827,260,2023,31.3,30.51316280457566,-0.09368778,0,32.63286358814437
20230827,261,2023,29.9,26.77799657117399,0.66858375,0,30.102086373606138
20230827,262,2023,29.7,29.50837021811499,-0.030461231,0,31.727968949032352
20230827,263,2023,32.4,30.618510123177842,0.035899453,0,32.94295873499171
20230827,264,2023,31.6,29.46718101674143,-0.02096568,0,31.70178271787
20230827,266,2023,30.2,30.05005725162081,0.18406187,0,32.60860248247445
20230827,268,2023,30.7,29.33629078192935,-0.20982538,0,31.272494155230465
20230827,271,2023,27.2,23.462001394243682,1.7035336,0,28.421312036653095
20230827,272,2023,28.5,23.8695560113378,1.7393355,0,28.885433636016497
20230827,273,2023,29.4,27.70678503238847,0.87945104,0,31.364045146271575
20230827,276,2023,29.2,26.939747328052377,1.1526017,0,31.02858552020544
20230827,277,2023,25.8,24.30416795854463,0.99777794,0,28.14838457820319
20230827,278,2023,30.7,27.47030974589707,0.86629736,0,31.106787057675223
20230827,279,2023,31.5,28.070052369944452,0.31280127,0,30.832005855481114
20230827,281,2023,29.2,26.550822714009055,0.674515,0,29.88428390439973
20230827,283,2023,26.9,25.952745835012628,0.8474152,0,29.559389341229718
20230827,284,2023,29.2,30.17975675753571,0.033147298,0,32.49985696434603
20230827,285,2023,30.8,30.188161266381442,0.056124143,0,32.544564889086274
20230827,288,2023,31.6,25.600345024591867,1.0506302,0,29.528068235570462
20230827,289,2023,30.3,30.396312822112044,-0.01832106,0,32.635093024161144
20230827,294,2023,28.3,27.91620122359942,0.42330796,0,30.852755269205165
20230827,295,2023,30.3,27.799190501094127,-0.000780832,0,30.065684262785666
20230827,296,2023,32.5,31.70259947710802,-0.006117971,0,33.960660558980614
20230828,90,2023,22.2,22.900664017988767,-1.1822058,0,23.30050633621376
20230828,93,2023,22.8,23.994129351647604,-1.1313647,0,24.4743005969127
20230828,95,2023,21.0,23.628757774712486,-1.2717137,0,23.88717755179597
20230828,98,2023,21.1,25.219871325838376,-1.3586011,0,25.34100907472362
20230828,99,2023,20.7,23.521061806071913,-1.6706532,0,23.149157188452484
20230828,100,2023,18.5,20.016300282182396,-1.4036918,0,20.066194764008312
20230828,101,2023,21.5,22.972474303422633,-1.0995618,0,23.502894119129927
20230828,102,2023,20.7,21.911946926290888,-1.318421,0,22.0965692127776
20230828,104,2023,22.4,22.44658136727252,-0.99447703,0,23.143035130447615
20230828,105,2023,23.0,23.81883633286644,-1.1197213,0,24.31740416550336
20230828,106,2023,22.9,23.001072551440902,-1.4866755,0,22.919852736353672
20230828,108,2023,22.2,24.29084476426916,-1.3922815,0,24.35876741954173
20230828,112,2023,21.8,24.802913892607975,-1.0835899,0,25.358569308786766
20230828,114,2023,27.0,25.668544865756854,1.1005006,0,29.675063264208745
20230828,115,2023,25.7,22.665571008551925,1.8044118,0,27.784269079721867
20230828,119,2023,24.0,23.633614989055374,-0.6800343,0,24.82688830322153
20230828,121,2023,27.0,23.934641010520632,2.0262003,0,29.40376495210912
20230828,127,2023,28.7,24.020847294014104,1.9100859,0,29.30651051840136
20230828,129,2023,24.6,25.33429829011433,-0.38221195,0,26.99813088002683
20230828,130,2023,26.1,24.671813216271655,1.4673979,0,29.258029419174537
20230828,131,2023,29.4,25.485096794708447,1.1746812,0,29.60882054594354
20230828,133,2023,27.7,25.577883375281953,1.3256932,0,29.940206186098806
20230828,135,2023,25.6,24.184665309343576,1.4643682,0,28.76609457977804
20230828,136,2023,29.6,29.96955629040803,0.7502979,0,33.42275445503805
20230828,137,2023,28.2,25.226041565266986,1.8573025,0,30.428307065025795
20230828,138,2023,26.1,24.125832694996994,0.04162906,0,26.459334087826498
20230828,140,2023,29.5,28.154181129578213,0.3675492,0,31.00263635890836
20230828,143,2023,27.7,27.292832798546126,0.7423829,0,30.733525231593507
20230828,146,2023,30.8,28.816987494611283,1.135646,0,32.87903562815152
20230828,152,2023,25.9,27.36409498282744,1.0536728,0,31.296625468147617
20230828,155,2023,29.9,25.436586332490833,1.8134993,0,30.56964275250721
20230828,156,2023,29.4,29.163233078607192,0.2488476,0,31.82413976889487
20230828,159,2023,29.3,27.62550741991114,1.2216004,0,31.823363549247585
20230828,162,2023,27.4,26.708307704547995,1.3172516,0,31.057292650489053
20230828,165,2023,30.1,28.518174075325263,0.2401802,0,31.165386258729317
20230828,168,2023,26.0,26.041784229471045,0.48795667,0,29.080483248950884
20230828,169,2023,27.5,24.970294995100147,1.5099679,0,29.623771789986822
20230828,170,2023,28.4,28.71759807586526,0.23622148,0,31.358555486427388
20230828,172,2023,30.0,26.90621408608782,0.8134159,0,30.459138660629954
20230828,174,2023,26.3,26.12155844763044,1.4287671,0,30.646737918336516
20230828,177,2023,24.7,25.175401187497837,-0.13737717,0,27.226072730905365
20230828,181,2023,27.2,25.847460457200143,1.1406178,0,29.91736413244647
20230828,184,2023,33.4,28.631384012255484,0.050347876,0,30.978661132312318
20230828,185,2023,29.0,28.327113922908154,0.1526939,0,30.836097757222586
20230828,188,2023,30.0,28.35603158540717,1.0579128,0,32.29526132762432
20230828,189,2023,30.3,27.138209304802444,1.2380836,0,31.36210887066614
20230828,192,2023,27.4,26.116989111465863,0.8628011,0,29.747942286223907
20230828,201,2023,20.9,23.98470823522107,-1.5210683,0,23.849147742872486
20230828,202,2023,23.4,23.294004232960408,-0.44462106,0,24.859230440264493
20230828,203,2023,24.1,23.705680052979584,0.94046485,0,27.45934199896642
20230828,211,2023,22.0,23.18022140525297,-0.8216412,0,24.149755774888636
20230828,212,2023,23.6,24.459586885472472,-0.41298097,0,26.074804423280977
20230828,216,2023,21.0,22.313272719116288,-0.5062106,0,23.78118740763204
20230828,217,2023,25.6,24.415665517559916,1.9754947,0,29.804674686828612
20230828,221,2023,26.3,25.088077223827757,1.7870798,0,30.179390801646715
20230828,226,2023,26.3,24.90225796516954,1.5699244,0,29.650465921650607
20230828,232,2023,26.5,24.867286218802874,1.0860591,0,28.850987062780888
20230828,235,2023,28.9,27.131953585436786,1.259146,0,31.389131702402167
20230828,236,2023,29.2,30.133974163282215,0.26845098,0,32.82585418072977
20230828,238,2023,27.6,25.041360301953414,1.4617378,0,29.61863342633838
20230828,239,2023,28.9,28.642283305966547,0.7271452,0,32.058900190365094
20230828,243,2023,30.6,28.539031599715408,0.659932,0,31.849451663378023
20230828,244,2023,28.1,26.563905468373285,1.2385031,0,30.78846784027107
20230828,245,2023,29.6,28.029632732015607,0.85257506,0,31.644428808957183
20230828,247,2023,28.3,24.950117312846523,0.6458529,0,28.238292408094832
20230828,248,2023,26.7,24.029967239192516,0.30623084,0,26.781539447525617
20230828,252,2023,30.2,27.664061461213244,0.867713,0,31.302775437286595
20230828,253,2023,29.5,26.580982464691832,1.8123878,0,31.71228270299129
20230828,254,2023,28.7,28.97931597738129,0.7595284,0,32.447098323320056
20230828,255,2023,29.6,25.983405103109032,1.7496076,0,31.015512528965708
20230828,257,2023,29.3,26.22732586908601,1.4110439,0,30.724502679517578
20230828,258,2023,28.9,27.58699618927274,1.391272,0,32.05293334468645
20230828,259,2023,30.1,29.36619873556151,0.81554055,0,32.92248028422855
20230828,260,2023,28.7,28.190116341843325,0.6713462,0,31.518570794524955
20230828,261,2023,28.9,27.974837828078986,0.5243099,0,31.070974904623835
20230828,262,2023,27.8,25.9441537733452,1.7392185,0,30.9598464376586
20230828,263,2023,29.6,26.79655006892015,1.3527162,0,31.201569153063875
20230828,264,2023,27.2,26.211104628491636,-0.5897175,0,27.547078443146074
20230828,266,2023,26.6,26.139719908902347,1.2890929,0,30.44421416461208
20230828,268,2023,29.7,28.54940528308669,0.037381396,0,30.87619536457586
20230828,271,2023,25.7,23.262312843898215,1.6691649,0,28.167320855883126
20230828,272,2023,27.2,24.48425048229713,1.748713,0,29.51494452466992
20230828,273,2023,27.4,25.299693557031354,1.6770078,0,30.217093348439025
20230828,276,2023,27.5,23.912207588022888,2.273644,0,29.772292537683274
20230828,277,2023,25.5,26.09892880055731,1.8720567,0,31.32450589861705
20230828,278,2023,29.1,27.5926354527259,0.96344817,0,31.382611032631498
20230828,279,2023,28.0,27.942234842753496,1.1317761,0,31.998168548250373
20230828,281,2023,27.8,25.246724659699407,1.8359712,0,30.41528668922811
20230828,283,2023,26.3,25.965388936161578,0.59171224,0,29.168021745967536
20230828,284,2023,26.4,25.37586913254965,-0.17478718,0,27.36743286659238
20230828,285,2023,27.7,25.782101378225853,0.48072183,0,28.80936934800114
20230828,288,2023,29.9,25.851152068749045,1.5099101,0,30.50453751355714
20230828,289,2023,27.3,25.056761825420427,-0.37883043,0,26.725937217738284
20230828,294,2023,27.2,25.98733673543451,1.3244351,0,30.347671693201132
20230828,295,2023,26.4,26.290298450357824,0.3156947,0,29.05682353645086
20230828,296,2023,29.8,27.877417877145323,1.3894727,0,32.34051225578367
20230829,90,2023,25.2,22.067411106799792,-0.9945165,0,22.76380252590064
20230829,93,2023,24.9,24.11454521288732,-1.6805489,0,23.727005417178752
20230829,95,2023,24.3,23.047304990232178,-2.2041903,0,21.8324118648651
20230829,98,2023,24.0,23.99801945906974,-2.436789,0,22.41562025879727
20230829,99,2023,24.2,24.66204974226306,-1.5911678,0,24.41573208257515
20230829,100,2023,23.6,19.185772666185365,-1.7688452,0,18.658724725621294
20230829,101,2023,24.6,24.19275291227942,-1.4799709,0,24.122126315995594
20230829,102,2023,23.5,21.9410144028718,1.086318,0,25.925124344521326
20230829,104,2023,29.2,23.121459330190262,-0.73863304,0,24.222146608627963
20230829,105,2023,31.1,24.460749392402086,0.01983254,0,26.759812282368543
20230829,106,2023,30.0,22.851524752982602,1.5221745,0,27.524287903841568
20230829,108,2023,24.3,24.440112165948587,-2.295946,0,23.08024514741592
20230829,112,2023,22.9,23.676986622611786,-1.0080936,0,24.35192621800124
20230829,114,2023,28.9,27.011063220825413,-0.19695227,0,28.967606112912005
20230829,115,2023,28.2,26.7024772716303,0.39337713,0,29.591740605833152
20230829,119,2023,23.5,24.572225457059304,-2.3406038,0,23.141798884426603
20230829,121,2023,25.3,21.792778176621248,0.4956384,0,24.84361432540788
20230829,127,2023,28.7,22.9071426926738,1.4512278,0,27.467810067928518
20230829,129,2023,23.5,25.24782855316713,-1.9449514,0,24.44253279365622
20230829,130,2023,28.0,25.88644506528247,1.9081656,0,31.169074148606036
20230829,131,2023,28.6,23.58570417317585,-0.2962672,0,25.385329455392007
20230829,133,2023,26.8,22.788860149937037,-0.6059358,0,24.099209043269607
20230829,135,2023,25.9,23.035343212873148,-0.45285553,0,24.58755895586659
20230829,136,2023,27.7,23.520168753063388,0.23956996,0,26.16641676934937
20230829,137,2023,24.5,23.975511762641002,0.08966092,0,26.384903492848295
20230829,138,2023,29.6,23.769586054761362,2.0821266,0,29.32707358659033
20230829,140,2023,25.7,25.346899516378052,-1.5724924,0,25.13008906217644
20230829,143,2023,26.8,23.84236457525546,-0.57557964,0,25.200676215208205
20230829,146,2023,27.2,23.54447146851061,-1.3054153,0,23.74964281391151
20230829,152,2023,27.0,22.616542926019804,2.1380785,0,28.262434355134232
20230829,155,2023,27.0,26.448743456722916,-0.73855686,0,27.549551091243533
20230829,156,2023,25.2,24.425554840540606,1.0435327,0,28.34206402888279
20230829,159,2023,26.9,23.970725389977385,1.0163093,0,27.844221499153154
20230829,162,2023,26.0,24.77895418239479,0.20186454,0,27.365627632793323
20230829,165,2023,27.8,27.615501619656293,-0.41455713,0,29.22822883189469
20230829,168,2023,29.4,28.241766895046524,0.36840832,0,31.091579520621675
20230829,169,2023,24.5,24.67545968193975,0.9917222,0,28.51010827553248
20230829,170,2023,27.3,24.407388802688796,2.0838912,0,29.967664301245975
20230829,172,2023,26.5,25.28646115476054,-1.7358007,0,24.811623456944734
20230829,174,2023,27.1,28.11117871518584,1.0164354,0,31.984874099378395
20230829,177,2023,24.7,25.265367612173417,-2.231682,0,24.007037430264898
20230829,181,2023,26.6,22.896109508857606,-0.631794,0,24.16560250333306
20230829,184,2023,32.0,24.68763950679042,1.255144,0,28.938494503161774
20230829,185,2023,27.9,25.54539199076905,1.2727884,0,29.824125147617092
20230829,188,2023,31.0,29.437452185224878,0.095258415,0,31.855687956809476
20230829,189,2023,28.5,28.803349182912058,0.15196761,0,31.311185490723883
20230829,192,2023,28.3,27.33962247195819,0.942538,0,31.096560024577258
20230829,201,2023,23.6,23.71151710375266,0.9462881,0,27.474379791984212
20230829,202,2023,25.6,23.152599481737262,-1.3146297,0,23.343212073170875
20230829,203,2023,27.6,23.35805520565065,-0.30331558,0,25.146544065709524
20230829,211,2023,24.9,22.329750071619376,-1.1668173,0,22.75390620210023
20230829,212,2023,27.4,23.295783554599197,-0.4351855,0,24.875917953464985
20230829,216,2023,24.4,20.13593103046753,0.030692264,0,22.45215228456603
20230829,217,2023,26.8,22.21760205103272,-0.9623964,0,22.96474324172857
20230829,221,2023,24.7,22.30893812978979,-0.111853234,0,24.39993749561434
20230829,226,2023,25.8,21.7769359574018,-0.21511759,0,23.704777643638746
20230829,232,2023,26.1,22.22719437254011,-1.0811121,0,22.786764657550535
20230829,235,2023,23.4,25.3057896778955,-1.8885535,0,24.589602623905222
20230829,236,2023,25.7,25.32872841634787,-1.2531435,0,25.61648908526943
20230829,238,2023,26.8,23.661508471437198,0.7869265,0,27.172579830284903
20230829,239,2023,25.8,23.003866543351307,-0.9968363,0,23.696592658268194
20230829,243,2023,26.8,24.67386523181398,-1.1816891,0,25.074523861875218
20230829,244,2023,25.9,23.380453266262023,1.4879676,0,27.99916956691652
20230829,245,2023,26.5,23.88022908335645,-1.2147777,0,24.228607780918754
20230829,247,2023,26.9,23.16788549901017,1.9097176,0,28.452966719803978
20230829,248,2023,25.6,22.151310265300364,0.6594573,0,25.460980316565212
20230829,252,2023,26.7,25.91581212222551,-1.5333475,0,25.760850568342043
20230829,253,2023,27.0,24.43507929441217,-1.0747846,0,25.0046470450331
20230829,254,2023,25.5,24.46448987215574,1.5754216,0,29.22138343177859
20230829,255,2023,26.3,24.66329765918999,-0.37215316,0,26.34302313800611
20230829,257,2023,27.8,24.698793452241887,-0.4849923,0,26.20023310163315
20230829,258,2023,30.3,28.515020828619615,0.88255477,0,32.17718484074185
20230829,259,2023,26.8,25.179885256054728,1.2643152,0,29.445230823448117
20230829,260,2023,25.9,26.999490661688114,1.2908863,0,31.306818464990013
20230829,261,2023,26.9,25.880226065416053,-0.05097412,0,28.067414432964725
20230829,262,2023,29.5,28.186772302040275,0.73542297,0,31.616468069133067
20230829,263,2023,26.9,26.49548498504158,-0.77647185,0,27.536386933183717
20230829,264,2023,26.8,22.973698059497124,0.2979851,0,25.712242004380556
20230829,266,2023,29.0,28.326787825931564,0.4426817,0,31.293952388204676
20230829,268,2023,28.1,26.92140267416456,0.16176127,0,29.44471295542943
20230829,271,2023,26.3,21.620430890444247,0.64738524,0,24.911027045301015
20230829,272,2023,24.3,22.859908719043105,-1.1953126,0,23.239042256979403
20230829,273,2023,24.2,23.225324065737695,-0.61535263,0,24.5207943856526
20230829,276,2023,28.2,24.128307170023316,1.4147304,0,28.63130872515627
20230829,277,2023,28.4,23.785710144431203,1.9265532,0,29.097391754705605
20230829,278,2023,27.4,24.128420232492324,-0.14987639,0,26.159343019014322
20230829,279,2023,25.8,23.975302745489365,-0.94456124,0,24.750623457745885
20230829,281,2023,27.2,23.43210812187773,0.9478581,0,27.19745138853183
20230829,283,2023,27.5,23.976707358939027,-0.36052927,0,25.674798582703534
20230829,284,2023,25.5,22.85503818919177,-0.8105489,0,23.84209840101723
20230829,285,2023,27.3,25.629523315658364,0.8233186,0,29.19809418097961
20230829,288,2023,27.0,24.413863866970402,-0.73524797,0,25.519899551246116
20230829,289,2023,27.1,24.60764397738376,-0.36926413,0,26.291934134868853
20230829,294,2023,27.0,26.377980406113988,-0.37140387,0,28.058889763113473
20230829,295,2023,28.0,28.07332914339819,0.32202685,0,30.849859040778153
20230829,296,2023,27.6,24.615306967882855,-0.697839,0,25.7804487899111
20230830,90,2023,23.9,22.580943375659718,-0.27329496,0,24.416864822269304
20230830,93,2023,24.1,23.039832873246755,2.4386437,0,29.160617385933573
20230830,95,2023,24.7,21.93679332547022,2.5290668,0,28.20044634744964
20230830,98,2023,24.2,23.10077813266135,2.0801642,0,28.655165035637474
20230830,99,2023,23.1,23.139348343027166,-0.025267318,0,25.367153457046168
20230830,100,2023,20.7,18.969418728861672,-0.7732822,0,20.015360376081418
20230830,101,2023,24.7,22.47561806818553,2.0061681,0,27.913091185227206
20230830,102,2023,22.5,23.51071100214213,1.1147052,0,27.539672702271726
20230830,104,2023,22.9,21.884494523379935,-1.0795137,0,22.446590402624825
20230830,105,2023,24.2,23.59686462939013,0.086236015,0,26.000845009317374
20230830,106,2023,23.1,21.59923785379885,-0.6463535,0,22.84572682662971
20230830,108,2023,24.2,23.24380963062397,-1.0036216,0,23.925815013328794
20230830,112,2023,24.1,23.256527699309235,-0.59360194,0,24.58636410713765
20230830,114,2023,21.8,22.35301622280206,-1.4331266,0,22.35640372039412
20230830,115,2023,27.2,21.143298334756956,2.2615843,0,26.984328976479723
20230830,119,2023,23.5,23.869010372468747,-1.3470612,0,24.008381220337753
20230830,121,2023,22.5,21.692259184150085,-0.49042922,0,23.185108488754704
20230830,127,2023,21.3,21.97501860759192,-2.3011987,0,20.606852104806325
20230830,129,2023,23.7,23.48860931229047,-1.0569046,0,24.086427592677484
20230830,130,2023,25.7,21.144354780112995,-0.2730762,0,22.980621850215773
20230830,131,2023,23.3,22.991149803555636,-1.6652272,0,22.627818343723533
20230830,133,2023,22.6,24.270997241097447,-1.4217268,0,24.292396337276543
20230830,135,2023,22.0,22.339404285497903,-0.8985201,0,23.187469984765375
20230830,136,2023,24.2,22.997986284627206,-0.65701866,0,24.227624275745725
20230830,137,2023,22.5,22.480269329709706,-0.41749123,0,24.088360666723037
20230830,138,2023,28.5,22.70254969743104,2.605059,0,29.086270249088802
20230830,140,2023,22.9,24.60621205752786,-1.9785409,0,23.747844915971207
20230830,143,2023,24.8,23.716190968748673,-0.8544575,0,24.633875598832798
20230830,146,2023,22.6,24.49186991265968,-1.9165273,0,23.731484300338867
20230830,152,2023,27.7,23.54133170937084,2.5859883,0,29.894920673046425
20230830,155,2023,25.4,23.50294059675822,-0.69240344,0,24.676670644627986
20230830,156,2023,23.0,23.75263865633724,-1.2896149,0,23.982774565584723
20230830,159,2023,27.7,24.02069049282871,2.4905388,0,30.223469329245994
20230830,162,2023,26.4,24.009725899147405,-0.41614965,0,25.61993693468521
20230830,165,2023,23.6,25.72699261802938,0.80105543,0,29.260387675874583
20230830,168,2023,26.3,23.72210939309246,-0.079817586,0,25.863725084057005
20230830,169,2023,22.1,24.24422141396128,0.7238678,0,27.65565997318359
20230830,170,2023,24.4,24.04360086214562,0.23408747,0,26.68118653659849
20230830,172,2023,22.6,24.512956154219456,-1.0166345,0,25.174401176969443
20230830,174,2023,23.7,23.222726377824056,-0.2472318,0,25.099827615824537
20230830,177,2023,23.1,23.99908497110957,-1.2859973,0,24.234936758366853
20230830,181,2023,22.2,23.67711568445582,-1.9001352,0,22.942629608744657
20230830,184,2023,23.3,24.427308101386558,-0.9289564,0,25.22728448237858
20230830,185,2023,24.0,26.535596703067192,-0.29405773,0,28.338712970915292
20230830,188,2023,25.0,25.873387593343143,-1.0456551,0,26.488979962112875
20230830,189,2023,27.2,24.672758894939182,-0.36382765,0,26.36563869089588
20230830,192,2023,25.2,24.95847898073329,-1.5845004,0,24.72269577443741
20230830,201,2023,22.9,22.354148244764186,-1.4585319,0,22.317395387722915
20230830,202,2023,22.4,22.222767884423536,-0.57251954,0,23.585914486267455
20230830,203,2023,22.6,23.01046620831923,-0.6850227,0,24.195857800035128
20230830,211,2023,24.3,21.940615375884427,1.466222,0,26.524973687704545
20230830,212,2023,22.6,21.491039806587636,0.5901549,0,24.691212003142862
20230830,216,2023,23.3,19.354729521346407,-0.30417928,0,21.141853733659193
20230830,217,2023,23.5,22.76602416850256,0.27081656,0,25.461641816794234
20230830,221,2023,21.2,21.89729841816048,-1.1114289,0,22.408968300624977
20230830,226,2023,22.0,22.464862798837316,-1.667431,0,22.09804930003045
20230830,232,2023,22.6,23.320640391671443,-1.5505893,0,23.138436737549178
20230830,235,2023,23.2,24.912643381987433,-1.3140453,0,25.104179268442103
20230830,236,2023,23.3,23.60352170868443,-1.5589062,0,23.4081773928457
20230830,238,2023,22.0,24.079997100973827,-1.4937607,0,23.987582663369963
20230830,239,2023,22.8,23.89555756044092,-1.9011244,0,23.159508550807942
20230830,243,2023,22.1,25.14878056189501,-1.9457746,0,24.342184240956033
20230830,244,2023,22.0,22.29801819245204,-1.6339343,0,21.984129538863833
20230830,245,2023,22.8,24.9610965421226,-1.6482629,0,24.6245687021521
20230830,247,2023,22.8,24.410736254744826,-0.91948795,0,25.225672764997867
20230830,248,2023,22.3,22.13731711273801,-1.4064386,0,22.182871618253195
20230830,252,2023,22.9,24.97690500021054,-0.42189828,0,26.578033201027733
20230830,253,2023,27.6,23.82508507647202,-0.45870355,0,25.368060947367493
20230830,254,2023,22.9,23.525299837917284,-1.0015942,0,24.210508500594184
20230830,255,2023,26.3,23.983145065932757,-0.6144103,0,25.280104297953223
20230830,257,2023,27.6,24.645397521195314,-0.578863,0,25.998521418437946
20230830,258,2023,25.3,24.052744712931638,0.36600307,0,26.89875703397474
20230830,259,2023,24.6,23.939010511762554,0.40953803,0,26.853808076436064
20230830,260,2023,24.0,24.005487457312785,-0.18204482,0,25.985584119583894
20230830,261,2023,25.0,24.283871502053845,0.6880746,0,27.638756828606322
20230830,262,2023,24.1,23.191092937514263,0.26322022,0,25.874708362671896
20230830,263,2023,24.9,23.523428322386966,-1.383711,0,23.604892449617697
20230830,264,2023,24.4,24.259556325451747,-1.558522,0,24.06481906384657
20230830,266,2023,26.9,23.956490599668456,-0.8323517,0,24.90910241433434
20230830,268,2023,24.8,26.407767068216714,1.1545233,0,30.499641284940243
20230830,271,2023,24.5,21.246767131893094,0.6161275,0,24.487976043955825
20230830,272,2023,23.2,21.613618355418875,-0.55061483,0,23.011374394251625
20230830,273,2023,22.8,24.02106494722721,-0.7059407,0,25.173406080511864
20230830,276,2023,25.2,22.40407400336774,-0.7504431,0,23.486101380186483
20230830,277,2023,26.0,21.920736584264333,0.20851573,0,24.517918919450423
20230830,278,2023,24.0,23.021559937267384,-0.7144351,0,24.160479954676795
20230830,279,2023,22.2,23.26886789271955,-1.2008466,0,23.639257815505395
20230830,281,2023,24.9,23.531136005719873,-0.39939874,0,25.167813466318904
20230830,283,2023,27.6,22.99746724331677,2.6299205,0,29.42046908216783
20230830,284,2023,23.9,24.267025557744468,-1.5851896,0,24.030153496182017
20230830,285,2023,24.6,23.541412521028313,-1.0907576,0,24.08574297602165
20230830,288,2023,24.9,25.037280121968568,-1.4118034,0,25.07435828194466
20230830,289,2023,24.8,23.25349536181103,-1.8780347,0,22.553927994901137
20230830,294,2023,27.3,23.247506456265135,-0.003796149,0,25.509236017060648
20230830,295,2023,26.1,23.68436400924137,-0.85500884,0,24.601177517442103
20230830,296,2023,28.1,24.69125492962477,-0.16632305,0,26.696191985558333
20240824,90,2024,30.3,28.605537109809294,0.17842503,0,31.155176131790142
20240824,93,2024,31.2,25.171381089738038,0.31348354,0,27.934412553289647
20240824,95,2024,31.0,27.426557533983615,0.054463893,0,29.780337961487287
20240824,98,2024,29.6,23.87978775571143,-0.20606604,0,25.821930885346372
20240824,99,2024,30.4,25.984457324872377,0.077282466,0,28.374291097430437
20240824,100,2024,29.7,23.818609338676637,0.20290288,0,26.406923370563778
20240824,101,2024,30.6,25.50579826003991,0.33778626,0,28.307228022808744
20240824,102,2024,28.5,24.081506952725643,0.38149324,0,26.951993749152503
20240824,104,2024,30.6,28.64804344148508,0.10465832,0,31.08113106423497
20240824,105,2024,32.5,30.946372129073744,0.106846735,0,33.38291744647333
20240824,106,2024,31.4,27.106421469157027,0.059572555,0,29.468273582541123
20240824,108,2024,28.1,25.098487108925024,-0.82965755,0,26.055355648902186
20240824,112,2024,29.2,24.724585585098858,0.0030339137,0,26.997106644987547
20240824,114,2024,30.5,24.68268062926446,0.20218001,0,27.269852526187137
20240824,115,2024,31.7,27.812240167866253,0.2977864,0,30.55047017925798
20240824,119,2024,29.9,26.387522648852293,0.054243565,0,28.740954957216296
20240824,121,2024,31.4,28.69927468779738,0.012579691,0,30.986878075335067
20240824,127,2024,31.3,28.70129805420965,-0.013977872,0,30.946940492408363
20240824,129,2024,30.3,26.973797529050767,0.08000833,0,29.367938163516072
20240824,130,2024,29.7,27.556447865845396,0.061582908,0,29.921476336826604
20240824,131,2024,26.7,27.827018395893752,0.021746147,0,30.12910478511062
20240824,133,2024,32.1,30.737611290422638,0.02602062,0,33.046451346338436
20240824,135,2024,32.2,29.74781613068914,-0.08076326,0,31.887937659272993
20240824,136,2024,34.2,31.50528158118569,-0.0788567,0,33.64841547278615
20240824,137,2024,32.9,29.98027609373834,-0.04446425,0,32.177750056346405
20240824,138,2024,33.0,31.160651630284164,-0.0242737,0,33.390026661914945
20240824,140,2024,31.4,30.952986190596405,0.017515533,0,33.24838820850578
20240824,143,2024,34.8,31.729832467175633,-0.07145889,0,33.88465489562869
20240824,146,2024,32.4,31.462781550113053,-0.062108684,0,33.632377305156766
20240824,152,2024,33.2,30.19913667660084,-0.051166978,0,32.38602032806909
20240824,155,2024,32.3,30.416975130047426,0.008110754,0,32.697517597957564
20240824,156,2024,33.0,31.31784310411106,-0.11232382,0,33.408098943864296
20240824,159,2024,32.3,30.48785401484839,-0.020293638,0,32.72351754292131
20240824,162,2024,32.0,29.85855381929613,-0.008718165,0,32.112506595455564
20240824,165,2024,31.7,30.337713758099,-0.045939215,0,32.532857275432356
20240824,168,2024,32.3,30.18557355468977,-0.041587733,0,32.38759241325972
20240824,169,2024,30.9,27.33187813636016,0.04363605,0,29.668550571766097
20240824,170,2024,33.5,29.916029107488804,0.08129435,0,32.312201657290956
20240824,172,2024,33.0,29.72823335277108,-0.054017767,0,31.91061275670803
20240824,174,2024,31.6,30.780083833610387,-0.03959512,0,32.98525102084225
20240824,177,2024,29.8,28.874131083871358,0.022169787,0,31.176886824308358
20240824,181,2024,22.8,27.306414964532507,-0.0021932712,0,29.570677072351167
20240824,184,2024,32.0,30.435419354657895,0.07181654,0,32.81661696612701
20240824,185,2024,30.4,28.58968919501921,0.04434136,0,30.927476018980435
20240824,188,2024,31.5,29.902140330731726,0.10853131,0,32.341347278642594
20240824,189,2024,31.7,29.806039190058833,0.093536764,0,32.22155475407145
20240824,192,2024,33.4,31.18139514011513,-0.06584184,0,33.345092511228515
20240824,201,2024,28.7,24.56557467674255,-0.12024765,0,26.643310870506845
20240824,202,2024,29.3,27.187669231612734,0.0965898,0,29.60800859773888
20240824,203,2024,30.0,25.550547884935288,0.10707632,0,27.987455942195886
20240824,211,2024,30.9,27.785297101315855,0.12180908,0,30.245482924386945
20240824,212,2024,30.8,28.235493782355242,0.1527209,0,30.744520278098125
20240824,216,2024,30.9,27.080331268538725,0.1313439,0,29.55558210865436
20240824,217,2024,33.7,29.76716277630821,0.02768964,0,32.07863988297188
20240824,221,2024,30.3,30.127819932392715,-0.04306364,0,32.3275068565404
20240824,226,2024,30.4,28.21381809547879,0.009204907,0,30.496089325367375
20240824,232,2024,28.0,27.912993865346916,-0.37443796,0,29.589109367990588
20240824,235,2024,31.6,29.26050281996933,0.04477639,0,31.598976994412304
20240824,236,2024,32.6,30.729547267377992,-0.0005836701,0,32.99635254490371
20240824,238,2024,31.5,29.37974848751236,-0.08224814,0,31.517523908285476
20240824,239,2024,31.0,30.144709174702296,0.037161037,0,32.471151089964124
20240824,243,2024,32.2,30.66005439152164,-0.049685847,0,32.8492782295262
20240824,244,2024,31.8,29.211466221017012,-0.0668083,0,31.373636586100318
20240824,245,2024,32.9,30.349587440024898,-0.08007347,0,32.49079883626021
20240824,247,2024,33.5,31.12861724642312,-0.0853724,0,33.2614563255529
20240824,248,2024,29.6,29.75206020511687,-0.010090768,0,32.003844267430985
20240824,252,2024,32.5,30.356520626910097,-0.038454898,0,32.56348936482832
20240824,253,2024,32.9,31.174390238888495,0.0063674077,0,33.45217821940334
20240824,254,2024,32.3,30.310365614614376,-0.06770265,0,32.471122902283646
20240824,255,2024,34.3,31.54803857413821,-0.052847363,0,33.73226721679868
20240824,257,2024,35.5,30.893581536148403,-0.027916068,0,33.11720162466168
20240824,258,2024,32.8,30.35597423267614,-0.00040188432,0,32.62306673174162
20240824,259,2024,32.4,30.980822673866506,0.022052899,0,33.28339373057826
20240824,260,2024,33.1,30.584035381980883,0.0031826496,0,32.85679144465549
20240824,261,2024,33.0,30.540492548188745,0.0069042295,0,32.819128707120086
20240824,262,2024,34.0,30.589396404338167,-0.016823234,0,32.83054317084737
20240824,263,2024,35.0,32.12113527092019,-0.043581996,0,34.32000319334853
20240824,264,2024,34.0,30.952216207258747,-0.07555841,0,33.10056139717592
20240824,266,2024,34.2,31.078070557565134,-0.11207616,0,33.16871769585086
20240824,268,2024,31.8,29.674960613447517,0.024479855,0,31.98136626040059
20240824,271,2024,31.4,28.652121664489755,0.019251412,0,30.95026637139026
20240824,272,2024,32.1,29.720901729137363,-0.039496765,0,31.926224317450075
20240824,273,2024,32.0,29.638855516129897,-0.0088490555,0,31.892601484716934
20240824,276,2024,34.5,30.869981138858105,0.0042245556,0,33.14438341294079
20240824,277,2024,33.4,28.894253195859875,0.04568658,0,31.2341654689272
20240824,278,2024,34.5,31.298908583407776,-0.06678729,0,33.46111214529799
20240824,279,2024,34.0,31.177269556308875,-0.08166122,0,33.315972309870695
20240824,281,2024,34.6,31.15910913218238,-0.046050772,0,33.354076388597356
20240824,283,2024,36.3,31.110753197165593,-0.013608821,0,33.356978736689044
20240824,284,2024,32.7,30.888793667287718,-0.09586274,0,33.005058016289446
20240824,285,2024,34.7,31.54824145659766,-0.057665978,0,33.72485668823391
20240824,288,2024,34.3,31.848108413997362,-0.02946989,0,34.069273463262775
20240824,289,2024,33.5,31.169801479671968,-0.083744325,0,33.30521292286382
20240824,294,2024,31.8,30.413565264954062,-0.01649182,0,32.65523566694754
20240824,295,2024,32.1,30.507994550183284,-0.021768492,0,32.741327809560254
20240824,296,2024,34.0,31.95819679603072,-0.0124165565,0,34.20630611308317
20240825,90,2024,28.7,26.100916090888717,0.23110405,0,28.733787960023708
20240825,93,2024,31.4,28.418260845879765,0.11766113,0,30.871892912952244
20240825,95,2024,30.0,26.725082574581624,0.11436558,0,29.17350766363105
20240825,98,2024,31.7,29.719446499250278,0.09820874,0,32.142343785295914
20240825,99,2024,31.3,29.335439963806607,0.051479742,0,31.6845054323445
20240825,100,2024,27.3,22.455931066495204,0.35622448,0,25.286493216902127
20240825,101,2024,32.0,29.554948252772242,0.041671127,0,31.888516109847068
20240825,102,2024,28.3,26.075588799717014,0.058265783,0,28.43537621297446
20240825,104,2024,28.9,28.511440454044934,0.20124069,0,31.09712821826049
20240825,105,2024,30.8,29.335338680188798,0.2554256,0,32.006638607948055
20240825,106,2024,30.7,26.19749157780881,0.3073303,0,28.950800944440406
20240825,108,2024,31.5,29.060784494507267,-0.13474567,0,31.115613808488888
20240825,112,2024,31.6,30.346284134768137,-0.0006250143,0,32.61302408845303
20240825,114,2024,31.5,27.978895073530282,0.16839297,0,30.512683444246942
20240825,115,2024,30.2,27.90212545132284,0.44165948,0,30.86767490653647
20240825,119,2024,31.8,29.36495985790471,0.11853753,0,31.81997663207043
20240825,121,2024,32.3,28.726598858626243,0.10955528,0,31.16742367999717
20240825,127,2024,32.4,29.03210924309039,0.027415168,0,31.343152684091056
20240825,129,2024,30.9,28.962230996379336,0.040142186,0,31.293383126524258
20240825,130,2024,28.9,27.217520707640265,0.19749662,0,29.797292847952548
20240825,131,2024,32.4,30.39974412316239,0.020034945,0,32.69912681197837
20240825,133,2024,32.1,31.519864961905068,-0.013391495,0,33.7664338764855
20240825,135,2024,32.5,29.165289355908826,0.05581458,0,31.521203867219967
20240825,136,2024,33.0,29.30857062355725,0.20594867,0,31.901696991710434
20240825,137,2024,32.9,30.30223648626525,0.060007773,0,32.66477624442903
20240825,138,2024,27.5,29.434765683720737,0.0069385655,0,31.713456093533157
20240825,140,2024,31.2,28.04544858928586,0.18963301,0,30.61279622424517
20240825,143,2024,35.1,28.99925110622444,0.083708614,0,31.39923819280671
20240825,146,2024,30.3,26.980158835780884,-0.06312229,0,29.148153097987525
20240825,152,2024,31.8,31.315279987448587,-0.0067935325,0,33.57227368235312
20240825,155,2024,32.1,29.880805937127423,0.05017002,0,32.2278020438594
20240825,156,2024,32.8,28.530393847617795,0.078628145,0,30.92235379325487
20240825,159,2024,32.3,30.271971725070237,-0.005823072,0,32.53049874752446
20240825,162,2024,32.2,29.17316180398424,0.011952955,0,31.45977494960694
20240825,165,2024,30.9,30.497922892186295,0.042847484,0,32.833349393746595
20240825,168,2024,32.1,29.583307788976903,0.040197086,0,31.914546660494768
20240825,169,2024,31.6,27.020480737109256,0.09935609,0,29.445190839566152
20240825,170,2024,34.1,29.847826895315862,0.18608908,0,32.40957512361557
20240825,172,2024,31.1,27.7619638757334,0.17920275,0,30.312831697534197
20240825,174,2024,32.2,30.34237073642013,0.024630267,0,32.649014034840526
20240825,177,2024,29.9,28.8208345326074,0.06867007,0,31.197060722119502
20240825,181,2024,30.8,30.41803404783381,0.02479221,0,32.72493321476362
20240825,184,2024,32.3,31.29555838342574,0.040509034,0,33.62729013335085
20240825,185,2024,29.3,28.896264542296027,0.07134201,0,31.276712388577643
20240825,188,2024,30.9,29.055184373028407,0.4876018,0,32.093322672541355
20240825,189,2024,30.9,26.770838716301093,0.37847242,0,29.63655261238501
20240825,192,2024,34.0,30.208965800567256,0.07387589,0,32.593417181761936
20240825,201,2024,30.2,27.410477552288476,0.06943225,0,29.787907985400945
20240825,202,2024,31.0,29.729126903059083,0.06345553,0,32.0971141159734
20240825,203,2024,31.2,29.678749531879614,0.077624775,0,32.06912415340808
20240825,211,2024,31.7,28.48408949548749,0.1280907,0,30.95420026915825
20240825,212,2024,31.5,29.107583720496077,0.10640903,0,31.54343746129559
20240825,216,2024,27.0,24.65601727315211,0.2782436,0,27.36336963952812
20240825,217,2024,32.6,26.877192194629114,0.26757088,0,29.56768166611243
20240825,221,2024,30.7,29.341784621797352,0.042088114,0,31.67601131777012
20240825,226,2024,31.0,29.870532352002083,0.033899058,0,32.19182033938637
20240825,232,2024,30.8,28.20636433954287,0.08224734,0,30.604042611748547
20240825,235,2024,32.3,29.068409866088825,0.02709486,0,31.378947220590995
20240825,236,2024,31.8,30.932439204112644,0.06326843,0,33.300130800638634
20240825,238,2024,30.7,27.20910890488136,0.28189388,0,29.92222871026513
20240825,239,2024,31.7,30.02779897865041,0.003929709,0,32.30173539529063
20240825,243,2024,30.6,29.79941936547834,0.13039313,0,32.27316799122181
20240825,244,2024,30.6,27.22291948278866,0.18852262,0,29.78851270181865
20240825,245,2024,31.7,27.640715158655482,0.18241994,0,30.196666141452713
20240825,247,2024,33.0,30.78507322800307,0.02231747,0,33.08806230549968
20240825,248,2024,30.1,29.42873384548997,0.077694796,0,31.819219099497634
20240825,252,2024,31.1,28.98877973573186,0.14366668,0,31.48350057373034
20240825,253,2024,32.4,31.258610395729626,0.021307545,0,33.56000379277336
20240825,254,2024,28.6,29.62244233139276,0.10635036,0,32.05820338011512
20240825,255,2024,34.0,32.149215122468995,-0.00047980994,0,34.41618449905099
20240825,257,2024,34.1,29.75632999174275,0.1906366,0,32.32526330396818
20240825,258,2024,33.5,29.95818225958515,0.052258216,0,32.308477716906644
20240825,259,2024,34.5,31.144107015748485,0.08499255,0,33.54612272153074
20240825,260,2024,34.1,30.201523818650454,0.082399376,0,32.59944230860143
20240825,261,2024,32.3,30.744114089752124,0.115814164,0,33.1948279456029
20240825,262,2024,35.1,29.595630990566473,0.10980884,0,32.03685643382842
20240825,263,2024,35.2,31.373754069300848,0.058795594,0,33.73437858360057
20240825,264,2024,33.9,30.581799378203677,0.06937265,0,32.9591356359774
20240825,266,2024,33.9,30.959973807003536,-0.019746114,0,33.19650242385221
20240825,268,2024,31.8,29.652114525224732,0.09034551,0,32.06258790628518
20240825,271,2024,30.8,25.22966441972876,0.33219346,0,28.02225756920013
20240825,272,2024,29.7,26.03936506763733,0.1058373,0,28.474315478587602
20240825,273,2024,31.6,30.273458028567966,0.050725784,0,32.621332243816276
20240825,276,2024,33.0,29.446649374887826,0.2616344,0,32.12775921807047
20240825,277,2024,30.7,28.039429428801807,0.21385539,0,30.64504841462171
20240825,278,2024,35.1,30.34413873956898,0.08446412,0,32.745319522113675
20240825,279,2024,33.9,29.780177678772453,0.20584434,0,32.373139216538995
20240825,281,2024,33.8,29.96203619040413,0.21679749,0,32.572303694488326
20240825,283,2024,33.6,29.312581786666726,0.11930461,0,31.768810550354424
20240825,284,2024,32.1,27.00763587498556,0.11201608,0,29.45234876053233
20240825,285,2024,34.1,30.959444786945024,0.061114,0,33.32373238053632
20240825,288,2024,33.9,31.64010905402101,0.046305034,0,33.980998484517194
20240825,289,2024,33.8,30.39982046976119,0.08384604,0,32.80002468935885
20240825,294,2024,31.4,29.10126300371065,0.05718808,0,31.459347644440165
20240825,295,2024,30.9,29.46882644172636,0.049669024,0,31.815030975306392
20240825,296,2024,33.6,31.117436378014446,0.10069504,0,33.544262011737075
20240826,90,2024,27.5,24.384142631984645,0.87366986,0,28.032268491412182
20240826,93,2024,29.1,25.983721236486968,1.000559,0,29.832331889100693
20240826,95,2024,29.5,26.926758310624074,0.6139585,0,30.16454018210987
20240826,98,2024,30.0,27.610015482210628,0.5728446,0,30.782837465238174
20240826,99,2024,30.6,30.17186011321578,0.29696888,0,32.90879841566127
20240826,100,2024,24.6,21.944668471662087,0.6340761,0,25.21423621513046
20240826,101,2024,28.7,25.142574970284727,1.036321,0,29.04768969604146
20240826,102,2024,25.8,24.51927392566991,0.30847847,0,27.274397391851753
20240826,104,2024,26.7,23.95091864556902,1.1490827,0,28.03419672572257
20240826,105,2024,28.2,25.710912434396608,1.1188483,0,29.746420262322378
20240826,106,2024,26.7,23.554647724851144,-0.35742655,0,25.257641245874026
20240826,108,2024,29.7,26.358087373219053,0.85707486,0,29.979993123183853
20240826,112,2024,29.3,28.16137155430303,0.5779016,0,31.342183561420388
20240826,114,2024,30.1,27.967589808907046,0.83868504,0,31.560439641608816
20240826,115,2024,28.0,24.655819810937665,1.1804851,0,28.788713791607726
20240826,119,2024,30.5,26.072732671235418,1.0502846,0,29.99990985359997
20240826,121,2024,27.9,25.50104506819813,0.29683068,0,28.237765025120748
20240826,127,2024,29.3,27.206984345808998,0.69474614,0,30.572410718027218
20240826,129,2024,30.5,26.493511710484352,0.77588105,0,29.987131248958523
20240826,130,2024,28.9,25.4645983805652,0.90185463,0,29.157256179022433
20240826,131,2024,31.3,27.066002003106124,0.8702847,0,30.708779268344973
20240826,133,2024,31.2,25.891967618954475,0.9555718,0,29.66949849289694
20240826,135,2024,30.0,27.88366547442541,0.45745927,0,30.874178598819913
20240826,136,2024,32.3,30.82949628190829,0.15357284,0,33.33986884931169
20240826,137,2024,31.3,29.697945512987786,0.3582199,0,32.53166041829755
20240826,138,2024,27.0,29.632505667614353,0.47485793,0,32.65050866756389
20240826,140,2024,32.1,29.82203329464089,0.26641563,0,32.510697459708645
20240826,143,2024,33.6,31.80644848193421,0.10547743,0,34.24083029750489
20240826,146,2024,32.4,31.27072961863072,0.2407963,0,33.91891524542372
20240826,152,2024,31.0,29.882938369008627,0.67742,0,33.22098947705906
20240826,155,2024,32.8,30.398021211588684,0.11382781,0,32.845596627188115
20240826,156,2024,31.8,29.776806597473872,0.80225384,0,33.31209514467988
20240826,159,2024,31.8,30.783394972920817,0.09469123,0,33.20073459552575
20240826,162,2024,32.6,29.650853357970462,0.13750827,0,32.13584390579445
20240826,165,2024,30.8,27.84421790744122,1.1369473,0,31.908322076976944
20240826,168,2024,31.4,29.376341050292652,0.5462991,0,32.50722110445667
20240826,169,2024,30.2,27.5146203246913,0.2493414,0,30.176307210572812
20240826,170,2024,33.6,29.759536697814692,0.41252697,0,32.67905677902491
20240826,172,2024,31.8,29.778023859964485,0.47719884,0,32.7997255021679
20240826,174,2024,30.7,29.946524989530058,0.27187818,0,32.643819994780124
20240826,177,2024,30.1,27.132496545874265,0.9691968,0,30.931554960500474
20240826,181,2024,30.2,27.043249977470957,0.8123754,0,30.594530627299953
20240826,184,2024,32.0,29.597421838018672,0.29310128,0,32.32824933817135
20240826,185,2024,31.7,28.609128591588284,0.10383885,0,31.040921456465355
20240826,188,2024,31.7,29.58729692332045,0.2685893,0,32.27939547464157
20240826,189,2024,32.3,28.76147406316519,0.40627688,0,31.67111901252994
20240826,192,2024,33.1,30.877770877277243,0.07741256,0,33.26781019928403
20240826,201,2024,29.9,29.142052799214603,0.26564634,0,31.82950149027285
20240826,202,2024,29.2,25.08348271703953,0.96703327,0,28.879122755219967
20240826,203,2024,29.9,25.355536866665243,1.0113618,0,29.221216046023812
20240826,211,2024,29.4,25.53797194477981,1.0051126,0,29.393777404922986
20240826,212,2024,29.5,24.944758542363775,1.015179,0,28.81646889876626
20240826,216,2024,26.4,24.7344759416758,0.61023855,0,27.966380330270514
20240826,217,2024,30.6,26.149023696213884,0.6870667,0,29.502316517788184
20240826,221,2024,28.7,24.87405981082779,0.8292433,0,28.4519917048203
20240826,226,2024,30.8,27.163920846885365,0.7660506,0,30.64200823509098
20240826,232,2024,30.3,25.59041293701596,0.9765383,0,29.401070928115402
20240826,235,2024,30.7,29.7629385833095,0.7160907,0,33.16208933268302
20240826,236,2024,31.6,26.998433554611424,0.9231663,0,30.724763745436974
20240826,238,2024,30.8,29.18483022742222,0.57812166,0,32.365989929890226
20240826,239,2024,29.2,25.72897601125649,1.0557804,0,29.664836536554695
20240826,243,2024,31.0,27.773913843221415,0.6798557,0,31.115813332314328
20240826,244,2024,31.5,29.53517361750701,0.20981872,0,32.134414672685736
20240826,245,2024,33.5,29.187041075344577,0.24412593,0,31.84048752491055
20240826,247,2024,33.6,30.419203782268305,0.15445064,0,32.9309632698854
20240826,248,2024,31.3,29.639161405291926,0.22075753,0,32.25568577761934
20240826,252,2024,31.6,30.080368918056674,0.5644603,0,33.2399436328843
20240826,253,2024,32.5,30.452839159326587,0.31941038,0,33.22523504186165
20240826,254,2024,32.6,30.26661209931233,0.20169371,0,32.85301564319002
20240826,255,2024,32.4,31.648505494668512,0.030364472,0,33.96420883737755
20240826,257,2024,34.4,30.525555500349626,0.23643535,0,33.166850835571005
20240826,258,2024,32.9,30.662680124906824,0.26072937,0,33.34236000974597
20240826,259,2024,32.9,30.118811083953343,0.6473936,0,33.40942042335753
20240826,260,2024,32.5,29.944086576590873,0.59108746,0,33.1457322404961
20240826,261,2024,31.2,27.943055063636663,0.8875029,0,31.61303713568017
20240826,262,2024,32.2,28.69759493686182,0.19918828,0,31.28003989100686
20240826,263,2024,35.0,31.991995522431207,0.096321635,0,34.411911181936425
20240826,264,2024,33.0,30.87529840780618,0.19103786,0,33.44486570841204
20240826,266,2024,33.3,30.480763905072212,0.05406095,0,32.83390768374213
20240826,268,2024,31.1,29.711189179822643,0.34285474,0,32.52062714252166
20240826,271,2024,28.8,27.020554617975463,0.38998675,0,29.904461164735157
20240826,272,2024,29.8,29.43802948590696,0.64685476,0,32.72778748024889
20240826,273,2024,29.9,29.307651905353808,0.57149017,0,32.478333847983706
20240826,276,2024,33.9,30.070648625836466,0.2886694,0,32.794473765764415
20240826,277,2024,29.9,29.744378032326253,0.2514329,0,32.409369483756656
20240826,278,2024,33.1,31.669106286017875,0.22786671,0,34.29686316289194
20240826,279,2024,32.4,31.487933272373347,0.038592923,0,33.81663756768381
20240826,281,2024,32.5,30.633972041332655,0.42120624,0,33.56720537031891
20240826,283,2024,32.7,28.890171606726156,1.0465462,0,32.81144211184461
20240826,284,2024,31.5,30.484279998108704,0.14008994,0,32.9733495859236
20240826,285,2024,33.9,30.95884975518432,0.0896764,0,33.36826594743585
20240826,288,2024,33.9,30.80916020301639,0.2307554,0,33.441481217051226
20240826,289,2024,32.9,31.208819708189722,0.07011535,0,33.58732943777188
20240826,294,2024,29.6,30.132372304657665,0.15039746,0,32.63772777506476
20240826,295,2024,32.0,29.92813877116331,0.120467305,0,32.38620458964007
20240826,296,2024,31.1,30.592497899835074,-0.005116233,0,32.852141727766366
20240827,90,2024,25.6,23.233055926899695,-0.30551687,0,25.0180667504357
20240827,93,2024,26.2,24.56021596124797,-0.46763232,0,26.089084366399423
20240827,95,2024,27.2,25.302059989441073,0.597087,0,28.51318496624303
20240827,98,2024,26.7,23.311740630382452,0.37865278,0,26.177739501041415
20240827,99,2024,27.2,24.351657635165115,0.74661875,0,27.79904273283576
20240827,100,2024,21.2,19.990960346510725,-0.58150756,0,21.339905872323914
20240827,101,2024,25.4,25.112611249206413,-0.6243813,0,26.393816265509564
20240827,102,2024,27.3,24.688758245098363,0.1750795,0,27.233111323034624
20240827,104,2024,24.5,22.39227807029846,-0.20973249,0,24.32862821586501
20240827,105,2024,25.9,23.71969147143589,-0.6464299,0,24.96605971148248
20240827,106,2024,24.8,23.245695410824123,-0.9305432,0,24.043164655948072
20240827,108,2024,27.4,23.65399192978432,0.16116752,0,26.176364083412277
20240827,112,2024,28.1,26.136223167552245,0.56779015,0,29.301059081854206
20240827,114,2024,25.7,23.360726313615324,-0.97651696,0,24.0855569898611
20240827,115,2024,23.9,22.40012310737373,1.4016011,0,26.88238028393994
20240827,119,2024,26.4,22.813452737577236,-0.7567638,0,23.885493384774094
20240827,121,2024,24.0,23.913574597562178,-1.0382031,0,24.54094114388318
20240827,127,2024,25.2,23.462747073647297,-1.0822794,0,24.020473028823737
20240827,129,2024,24.9,23.75870776073573,-1.0299125,0,24.399173531624147
20240827,130,2024,24.9,24.893298404686746,-0.8424524,0,25.8299510780982
20240827,131,2024,27.4,23.440816264928436,-0.13392717,0,25.49693881820554
20240827,133,2024,28.2,24.550421289948652,0.42220402,0,27.4852311141055
20240827,135,2024,26.8,22.83893723059516,0.023180522,0,25.143289931681053
20240827,136,2024,24.1,24.87965123202217,-1.3133961,0,25.072212876266452
20240827,137,2024,28.0,24.574607922608074,-0.53631866,0,25.99495191643884
20240827,138,2024,25.6,25.109424792240244,-1.1223319,0,25.603867933390806
20240827,140,2024,28.9,24.152282075942964,0.21135014,0,26.753942778100072
20240827,143,2024,27.2,25.217665740905872,-0.17829423,0,27.20368833927985
20240827,146,2024,30.2,24.76731416402831,0.85051966,0,28.378862698588602
20240827,152,2024,25.8,25.79730779289639,-0.1435683,0,27.838197343868462
20240827,155,2024,30.8,28.23900863632902,0.8041029,0,31.777218690893584
20240827,156,2024,31.2,27.571532053380604,0.5861473,0,30.765372276859964
20240827,159,2024,31.4,26.72748890204035,0.8375244,0,30.318504952546075
20240827,162,2024,31.6,26.23390593810772,0.78661835,0,29.744490410454116
20240827,165,2024,30.7,28.213803969887547,0.28324398,0,30.92905694086923
20240827,168,2024,31.2,27.289409076081828,0.65904963,0,30.59843496802966
20240827,169,2024,30.2,26.218435928634214,0.40415537,0,29.12472889516701
20240827,170,2024,34.9,29.423684269372202,0.25363034,0,32.09214768301612
20240827,172,2024,31.1,26.455769131553165,1.0511811,0,30.384362711012443
20240827,174,2024,30.4,28.90384344219284,0.50625205,0,31.97144915811147
20240827,177,2024,25.6,24.234944560290483,-0.39287403,0,25.881931065608256
20240827,181,2024,25.5,23.282264333156164,-0.055470433,0,25.462348525167013
20240827,184,2024,31.3,28.314986977289102,0.36573008,0,31.160567975280753
20240827,185,2024,30.3,25.6778523395794,0.26894104,0,28.37050666666212
20240827,188,2024,31.4,28.207196651142212,0.69971955,0,31.580481013625324
20240827,189,2024,33.2,28.56119355100195,0.5743809,0,31.73644280921031
20240827,192,2024,31.8,26.235235218774577,0.7184216,0,29.638068788945066
20240827,201,2024,27.8,23.60407656532793,0.607896,0,26.832279674759285
20240827,202,2024,25.7,24.01791507572607,-1.0365539,0,24.647887453670148
20240827,203,2024,24.9,23.274248648087305,-1.0861218,0,23.82590368422688
20240827,211,2024,25.4,22.827749194467565,-0.5060349,0,24.295941511881935
20240827,212,2024,25.3,22.59197125459925,-0.71376705,0,23.731946789205317
20240827,216,2024,20.4,21.291619845288384,-0.99527955,0,21.986805631702616
20240827,217,2024,24.9,23.199355310647555,-0.9334177,0,23.992282855885183
20240827,221,2024,23.9,22.342140087960832,-1.152277,0,22.7892699156272
20240827,226,2024,27.2,22.91435209953109,0.37354097,0,25.772274304788592
20240827,232,2024,26.5,22.876143884449725,-0.12503013,0,24.946323755102963
20240827,235,2024,28.5,24.732487977787393,-0.02443672,0,26.961605436923726
20240827,236,2024,28.0,23.969119200213527,0.27925998,0,26.678077444465817
20240827,238,2024,28.9,24.533949648672642,1.0629805,0,28.48118636654058
20240827,239,2024,27.1,23.515644694237437,0.214071,0,26.121604359345252
20240827,243,2024,29.7,25.189875227570504,-0.043106597,0,27.389494280728755
20240827,244,2024,29.2,23.982599493792307,0.33384106,0,26.77779583797727
20240827,245,2024,31.4,26.548842930188943,0.45651513,0,29.537864317217725
20240827,248,2024,28.4,23.766916371619555,0.70744395,0,27.152405292952
20240827,252,2024,30.7,26.56972179118678,0.97667754,0,30.38059977587753
20240827,253,2024,30.3,24.624075524193525,0.98069763,0,28.44130525878128
20240827,254,2024,30.6,24.59211668116826,0.73224175,0,28.016786122081548
20240827,255,2024,30.9,26.648467735429726,0.977973,0,30.461392526932766
20240827,257,2024,30.0,27.408438021121977,0.69293594,0,30.771004288302507
20240827,258,2024,33.2,29.86974705266487,0.21404095,0,32.47565922985812
20240827,259,2024,33.3,30.41163840104245,0.22119637,0,33.028856139301375
20240827,260,2024,32.9,30.086819119235894,0.21485914,0,32.6940240413041
20240827,261,2024,32.9,28.916479914135206,0.29873213,0,31.656204158539133
20240827,262,2024,31.6,29.51304063188886,0.2784444,0,32.2207102749811
20240827,263,2024,32.6,26.868526726250774,0.6953758,0,30.234947966747498
20240827,264,2024,31.7,27.322472881003556,0.6391815,0,30.6001071189368
20240827,266,2024,31.6,28.13252911837547,0.55897963,0,31.28344441080548
20240827,268,2024,29.2,29.249986577003256,0.35971355,0,32.0860614692143
20240827,271,2024,24.7,21.94588239033291,-0.52679014,0,23.38128144216615
20240827,272,2024,26.7,23.3330108416965,-0.9392561,0,24.116713724153364
20240827,273,2024,27.8,24.01061400487589,-0.78092897,0,25.044473709537346
20240827,276,2024,25.3,24.018897862379664,-0.16357726,0,26.028173270099362
20240827,277,2024,24.0,24.167644671380575,0.20967215,0,26.76665414940133
20240827,278,2024,28.7,24.434159970365744,0.16870728,0,26.96844495118744
20240827,279,2024,28.6,23.944586287554113,0.6375698,0,27.21967402432769
20240827,281,2024,27.0,25.757458647832223,0.7940811,0,29.27983424929086
20240827,283,2024,25.9,25.743966680985316,-0.63627636,0,27.006377501636457
20240827,284,2024,30.3,24.54318937916996,0.4878725,0,27.58175542307149
20240827,285,2024,31.4,26.967836134303813,0.5414951,0,30.091125844515652
20240827,288,2024,31.2,27.0763398238566,0.7368754,0,30.508330455603932
20240827,289,2024,30.7,27.99020673054252,0.58808494,0,31.187108405933806
20240827,294,2024,30.7,27.744629971529246,0.7247654,0,31.157486811353056
20240827,295,2024,31.0,27.54059102614247,0.7994865,0,31.07150720072122
20240827,296,2024,30.1,25.924867276124843,0.81993556,0,29.488092937569593
20240828,90,2024,29.4,27.470153696948035,0.4292115,0,30.416035338979793
20240828,93,2024,31.9,28.71250719700103,0.24600184,0,31.36891757991566
20240828,95,2024,31.4,26.22810623748176,0.30110106,0,28.971573386548773
20240828,99,2024,31.1,27.886615129555075,0.20914769,0,30.48479595877021
20240828,100,2024,22.4,21.202272723381714,0.62131786,0,24.451682423942373
20240828,101,2024,31.2,29.443057096202377,0.24208942,0,32.093285856969445
20240828,102,2024,29.3,24.70734945638084,0.10889813,0,27.147135982870186
20240828,104,2024,26.4,25.26296866274061,0.6335083,0,28.5316392919321
20240828,105,2024,27.9,25.972922132146735,0.64772415,0,29.264053767979608
20240828,106,2024,25.3,21.942069609814776,0.6207628,0,25.190602349621038
20240828,108,2024,32.5,28.87921149055077,0.16294168,0,31.404386820224147
20240828,112,2024,32.7,28.747749556082926,0.1392537,0,31.235497887439063
20240828,114,2024,31.0,27.373234434864056,0.4317069,0,30.323058821627715
20240828,115,2024,26.8,26.507851273692847,0.7318864,0,29.931959241236537
20240828,119,2024,31.3,28.41868830455848,0.20683178,0,31.013209998074345
20240828,121,2024,29.8,26.777837997303056,0.43005276,0,29.725048830065862
20240828,127,2024,31.3,27.87043263620499,0.29467738,0,30.60375036775243
20240828,129,2024,31.0,27.684758432770497,0.26908055,0,30.37763317723355
20240828,130,2024,26.1,24.792029509426076,0.62471104,0,28.046800423670813
20240828,131,2024,31.5,28.333025876849753,0.38551146,0,31.209861456650447
20240828,133,2024,29.4,27.356144464597183,0.4447369,0,30.326556239637895
20240828,135,2024,26.8,26.01129426942183,0.37559938,0,28.872468772915223
20240828,136,2024,30.1,27.022329981051413,0.5656434,0,30.183774076353128
20240828,137,2024,28.9,26.065672071986917,0.44886696,0,29.04260935042462
20240828,138,2024,27.0,25.329604076003367,0.5943712,0,28.536438047670742
20240828,140,2024,32.5,30.168817848479268,0.30479005,0,32.91811360343655
20240828,143,2024,29.1,26.04717845112653,0.43294883,0,28.998965075248282
20240828,146,2024,33.3,30.023306485361598,0.39888817,0,32.921277271384824
20240828,152,2024,27.1,26.44792574797205,0.576846,0,29.627069909840234
20240828,155,2024,28.9,26.540956586951193,0.04005863,0,28.87197670092907
20240828,156,2024,31.9,30.684485450832266,0.3546709,0,33.51259296812247
20240828,159,2024,29.8,26.245282955551605,0.33357352,0,29.04005659372861
20240828,162,2024,30.8,28.2103534776854,0.43029082,0,31.15794044675115
20240828,165,2024,32.7,28.604376925006108,0.4231572,0,31.540692754092497
20240828,168,2024,30.2,28.98509430189944,0.44658786,0,31.958430597909544
20240828,169,2024,30.5,27.136975568366232,0.37132376,0,29.991394592285424
20240828,170,2024,31.5,29.692001291603777,0.4547731,0,32.678270263094724
20240828,172,2024,33.5,29.812690452491616,0.38409433,0,32.687286966525974
20240828,174,2024,30.4,29.517804786736384,0.3569583,0,32.34952637682627
20240828,177,2024,31.3,28.645052077569336,0.2932489,0,31.376112802948413
20240828,181,2024,29.3,27.23106584121787,0.36901844,0,30.08184244556042
20240828,184,2024,29.0,26.397570452458098,0.3086228,0,29.15292196422271
20240828,185,2024,29.3,28.452055982532524,0.5080198,0,31.522454750647654
20240828,188,2024,29.5,29.565364238887344,0.46530065,0,32.568266741233465
20240828,189,2024,31.4,29.36908854746796,0.49935618,0,32.425798788833475
20240828,192,2024,30.6,29.052074219140415,0.48799807,0,32.09083864339301
20240828,201,2024,30.2,26.87307453780175,0.19672133,0,29.451621715939137
20240828,202,2024,31.5,28.1947021251847,0.24155676,0,30.844089288037075
20240828,203,2024,31.5,28.383793502934772,0.24891019,0,31.044799077328133
20240828,211,2024,29.3,26.57755896350935,0.4924731,0,29.623393930931922
20240828,212,2024,32.4,28.356578552886848,0.2564013,0,31.029420083853694
20240828,216,2024,23.2,21.17083592530193,0.5218632,0,24.263107292541967
20240828,217,2024,28.6,26.45758912671889,0.51185274,0,29.534043934167364
20240828,221,2024,29.0,28.20021674572196,0.32672924,0,30.98417641810154
20240828,226,2024,28.1,27.54058672048381,0.41435385,0,30.46299327582657
20240828,232,2024,31.6,28.175800296497147,0.32570642,0,30.95814392006386
20240828,235,2024,33.3,28.887793570886366,0.2939828,0,31.620013877211413
20240828,236,2024,32.0,29.56173845898114,0.31424195,0,32.325968209542935
20240828,238,2024,30.6,28.208608203787616,0.3912876,0,31.09457008022775
20240828,239,2024,29.7,27.681950476883173,0.3630876,0,30.523356352494567
20240828,243,2024,32.8,30.135519283952693,0.36409083,0,32.97851027177817
20240828,244,2024,30.8,28.75776323882385,0.2828467,0,31.472388484085126
20240828,245,2024,34.2,30.314928774171175,0.3211279,0,33.09003831909218
20240828,247,2024,30.1,29.691346254152354,0.32460597,0,32.471951165527486
20240828,248,2024,28.3,27.35730898835272,0.37136212,0,30.211788614102396
20240828,252,2024,32.8,28.098892750170993,0.46391672,0,31.099608642414466
20240828,253,2024,29.8,26.15952485429329,0.540138,0,29.280670380392582
20240828,254,2024,31.5,29.888182425913286,0.32550436,0,32.670206795081654
20240828,255,2024,30.3,26.317703185177994,0.41712022,0,29.244480606342595
20240828,257,2024,28.2,26.07798083926022,-0.28009787,0,27.90315367775747
20240828,258,2024,32.4,29.70545545640479,0.37541676,0,32.566341406660264
20240828,259,2024,34.3,30.48863680124756,0.47135675,0,33.50110794179921
20240828,260,2024,32.5,29.920463521082354,0.42543688,0,32.86038127434973
20240828,261,2024,33.1,29.669135390752317,0.41239,0,32.5884390570341
20240828,262,2024,31.7,28.336204637219804,0.46791264,0,31.34323409126042
20240828,263,2024,31.3,26.91642607949635,0.40145162,0,29.81844711140066
20240828,264,2024,29.7,27.464162836767002,0.46301678,0,30.463456822658433
20240828,266,2024,30.9,29.834261953379308,0.3766942,0,32.69716626949477
20240828,268,2024,33.1,29.352783328875752,0.42071784,0,32.28524498513633
20240828,271,2024,27.9,25.20139596519451,0.6147485,0,28.440426036620035
20240828,272,2024,29.3,27.5797420533343,0.41600218,0,30.50475298058239
20240828,273,2024,28.8,25.55617889370968,0.50003815,0,28.61396664221345
20240828,276,2024,28.0,25.383928584934566,0.58657634,0,28.57844668250221
20240828,277,2024,28.5,27.038147513416245,0.627308,0,30.29702164717011
20240828,278,2024,30.6,26.772089639077134,0.5649259,0,29.932400051651037
20240828,279,2024,29.5,25.683767786979256,0.5102711,0,28.75772355763879
20240828,281,2024,28.8,26.43481525621469,0.5253558,0,29.532604921603838
20240828,283,2024,25.6,25.55258061509788,0.15276656,0,28.061679249150245
20240828,284,2024,27.9,26.29879549153864,0.3916284,0,29.18529586256572
20240828,285,2024,28.9,27.27493500814768,0.29442537,0,30.00785456636291
20240828,288,2024,29.4,27.932969246375496,0.55466795,0,31.077072083151364
20240828,289,2024,28.5,27.21135893712908,-0.048474725,0,29.402496347385433
20240828,294,2024,27.2,25.516177949398692,-0.013736397,0,27.762201918381475
20240828,295,2024,29.2,28.350700361124474,0.37294197,0,31.20767615131526
20240828,296,2024,28.3,26.755097960709087,0.11661869,0,29.207082971738416
20240829,90,2024,26.8,23.541689416188568,0.64101946,0,26.822227644867358
20240829,93,2024,30.4,27.51960387467375,0.3765929,0,30.382348139801017
20240829,95,2024,30.0,26.666713584457565,0.2983864,0,29.4058915648091
20240829,98,2024,30.8,28.326305680065847,0.25527036,0,30.99736032815534
20240829,99,2024,30.8,28.633359674815736,0.18005198,0,31.185569283299138
20240829,100,2024,21.0,20.53334311321769,0.26734117,0,23.223469632945484
20240829,101,2024,30.0,30.099572443293734,0.32006806,0,32.87300745651651
20240829,102,2024,27.8,24.782608968477714,0.14872101,0,27.28531563976343
20240829,104,2024,24.1,22.440587663062875,0.2085252,0,25.03778494858399
20240829,105,2024,25.0,24.059615048952868,0.20672765,0,26.653972218151946
20240829,106,2024,23.5,22.342810061318026,0.009021539,0,24.6247915696059
20240829,108,2024,33.0,30.0682059163685,0.22801413,0,32.6961957123991
20240829,112,2024,32.1,29.53549264148919,0.116987154,0,31.988059820918807
20240829,114,2024,31.7,25.804042337464757,0.5465592,0,28.93533337280706
20240829,115,2024,26.1,26.518104333352507,0.8795984,0,30.17559724867299
20240829,119,2024,32.0,29.88585737656207,0.23071016,0,32.51810691151479
20240829,121,2024,27.2,25.356861358925954,0.51404667,0,28.436782572242958
20240829,127,2024,31.9,28.227368560656835,0.48247513,0,31.25740674510898
20240829,129,2024,32.0,27.970628676666905,0.24006821,0,30.617663928153295
20240829,130,2024,27.0,25.004042794342947,0.72317576,0,28.414387977882424
20240829,131,2024,33.0,30.111345515103263,0.48967186,0,33.15275452413083
20240829,133,2024,30.8,25.73645833306083,0.5389079,0,28.855660268519102
20240829,135,2024,29.2,27.414895883370487,0.54472554,0,30.543289708591637
20240829,136,2024,29.7,29.046449997327183,0.54356885,0,32.173016255924644
20240829,137,2024,31.5,26.37250048666195,0.50405896,0,29.43664111516679
20240829,138,2024,28.1,28.918148096742417,0.6999887,0,32.2918577550553
20240829,140,2024,33.5,30.174417219453975,0.3449965,0,32.98723918460013
20240829,143,2024,32.3,29.76763233035757,0.4016328,0,32.66993960820399
20240829,146,2024,33.8,28.22848132060937,0.47661987,0,31.249268190659887
20240829,152,2024,28.6,27.46061131654641,0.6204573,0,30.708661313566264
20240829,155,2024,31.4,27.4069565584179,0.49382254,0,30.45492365550966
20240829,156,2024,33.6,31.12327117428436,0.3953252,0,34.01561248817109
20240829,159,2024,32.4,30.137709373327862,0.4309863,0,33.08639518024609
20240829,162,2024,33.1,29.03510441836827,0.41272104,0,31.95493113448145
20240829,165,2024,31.1,29.48811386263675,0.40884364,0,32.40181428461388
20240829,168,2024,31.0,26.653721498176633,0.52011,0,29.743222792002822
20240829,169,2024,29.0,26.021472224645656,0.33239385,0,28.814381991605888
20240829,170,2024,35.0,28.1790156230897,0.55733097,0,31.32732602565002
20240829,172,2024,33.2,29.627245616042032,0.45322323,0,32.61106579328726
20240829,174,2024,31.2,29.702683782048638,0.36970413,0,32.55454377948811
20240829,177,2024,31.0,28.991524202765433,0.3061388,0,31.742951004375513
20240829,181,2024,30.9,30.100862894073153,0.4393017,0,33.06268705541204
20240829,184,2024,32.3,28.405069302152935,0.5249933,0,31.502286193131834
20240829,185,2024,30.4,28.449717434180414,0.43136418,0,31.39900031274629
20240829,188,2024,32.0,29.20059243666666,0.388298,0,32.08183076064135
20240829,189,2024,33.5,29.464177625956875,0.37017116,0,32.31677553426308
20240829,192,2024,32.2,30.109188625511155,0.3930112,0,32.997873817309454
20240829,201,2024,30.0,27.287815868084703,0.16040753,0,29.80898723905599
20240829,202,2024,32.2,28.92923440222388,0.35540822,0,31.758506868454358
20240829,203,2024,31.4,29.71894320736447,0.43104386,0,32.66771998765993
20240829,211,2024,28.3,24.9743733251513,0.51206136,0,28.051157746285384
20240829,212,2024,30.0,28.392837353516974,0.4886535,0,31.43263737688208
20240829,216,2024,21.7,21.212922737760927,0.11237582,0,23.658204006792776
20240829,217,2024,27.3,25.780154252816352,0.5006616,0,28.838927075363397
20240829,221,2024,27.8,24.043011010470444,0.48088577,0,27.070538009514948
20240829,226,2024,30.1,24.903348809883845,0.39738193,0,27.798939738009313
20240829,232,2024,31.9,29.736818636183727,0.37585816,0,32.59840200191028
20240829,235,2024,32.9,28.387762633462376,0.339539,0,31.191961716242346
20240829,236,2024,33.0,29.948371416309044,0.37077135,0,32.80191762318874
20240829,238,2024,31.1,29.235484515749395,0.42573518,0,32.175873569499515
20240829,239,2024,32.2,27.84880253596669,0.40765667,0,30.76062755024805
20240829,243,2024,33.9,30.031847152574358,0.3843529,0,32.90685219922819
20240829,244,2024,31.4,26.45371669732463,0.46034652,0,29.448791675127946
20240829,245,2024,33.4,29.568514855056286,0.47315547,0,32.583827971892916
20240829,247,2024,33.2,30.28704186392791,0.39859504,0,33.18454949563519
20240829,248,2024,29.9,28.95433203071763,0.40146747,0,31.856378113262043
20240829,252,2024,33.5,29.742685233441176,0.41774106,0,32.67044358493414
20240829,253,2024,31.3,30.200701037551273,0.5923544,0,33.40434849245687
20240829,254,2024,33.5,30.133996981121996,0.4204563,0,33.066045395996156
20240829,255,2024,33.5,30.927586054846262,0.49538317,0,33.97801894483239
20240829,257,2024,32.2,28.760011180933827,0.6404097,0,32.039585995897255
20240829,258,2024,32.3,30.097573423440593,0.3894377,0,32.980612474067435
20240829,259,2024,34.6,30.690707131717538,0.49263707,0,33.736801175497
20240829,260,2024,34.3,30.073025521799924,0.4874305,0,33.11089320847699
20240829,261,2024,34.1,30.019873111237658,0.46879622,0,33.028298620499825
20240829,262,2024,34.7,29.768199259687826,0.47835463,0,32.79172705588485
20240829,263,2024,32.8,30.99403190316573,0.39390108,0,33.884123085683825
20240829,264,2024,31.6,27.667081192397415,0.52870834,0,30.77016784388962
20240829,266,2024,32.3,26.59267246926339,0.4087271,0,29.506188778453275
20240829,268,2024,30.9,29.69218487331033,0.4292446,0,32.63811882974276
20240829,271,2024,28.0,23.293231182825735,0.59713304,0,26.504428862989204
20240829,272,2024,29.2,25.117891416983287,0.56384206,0,28.276489345197447
20240829,273,2024,28.9,25.41312821888446,0.51570773,0,28.495673910541612
20240829,276,2024,30.6,28.12821821094575,0.5436449,0,31.254904637275448
20240829,277,2024,27.2,26.639137626440824,0.5310044,0,29.74585210033217
20240829,278,2024,32.0,30.27769234857131,0.3614875,0,33.116570087214086
20240829,279,2024,32.9,28.802185858961003,0.4703883,0,31.813126838608728
20240829,281,2024,31.2,30.558612032470666,0.4609455,0,33.55463337825303
20240829,283,2024,28.4,25.869633685701338,0.53817856,0,28.987683291714724
20240829,284,2024,30.3,25.811992068277245,0.52740765,0,28.913023625527355
20240829,285,2024,32.5,29.49938921725467,0.5066292,0,32.56759087471688
20240829,288,2024,31.8,28.995720368056315,0.5921134,0,32.19898697789203
20240829,289,2024,30.3,28.537139461876396,0.5476446,0,31.67014543013725
20240829,294,2024,30.9,27.057101381131165,0.55117667,0,30.195687991615376
20240829,295,2024,30.7,28.720897595298535,0.49572924,0,31.771877267301413
20240829,296,2024,31.7,30.031317379151545,0.6660055,0,33.35133353313093
20240830,90,2024,27.2,25.622843843879636,0.5179595,0,28.708947291483902
20240830,93,2024,31.6,28.79639916766215,0.29474822,0,31.52982882659969
20240830,95,2024,31.0,27.480162792263265,0.22144574,0,30.097774536595665
20240830,98,2024,32.0,28.376531313267733,0.18280427,0,30.933089538649195
20240830,99,2024,30.9,28.210190082612346,0.15803106,0,30.727606635740198
20240830,100,2024,23.7,21.367433687449278,0.5687288,0,24.533752674985795
20240830,101,2024,32.4,30.393939542961174,0.21175304,0,32.99623682332053
20240830,102,2024,27.0,22.394821633278116,0.2566676,0,25.068083939658475
20240830,104,2024,27.3,26.93281705830817,0.5553427,0,30.07798595991863
20240830,105,2024,28.1,27.222083238134097,0.6797116,0,30.563755011257925
20240830,106,2024,29.0,24.994762825187998,0.67528105,0,28.329434357032223
20240830,108,2024,32.7,29.251580035396955,0.11669147,0,31.703680034514893
20240830,112,2024,31.5,29.48565691085404,0.078987256,0,31.878184251135135
20240830,114,2024,32.3,28.305377070184168,0.37335405,0,31.163003941579365
20240830,115,2024,25.7,24.093954820737352,0.9156811,0,27.808458472523288
20240830,119,2024,32.1,29.243860098278308,0.13742988,0,31.728726781988016
20240830,121,2024,32.0,28.289760614552307,0.4538561,0,31.27458074554433
20240830,127,2024,33.1,27.99367669740773,0.31949648,0,30.766208616219615
20240830,129,2024,31.5,27.903982425697627,0.16935374,0,30.43928880869952
20240830,130,2024,29.2,27.060695205708193,0.5912342,0,30.262572729297414
20240830,131,2024,32.6,29.651298478974145,0.30621684,0,32.40284855610264
20240830,133,2024,33.0,30.265786552698582,0.20076458,0,32.850722067852075
20240830,135,2024,29.7,25.717867532197587,0.49001116,0,28.75981263434096
20240830,136,2024,32.7,30.392767684270375,0.5049906,0,33.4583802733198
20240830,137,2024,32.8,29.43672833060752,0.31721386,0,32.20565371064682
20240830,138,2024,29.9,29.57515633614665,0.49647704,0,32.62731753194942
20240830,140,2024,31.8,28.454892732886172,0.25927168,0,31.132269465640967
20240830,143,2024,33.0,31.115883965642002,0.39477164,0,34.007350626070135
20240830,146,2024,32.5,30.335186925941215,0.2611068,0,33.01546312902529
20240830,152,2024,30.0,28.105745019466177,0.93855095,0,31.856382995325905
20240830,155,2024,33.8,28.957539376323208,0.52009225,0,32.04701260589845
20240830,156,2024,32.0,30.97918051438294,0.2912619,0,33.70710181066961
20240830,159,2024,33.5,30.302654746463187,0.54653656,0,33.43390999517676
20240830,162,2024,33.3,29.200979683487038,0.4620721,0,32.19878108443469
20240830,165,2024,29.9,29.18420314719988,0.2521874,0,31.850386717155793
20240830,168,2024,33.6,30.10768934397803,0.3463422,0,32.922637505747026
20240830,169,2024,29.4,25.896412082721454,0.36017975,0,28.733223567344496
20240830,170,2024,34.8,30.166024130091728,0.3194442,0,32.93847345713153
20240830,172,2024,31.7,29.203334946358655,0.28176638,0,31.91625331069285
20240830,174,2024,30.7,29.855719576461226,0.31599307,0,32.62271610430002
20240830,177,2024,31.0,27.970549171426608,0.314227,0,30.734755331066054
20240830,181,2024,30.8,29.67256579940296,0.3396613,0,32.47695812997804
20240830,184,2024,32.4,30.09664643697258,0.39716634,0,32.99189673289781
20240830,185,2024,29.2,27.797846358054997,0.3522642,0,30.62215126351735
20240830,188,2024,31.9,28.67501759793915,0.36448964,0,31.518638712956175
20240830,189,2024,33.6,29.36323997284214,0.35236555,0,32.18770502346803
20240830,192,2024,33.7,30.55757982740242,0.43641374,0,33.51484100522843
20240830,201,2024,30.2,27.182308339580835,0.15073049,0,29.688189991149336
20240830,202,2024,32.2,28.416779319887734,0.2376371,0,31.05997341828889
20240830,203,2024,33.3,27.839321866847577,0.32055047,0,30.613519088174492
20240830,211,2024,32.3,27.90796321151774,0.3246449,0,30.688629619389072
20240830,212,2024,31.8,28.84653108905182,0.28750882,0,31.568522493871395
20240830,216,2024,24.9,25.10838343462189,0.67460084,0,28.441980237500356
20240830,217,2024,30.4,28.621410698665947,0.46706265,0,31.627097165288387
20240830,221,2024,32.4,27.240107924111854,0.46660766,0,30.24507550328598
20240830,226,2024,31.8,28.94803621404216,0.32706118,0,31.73252034888321
20240830,232,2024,31.8,28.322555129388952,0.2891019,0,31.047063605574838
20240830,235,2024,33.9,27.861525810865665,0.22408997,0,30.48331543220698
20240830,236,2024,32.9,28.527097156615515,0.3148967,0,31.29236142327343
20240830,238,2024,32.8,29.43826988560249,0.27988473,0,32.14821522866784
20240830,239,2024,32.0,28.451376889334565,0.33850768,0,31.2539465033159
20240830,243,2024,31.4,29.646973180706397,0.26060882,0,32.326462595922926
20240830,244,2024,31.4,28.491717380661342,0.2902758,0,31.218080640143814
20240830,245,2024,32.4,27.651437928616726,0.36016673,0,30.488228835928254
20240830,247,2024,32.9,29.829958018787686,0.36904907,0,32.68078302925434
20240830,248,2024,30.9,28.580879809793405,0.3064811,0,31.332847413286228
20240830,252,2024,31.5,28.994258282050158,0.27672675,0,31.699214027318114
20240830,253,2024,34.0,30.856388914878007,0.54170537,0,33.98001087568494
20240830,254,2024,32.3,29.95770655985157,0.29880193,0,32.697541083577164
20240830,255,2024,34.0,31.033682726535638,0.4698655,0,34.04379769428723
20240830,257,2024,33.6,30.718084913053023,0.5344025,0,33.83016832300623
20240830,258,2024,33.8,29.445530019276173,0.32419044,0,32.22547838727724
20240830,259,2024,34.3,30.39666361519678,0.3236209,0,33.17571209074847
20240830,260,2024,33.1,30.240604027427416,0.3126428,0,33.00230714782602
20240830,261,2024,32.7,29.94047886897267,0.3091999,0,32.69674218636701
20240830,262,2024,34.7,30.220297919323702,0.3523157,0,33.04468419227873
20240830,263,2024,33.9,31.151569532263274,0.41088367,0,34.0684931993843
20240830,264,2024,33.4,29.018009710593333,0.43207115,0,31.968409602852063
20240830,266,2024,33.8,28.81197820347633,0.43694025,0,31.770071279157147
20240830,268,2024,30.3,29.544422528420785,0.31269038,0,32.30620080073971
20240830,271,2024,28.1,24.87576655623172,0.6687622,0,28.20013831962807
20240830,272,2024,31.0,29.023247655585067,0.43307498,0,31.975233601811272
20240830,273,2024,32.3,28.843543828410546,0.34750566,0,31.66033024570418
20240830,276,2024,32.5,29.320597637032932,0.5172776,0,32.40562371876195
20240830,277,2024,29.8,28.352246646664778,0.5951632,0,31.5603320202334
20240830,278,2024,33.2,29.098669328151395,0.5159304,0,32.1815668588741
20240830,279,2024,33.7,29.74610662525358,0.36927313,0,32.59728564081858
20240830,281,2024,34.1,28.5545541934411,0.6448358,0,31.84112228070906
20240830,283,2024,31.5,30.489966905905142,0.5536159,0,33.63240754795216
20240830,284,2024,32.4,29.890830569296856,0.31412208,0,32.65487093325244
20240830,285,2024,34.1,30.77287679497923,0.39617673,0,33.66656349775527
20240830,288,2024,33.5,31.617264152462194,0.46930578,0,34.6264947666953
20240830,289,2024,33.5,30.167408325076654,0.43271434,0,33.118824463415784
20240830,294,2024,31.9,29.656844919365966,0.5547545,0,32.80108449873369
20240830,295,2024,34.0,30.483187575058125,0.37734032,0,33.347112751845586
20240830,296,2024,34.2,31.931981553337465,0.5098045,0,35.005200119445306
